district,taluka,village,village_key,n_rows,n_surveys
AHMEDABAD,BARWALA,ANKEVALIYA,ANKEVALIYA,59,220
AHMEDABAD,BARWALA,BELA(TIMBLA),BELATIMBLA,56,218
AHMEDABAD,BARWALA,CHANCHATIYA,CHANCHATIYA,15,154
AHMEDABAD,BARWALA,CHOKDI,CHOKDI,22,304
AHMEDABAD,BARWALA,DHADHODAR,DHADHODAR,25,85
AHMEDABAD,BARWALA,HEBATPUR(DEVPARA),HEBATPURDEVPARA,76,473
AHMEDABAD,BARWALA,JHARVALIYA,JHARVALIYA,39,87
AHMEDABAD,BARWALA,KAPARIYARI,KAPARIYARI,11,78
AHMEDABAD,BARWALA,KHADASALIYA,KHADASALIYA,29,93
AHMEDABAD,BARWALA,KHAMIDANA,KHAMIDANA,21,36
AHMEDABAD,BARWALA,KHANBHADA,KHANBHADA,73,402
AHMEDABAD,BARWALA,KUNDAL,KUNDAL,86,1189
AHMEDABAD,BARWALA,NABHOY,NABHOY,3,242
AHMEDABAD,BARWALA,NAVADA,NAVADA,60,511
AHMEDABAD,BARWALA,PIMPARIYA,PIMPARIYA,4,82
AHMEDABAD,BARWALA,POLARPUR,POLARPUR,38,306
AHMEDABAD,BARWALA,RAMPURA,RAMPURA,61,190
AHMEDABAD,BARWALA,RANPARI,RANPARI,40,203
AHMEDABAD,BARWALA,REFDA,REFDA,17,149
AHMEDABAD,BARWALA,ROJID,ROJID,101,636
AHMEDABAD,BARWALA,SANGASAR,SANGASAR,30,264
AHMEDABAD,BARWALA,SARANGPUR,SARANGPUR,45,334
AHMEDABAD,BARWALA,SHAHPUR,SHAHPUR,25,145
AHMEDABAD,BARWALA,SOTI,SOTI,39,412
AHMEDABAD,BARWALA,TIMBALA,TIMBALA,9,43
AHMEDABAD,BARWALA,VADHELA,VADHELA,75,325
AHMEDABAD,BARWALA,VAHIYA,VAHIYA,50,109
AHMEDABAD,BAVLA,AADRODA,AADRODA,67,612
AHMEDABAD,BAVLA,AMIPURA,AMIPURA,9,299
AHMEDABAD,BAVLA,BAGODARA,BAGODARA,112,1065
AHMEDABAD,BAVLA,BALDANA,BALDANA,54,478
AHMEDABAD,BAVLA,BHAMSARA,BHAMSARA,46,364
AHMEDABAD,BAVLA,BHAYLA,BHAYLA,146,705
AHMEDABAD,BAVLA,CHHABASAR,CHHABASAR,15,569
AHMEDABAD,BAVLA,CHIYADA,CHIYADA,72,429
AHMEDABAD,BAVLA,DAHEGAMDA,DAHEGAMDA,17,332
AHMEDABAD,BAVLA,DEV DHOLERA,DEVDHOLERA,33,446
AHMEDABAD,BAVLA,DEVDATHAL,DEVDATHAL,19,386
AHMEDABAD,BAVLA,DHEDHAL,DHEDHAL,19,329
AHMEDABAD,BAVLA,DHINGDA,DHINGDA,4,558
AHMEDABAD,BAVLA,DUMALI,DUMALI,18,508
AHMEDABAD,BAVLA,DURGI,DURGI,38,373
AHMEDABAD,BAVLA,GANGAD,GANGAD,89,2628
AHMEDABAD,BAVLA,GUNDANAPARA,GUNDANAPARA,20,131
AHMEDABAD,BAVLA,HASANNAGAR,HASANNAGAR,6,135
AHMEDABAD,BAVLA,JUVAL-RUPAVATI,JUVALRUPAVATI,55,367
AHMEDABAD,BAVLA,KALIVEJI,KALIVEJI,31,354
AHMEDABAD,BAVLA,KALYANGADH,KALYANGADH,89,430
AHMEDABAD,BAVLA,KANOTAR,KANOTAR,19,283
AHMEDABAD,BAVLA,KAVITHA,KAVITHA,58,1417
AHMEDABAD,BAVLA,KAVLA,KAVLA,66,488
AHMEDABAD,BAVLA,KERALA,KERALA,37,350
AHMEDABAD,BAVLA,KESHARDI,KESHARDI,51,804
AHMEDABAD,BAVLA,KOCHARIYA,KOCHARIYA,40,376
AHMEDABAD,BAVLA,LAGDANA,LAGDANA,36,330
AHMEDABAD,BAVLA,MEMAR,MEMAR,5,232
AHMEDABAD,BAVLA,MENI,MENI,34,308
AHMEDABAD,BAVLA,METAL,METAL,76,1910
AHMEDABAD,BAVLA,MITHAPUR,MITHAPUR,57,1533
AHMEDABAD,BAVLA,NANODARA,NANODARA,125,984
AHMEDABAD,BAVLA,RAJODA,RAJODA,110,962
AHMEDABAD,BAVLA,RANESAN,RANESAN,23,332
AHMEDABAD,BAVLA,RASHAM,RASHAM,42,736
AHMEDABAD,BAVLA,ROHIKA,ROHIKA,73,413
AHMEDABAD,BAVLA,RUPAL,RUPAL,51,5011
AHMEDABAD,BAVLA,SALAJADA,SALAJADA,26,480
AHMEDABAD,BAVLA,SANKOD,SANKOD,92,824
AHMEDABAD,BAVLA,SANKODARA,SANKODARA,67,234
AHMEDABAD,BAVLA,SARLA,SARLA,8,142
AHMEDABAD,BAVLA,SHIYAL,SHIYAL,98,806
AHMEDABAD,BAVLA,VASNA (NA.),VASNANA,12,383
AHMEDABAD,BAVLA,VASNA DEDHAL,VASNADEDHAL,25,428
AHMEDABAD,BAVLA,ZEKDA,ZEKDA,36,316
AHMEDABAD,DASKROI,BAKROL BUJRNG,BAKROLBUJRNG,71,613
AHMEDABAD,DASKROI,BHARKUNDA,BHARKUNDA,20,317
AHMEDABAD,DASKROI,BHAT,BHAT,120,2150
AHMEDABAD,DASKROI,BHAVDA,BHAVDA,58,1384
AHMEDABAD,DASKROI,BHUVAL,BHUVAL,24,425
AHMEDABAD,DASKROI,CHANDLAL,CHANDLAL,64,661
AHMEDABAD,DASKROI,CHAVLAJ,CHAVLAJ,24,938
AHMEDABAD,DASKROI,DHAMATVAN,DHAMATVAN,53,1784
AHMEDABAD,DASKROI,GIRAMTHA,GIRAMTHA,81,756
AHMEDABAD,DASKROI,GOVINDDA,GOVINDDA,10,237
AHMEDABAD,DASKROI,KANIYAL,KANIYAL,47,1736
AHMEDABAD,DASKROI,KASINDRA,KASINDRA,68,1665
AHMEDABAD,DASKROI,KUBADTHAL,KUBADTHAL,39,931
AHMEDABAD,DASKROI,KUHA,KUHA,107,1872
AHMEDABAD,DASKROI,LALPUR,LALPUR,10,146
AHMEDABAD,DASKROI,MAHIJADA,MAHIJADA,96,869
AHMEDABAD,DASKROI,MIROLI,MIROLI,94,931
AHMEDABAD,DASKROI,NAVAPUR,NAVAPUR,27,331
AHMEDABAD,DASKROI,OD,OD,14,679
AHMEDABAD,DASKROI,PALDI-KANKAJ,PALDIKANKAJ,123,970
AHMEDABAD,DASKROI,PASUNJ,PASUNJ,35,813
AHMEDABAD,DASKROI,RANODARA,RANODARA,10,693
AHMEDABAD,DASKROI,TIMBA,TIMBA,50,525
AHMEDABAD,DASKROI,UNDREL,UNDREL,3,723
AHMEDABAD,DASKROI,VADOD,VADOD,51,559
AHMEDABAD,DASKROI,VASAI,VASAI,26,1107
AHMEDABAD,DASKROI,VEHLAL,VEHLAL,26,1295
AHMEDABAD,DETROJ-RAMPURA,ABASANA,ABASANA,19,297
AHMEDABAD,DETROJ-RAMPURA,AMARPURA,AMARPURA,16,105
AHMEDABAD,DETROJ-RAMPURA,ASHOKNAGAR,ASHOKNAGAR,33,842
AHMEDABAD,DETROJ-RAMPURA,BALSASAN,BALSASAN,20,459
AHMEDABAD,DETROJ-RAMPURA,BAMROLI,BAMROLI,17,289
AHMEDABAD,DETROJ-RAMPURA,BANTAI,BANTAI,27,217
AHMEDABAD,DETROJ-RAMPURA,BHAGAPURA,BHAGAPURA,39,286
AHMEDABAD,DETROJ-RAMPURA,BHANKODA,BHANKODA,36,731
AHMEDABAD,DETROJ-RAMPURA,BHATARIYA,BHATARIYA,32,143
AHMEDABAD,DETROJ-RAMPURA,BHOYANI,BHOYANI,17,462
AHMEDABAD,DETROJ-RAMPURA,BHOYANIPURA,BHOYANIPURA,3,47
AHMEDABAD,DETROJ-RAMPURA,BOSKA,BOSKA,2,782
AHMEDABAD,DETROJ-RAMPURA,CHHANIYAR,CHHANIYAR,17,572
AHMEDABAD,DETROJ-RAMPURA,DABHASAR,DABHASAR,12,268
AHMEDABAD,DETROJ-RAMPURA,DAMODARIPURA,DAMODARIPURA,8,133
AHMEDABAD,DETROJ-RAMPURA,DANGARAWA,DANGARAWA,26,529
AHMEDABAD,DETROJ-RAMPURA,DEKAWADA,DEKAWADA,29,659
AHMEDABAD,DETROJ-RAMPURA,DETROJ,DETROJ,103,4993
AHMEDABAD,DETROJ-RAMPURA,FATEPURA,FATEPURA,25,150
AHMEDABAD,DETROJ-RAMPURA,GAMANPURA,GAMANPURA,10,166
AHMEDABAD,DETROJ-RAMPURA,GHATISANA,GHATISANA,12,163
AHMEDABAD,DETROJ-RAMPURA,GHELDA,GHELDA,14,350
AHMEDABAD,DETROJ-RAMPURA,GUNJALA,GUNJALA,59,616
AHMEDABAD,DETROJ-RAMPURA,HATHIPURA,HATHIPURA,17,241
AHMEDABAD,DETROJ-RAMPURA,INDRAPURA,INDRAPURA,6,89
AHMEDABAD,DETROJ-RAMPURA,JASHPURA,JASHPURA,5,87
AHMEDABAD,DETROJ-RAMPURA,JETHIPURA,JETHIPURA,10,144
AHMEDABAD,DETROJ-RAMPURA,KANZ,KANZ,70,956
AHMEDABAD,DETROJ-RAMPURA,KATRODI,KATRODI,6,137
AHMEDABAD,DETROJ-RAMPURA,KOENTIA,KOENTIA,13,244
AHMEDABAD,DETROJ-RAMPURA,KUKVAV,KUKVAV,17,350
AHMEDABAD,DETROJ-RAMPURA,MADRISANA,MADRISANA,23,299
AHMEDABAD,DETROJ-RAMPURA,MARUSANA,MARUSANA,5,274
AHMEDABAD,DETROJ-RAMPURA,MOTA KARANPURA,MOTAKARANPURA,12,69
AHMEDABAD,DETROJ-RAMPURA,MOTIRANTAI,MOTIRANTAI,15,205
AHMEDABAD,DETROJ-RAMPURA,NADISHALA,NADISHALA,8,380
AHMEDABAD,DETROJ-RAMPURA,NANA KARANPURA,NANAKARANPURA,10,129
AHMEDABAD,DETROJ-RAMPURA,NANIRANTAI,NANIRANTAI,20,195
AHMEDABAD,DETROJ-RAMPURA,NATHPURA,NATHPURA,8,113
AHMEDABAD,DETROJ-RAMPURA,ODHAV,ODHAV,23,373
AHMEDABAD,DETROJ-RAMPURA,PANAR,PANAR,16,695
AHMEDABAD,DETROJ-RAMPURA,RAJPURA,RAJPURA,32,171
AHMEDABAD,DETROJ-RAMPURA,RAMPURA,RAMPURA,52,434
AHMEDABAD,DETROJ-RAMPURA,RATANPURA,RATANPURA,12,57
AHMEDABAD,DETROJ-RAMPURA,RUDATAL,RUDATAL,13,601
AHMEDABAD,DETROJ-RAMPURA,SADATPURA,SADATPURA,20,425
AHMEDABAD,DETROJ-RAMPURA,SANGPURA,SANGPURA,12,119
AHMEDABAD,DETROJ-RAMPURA,SHIHOR,SHIHOR,7,356
AHMEDABAD,DETROJ-RAMPURA,SHOBHASAN,SHOBHASAN,25,456
AHMEDABAD,DETROJ-RAMPURA,SUJPURA,SUJPURA,26,188
AHMEDABAD,DETROJ-RAMPURA,SUVALA,SUVALA,44,331
AHMEDABAD,DETROJ-RAMPURA,TELAVI,TELAVI,56,2223
AHMEDABAD,DETROJ-RAMPURA,UMEDPURA,UMEDPURA,4,88
AHMEDABAD,DETROJ-RAMPURA,VASANA(CHHANIAR),VASANACHHANIAR,22,276
AHMEDABAD,DHANDHUKA,AAKARU,AAKARU,16,674
AHMEDABAD,DHANDHUKA,AAMBALI,AAMBALI,71,818
AHMEDABAD,DHANDHUKA,ADVAL,ADVAL,41,2103
AHMEDABAD,DHANDHUKA,ANANDPUR,ANANDPUR,3,97
AHMEDABAD,DHANDHUKA,ANI-BHIMAJI,ANIBHIMAJI,17,454
AHMEDABAD,DHANDHUKA,BAJARDA,BAJARDA,48,1243
AHMEDABAD,DHANDHUKA,BAVLIYARAI,BAVLIYARAI,29,972
AHMEDABAD,DHANDHUKA,BHADIYAD,BHADIYAD,104,1568
AHMEDABAD,DHANDHUKA,BHALGAMDA,BHALGAMDA,19,126
AHMEDABAD,DHANDHUKA,BHANGADH,BHANGADH,35,453
AHMEDABAD,DHANDHUKA,BHIMTALAV,BHIMTALAV,23,165
AHMEDABAD,DHANDHUKA,BURANPURA,BURANPURA,14,343
AHMEDABAD,DHANDHUKA,CHANDARVA,CHANDARVA,35,342
AHMEDABAD,DHANDHUKA,CHER,CHER,20,360
AHMEDABAD,DHANDHUKA,CHHARODIYA,CHHARODIYA,34,414
AHMEDABAD,DHANDHUKA,CHHASIYANA,CHHASIYANA,55,329
AHMEDABAD,DHANDHUKA,DHANALA,DHANALA,32,516
AHMEDABAD,DHANDHUKA,DHOLERA,DHOLERA,72,1552
AHMEDABAD,DHANDHUKA,FATEPUR,FATEPUR,34,278
AHMEDABAD,DHANDHUKA,FEDARA,FEDARA,58,1094
AHMEDABAD,DHANDHUKA,GALSANA,GALSANA,20,433
AHMEDABAD,DHANDHUKA,GANF,GANF,8,978
AHMEDABAD,DHANDHUKA,GOGLA,GOGLA,33,311
AHMEDABAD,DHANDHUKA,GORASU,GORASU,37,851
AHMEDABAD,DHANDHUKA,GUNJAR,GUNJAR,40,218
AHMEDABAD,DHANDHUKA,HARIPURA,HARIPURA,35,448
AHMEDABAD,DHANDHUKA,JALIYA,JALIYA,28,303
AHMEDABAD,DHANDHUKA,JASKA,JASKA,22,384
AHMEDABAD,DHANDHUKA,KADIPUR,KADIPUR,102,505
AHMEDABAD,DHANDHUKA,KAMATALAV,KAMATALAV,6,123
AHMEDABAD,DHANDHUKA,KAMIYANA,KAMIYANA,25,370
AHMEDABAD,DHANDHUKA,KASINDRA,KASINDRA,26,193
AHMEDABAD,DHANDHUKA,KHADOL,KHADOL,62,995
AHMEDABAD,DHANDHUKA,KHARAD,KHARAD,49,1054
AHMEDABAD,DHANDHUKA,KHASTA,KHASTA,17,805
AHMEDABAD,DHANDHUKA,KHUN,KHUN,9,175
AHMEDABAD,DHANDHUKA,KOTDA,KOTDA,51,190
AHMEDABAD,DHANDHUKA,KOTHADIYA,KOTHADIYA,42,230
AHMEDABAD,DHANDHUKA,MAHEDEVPURA,MAHEDEVPURA,8,142
AHMEDABAD,DHANDHUKA,MINGALPUR,MINGALPUR,20,209
AHMEDABAD,DHANDHUKA,MORASIYA,MORASIYA,28,592
AHMEDABAD,DHANDHUKA,MOTATRADIA,MOTATRADIA,24,567
AHMEDABAD,DHANDHUKA,MUNDI,MUNDI,54,263
AHMEDABAD,DHANDHUKA,NANATRADIA,NANATRADIA,7,199
AHMEDABAD,DHANDHUKA,NAVAGAM,NAVAGAM,18,249
AHMEDABAD,DHANDHUKA,OTTARIYA,OTTARIYA,31,414
AHMEDABAD,DHANDHUKA,PADANA,PADANA,22,368
AHMEDABAD,DHANDHUKA,PANCHI,PANCHI,27,207
AHMEDABAD,DHANDHUKA,PARABADI,PARABADI,13,232
AHMEDABAD,DHANDHUKA,PARCHHAM,PARCHHAM,54,1039
AHMEDABAD,DHANDHUKA,PIMPALI,PIMPALI,10,1468
AHMEDABAD,DHANDHUKA,PIPAL,PIPAL,23,258
AHMEDABAD,DHANDHUKA,RAHTALAV,RAHTALAV,44,237
AHMEDABAD,DHANDHUKA,RATANPUR,RATANPUR,51,172
AHMEDABAD,DHANDHUKA,RAYAKA,RAYAKA,21,393
AHMEDABAD,DHANDHUKA,ROJKA,ROJKA,115,1295
AHMEDABAD,DHANDHUKA,SALASAR,SALASAR,5,132
AHMEDABAD,DHANDHUKA,SANDHIDHA,SANDHIDHA,65,2383
AHMEDABAD,DHANDHUKA,SARVAR,SARVAR,12,419
AHMEDABAD,DHANDHUKA,SHELA,SHELA,9,150
AHMEDABAD,DHANDHUKA,TAGADI,TAGADI,62,377
AHMEDABAD,DHANDHUKA,UMARGADH,UMARGADH,17,421
AHMEDABAD,DHANDHUKA,UNCHADI,UNCHADI,64,460
AHMEDABAD,DHANDHUKA,VAGAD,VAGAD,51,720
AHMEDABAD,DHANDHUKA,VALINDA,VALINDA,39,275
AHMEDABAD,DHANDHUKA,VASANA,VASANA,50,234
AHMEDABAD,DHANDHUKA,ZANKHI,ZANKHI,18,153
AHMEDABAD,DHANDHUKA,ZANZARKA,ZANZARKA,22,251
AHMEDABAD,DHANDHUKA,ZINZAR,ZINZAR,6,407
AHMEDABAD,DHOLKA,AAMBETHI,AAMBETHI,4,245
AHMEDABAD,DHOLKA,AMBARELI,AMBARELI,43,872
AHMEDABAD,DHOLKA,AMBILIYARA,AMBILIYARA,87,956
AHMEDABAD,DHOLKA,ANANDPURA,ANANDPURA,9,116
AHMEDABAD,DHOLKA,ANDHARI,ANDHARI,3,80
AHMEDABAD,DHOLKA,ARNEJ,ARNEJ,7,420
AHMEDABAD,DHOLKA,BADARKHA,BADARKHA,50,1077
AHMEDABAD,DHOLKA,BEGVA,BEGVA,78,309
AHMEDABAD,DHOLKA,BHETAVADA,BHETAVADA,9,226
AHMEDABAD,DHOLKA,BHOLAD,BHOLAD,221,865
AHMEDABAD,DHOLKA,BHUBHALI,BHUBHALI,48,326
AHMEDABAD,DHOLKA,BHURKHI,BHURKHI,50,486
AHMEDABAD,DHOLKA,CHALODA,CHALODA,82,2515
AHMEDABAD,DHOLKA,CHANDISA,CHANDISA,94,592
AHMEDABAD,DHOLKA,DADUSAR,DADUSAR,13,250
AHMEDABAD,DHOLKA,DHOLI,DHOLI,3,323
AHMEDABAD,DHOLKA,GANESAR,GANESAR,9,160
AHMEDABAD,DHOLKA,GANOL,GANOL,58,469
AHMEDABAD,DHOLKA,GIRAND,GIRAND,26,358
AHMEDABAD,DHOLKA,GUNDI,GUNDI,97,587
AHMEDABAD,DHOLKA,INGOLI,INGOLI,17,650
AHMEDABAD,DHOLKA,J.GODHNESHWAR,JGODHNESHWAR,49,181
AHMEDABAD,DHOLKA,JAKHADA,JAKHADA,29,403
AHMEDABAD,DHOLKA,JALALPUR VAJIFA,JALALPURVAJIFA,24,574
AHMEDABAD,DHOLKA,JAVARAJ,JAVARAJ,168,782
AHMEDABAD,DHOLKA,KADIPURA,KADIPURA,12,173
AHMEDABAD,DHOLKA,KALIYAPARA,KALIYAPARA,11,77
AHMEDABAD,DHOLKA,KALYANPUR,KALYANPUR,62,250
AHMEDABAD,DHOLKA,KARIYANA,KARIYANA,41,355
AHMEDABAD,DHOLKA,KAUKA,KAUKA,25,2687
AHMEDABAD,DHOLKA,KESHARGADH,KESHARGADH,26,460
AHMEDABAD,DHOLKA,KHANPUR,KHANPUR,24,93
AHMEDABAD,DHOLKA,KHARANTI,KHARANTI,31,336
AHMEDABAD,DHOLKA,KHATRIPUR,KHATRIPUR,20,197
AHMEDABAD,DHOLKA,KOTH,KOTH,286,1385
AHMEDABAD,DHOLKA,LANA,LANA,74,622
AHMEDABAD,DHOLKA,LOBIYA,LOBIYA,152,811
AHMEDABAD,DHOLKA,MAFALIPUR,MAFALIPUR,62,422
AHMEDABAD,DHOLKA,MOTIBORU,MOTIBORU,194,821
AHMEDABAD,DHOLKA,MUNJAPUR,MUNJAPUR,9,100
AHMEDABAD,DHOLKA,NANIBORU,NANIBORU,38,699
AHMEDABAD,DHOLKA,NESDA,NESDA,18,310
AHMEDABAD,DHOLKA,PALDI,PALDI,9,268
AHMEDABAD,DHOLKA,PISAVADA,PISAVADA,46,1403
AHMEDABAD,DHOLKA,RAJPUR,RAJPUR,14,292
AHMEDABAD,DHOLKA,RAMPUR,RAMPUR,42,291
AHMEDABAD,DHOLKA,RAMPURA,RAMPURA,32,299
AHMEDABAD,DHOLKA,RANODA,RANODA,50,554
AHMEDABAD,DHOLKA,RAYPUR,RAYPUR,11,253
AHMEDABAD,DHOLKA,RUPGADH,RUPGADH,41,429
AHMEDABAD,DHOLKA,SAHIJ,SAHIJ,42,527
AHMEDABAD,DHOLKA,SAMANI,SAMANI,56,680
AHMEDABAD,DHOLKA,SARAGVALA,SARAGVALA,133,664
AHMEDABAD,DHOLKA,SARANDHI,SARANDHI,42,305
AHMEDABAD,DHOLKA,SARODA,SARODA,55,1891
AHMEDABAD,DHOLKA,SATHAL,SATHAL,28,1264
AHMEDABAD,DHOLKA,SHEKHADI,SHEKHADI,23,134
AHMEDABAD,DHOLKA,SHIYAVADA,SHIYAVADA,19,119
AHMEDABAD,DHOLKA,SIMEJ,SIMEJ,127,1092
AHMEDABAD,DHOLKA,SINDHREJ,SINDHREJ,48,608
AHMEDABAD,DHOLKA,TRASAND,TRASAND,27,802
AHMEDABAD,DHOLKA,UTELIYA,UTELIYA,54,618
AHMEDABAD,DHOLKA,VALTHERA,VALTHERA,76,460
AHMEDABAD,DHOLKA,VARNA,VARNA,132,1590
AHMEDABAD,DHOLKA,VASNA KELYA,VASNAKELYA,58,928
AHMEDABAD,DHOLKA,VATAMAN,VATAMAN,141,1045
AHMEDABAD,DHOLKA,VAUTHA,VAUTHA,41,481
AHMEDABAD,DHOLKA,VEJALKA,VEJALKA,171,936
AHMEDABAD,DHOLKA,VIRADI,VIRADI,9,235
AHMEDABAD,DHOLKA,VIRPUR,VIRPUR,4,321
AHMEDABAD,MANDAL,AANANDPURA,AANANDPURA,2,36
AHMEDABAD,MANDAL,DADHANA,DADHANA,2,826
AHMEDABAD,MANDAL,DALOD,DALOD,3,812
AHMEDABAD,MANDAL,DEDIYASANA,DEDIYASANA,1,144
AHMEDABAD,MANDAL,ENDLA,ENDLA,14,447
AHMEDABAD,MANDAL,HANSALPUR (BE),HANSALPURBE,3,301
AHMEDABAD,MANDAL,JALISANA,JALISANA,7,631
AHMEDABAD,MANDAL,KACHROL,KACHROL,1,547
AHMEDABAD,MANDAL,KADVASAN,KADVASAN,1,328
AHMEDABAD,MANDAL,KANPURA(SH),KANPURASH,2,256
AHMEDABAD,MANDAL,KARSHANPURA,KARSHANPURA,4,330
AHMEDABAD,MANDAL,KUNPUR,KUNPUR,4,522
AHMEDABAD,MANDAL,MANDAL,MANDAL,14,1814
AHMEDABAD,MANDAL,MANPURA,MANPURA,9,155
AHMEDABAD,MANDAL,MITHAPUR,MITHAPUR,1,142
AHMEDABAD,MANDAL,NANA UBHADA,NANAUBHADA,3,909
AHMEDABAD,MANDAL,NAVAGAM,NAVAGAM,3,290
AHMEDABAD,MANDAL,NAYAKPUR,NAYAKPUR,4,358
AHMEDABAD,MANDAL,ODKI,ODKI,8,351
AHMEDABAD,MANDAL,RAKHIYANA,RAKHIYANA,2,261
AHMEDABAD,MANDAL,RIBDI,RIBDI,6,430
AHMEDABAD,MANDAL,SADRA,SADRA,1,109
AHMEDABAD,MANDAL,SHER,SHER,2,203
AHMEDABAD,MANDAL,SHINAJ,SHINAJ,2,260
AHMEDABAD,MANDAL,SITAPUR,SITAPUR,6,1783
AHMEDABAD,MANDAL,SOLGAM,SOLGAM,2,645
AHMEDABAD,MANDAL,TRENT,TRENT,2,856
AHMEDABAD,MANDAL,UDHROJ,UDHROJ,12,423
AHMEDABAD,MANDAL,UDHROJPURA,UDHROJPURA,8,177
AHMEDABAD,MANDAL,UKARDI,UKARDI,2,233
AHMEDABAD,MANDAL,VANPARDI,VANPARDI,4,367
AHMEDABAD,MANDAL,VARMOR,VARMOR,2,993
AHMEDABAD,MANDAL,VASNA(KU),VASNAKU,6,272
AHMEDABAD,MANDAL,VINCHHAN,VINCHHAN,4,332
AHMEDABAD,MANDAL,VINZUVADA,VINZUVADA,3,619
AHMEDABAD,MANDAL,VITHLAPUR,VITHLAPUR,3,1040
AHMEDABAD,MANDAL,ZANZARVA,ZANZARVA,5,360
AHMEDABAD,RANPUR,ALAU,ALAU,134,634
AHMEDABAD,RANPUR,ALMPUR,ALMPUR,70,242
AHMEDABAD,RANPUR,ANI KASBATI,ANIKASBATI,4,159
AHMEDABAD,RANPUR,ANIKATHI,ANIKATHI,36,191
AHMEDABAD,RANPUR,BAGHD,BAGHD,61,444
AHMEDABAD,RANPUR,BARNIYA,BARNIYA,28,128
AHMEDABAD,RANPUR,BODIYA,BODIYA,87,592
AHMEDABAD,RANPUR,BUBAVAV,BUBAVAV,15,161
AHMEDABAD,RANPUR,CHARANKI,CHARANKI,59,272
AHMEDABAD,RANPUR,DERADI,DERADI,4,76
AHMEDABAD,RANPUR,DEVGANA,DEVGANA,18,182
AHMEDABAD,RANPUR,DEVLIYA,DEVLIYA,4,305
AHMEDABAD,RANPUR,DHARPIPLA,DHARPIPLA,46,302
AHMEDABAD,RANPUR,GADHIA,GADHIA,29,98
AHMEDABAD,RANPUR,GODHAVTA,GODHAVTA,27,180
AHMEDABAD,RANPUR,GUNDA,GUNDA,58,441
AHMEDABAD,RANPUR,HADMTANA,HADMTANA,46,133
AHMEDABAD,RANPUR,JALILA,JALILA,45,459
AHMEDABAD,RANPUR,KERYA,KERYA,24,131
AHMEDABAD,RANPUR,KHAS,KHAS,86,576
AHMEDABAD,RANPUR,KHOKHARANESH,KHOKHARANESH,48,382
AHMEDABAD,RANPUR,KINARA,KINARA,28,272
AHMEDABAD,RANPUR,KUNDLI,KUNDLI,56,196
AHMEDABAD,RANPUR,MALNAPUR,MALNAPUR,24,199
AHMEDABAD,RANPUR,MOTEE VAVDI,MOTEEVAVDI,37,548
AHMEDABAD,RANPUR,NANI VAVDI,NANIVAVDI,53,315
AHMEDABAD,RANPUR,PANAVI,PANAVI,27,120
AHMEDABAD,RANPUR,PATNA,PATNA,45,152
AHMEDABAD,RANPUR,RAJPARA,RAJPARA,24,221
AHMEDABAD,RANPUR,RANPUR,RANPUR,90,633
AHMEDABAD,RANPUR,SANGANPUR,SANGANPUR,9,135
AHMEDABAD,RANPUR,SUNDRIYANA,SUNDRIYANA,64,666
AHMEDABAD,RANPUR,UMARLA,UMARLA,28,351
AHMEDABAD,RANPUR,VEJALKA,VEJALKA,40,278
AHMEDABAD,SANAND,ANADEJ,ANADEJ,52,784
AHMEDABAD,SANAND,ANIYALI,ANIYALI,40,224
AHMEDABAD,SANAND,BAKRANA,BAKRANA,40,978
AHMEDABAD,SANAND,BHAVANPUR,BHAVANPUR,43,244
AHMEDABAD,SANAND,BOL,BOL,20,498
AHMEDABAD,SANAND,CHANGODAR,CHANGODAR,68,606
AHMEDABAD,SANAND,CHARAL,CHARAL,26,599
AHMEDABAD,SANAND,CHEKHLA,CHEKHLA,131,1290
AHMEDABAD,SANAND,CHHARODI,CHHARODI,73,688
AHMEDABAD,SANAND,DADUKA,DADUKA,25,883
AHMEDABAD,SANAND,DARAN,DARAN,7,739
AHMEDABAD,SANAND,DODAR,DODAR,54,438
AHMEDABAD,SANAND,FANGDI,FANGDI,22,418
AHMEDABAD,SANAND,GARODIYA,GARODIYA,4,794
AHMEDABAD,SANAND,GODHAVI,GODHAVI,39,1332
AHMEDABAD,SANAND,GORAJ,GORAJ,60,1065
AHMEDABAD,SANAND,GOVINDA,GOVINDA,25,124
AHMEDABAD,SANAND,HIRAPUR,HIRAPUR,35,2175
AHMEDABAD,SANAND,IYAVA,IYAVA,13,522
AHMEDABAD,SANAND,JUDA,JUDA,14,160
AHMEDABAD,SANAND,JUWAL,JUWAL,36,593
AHMEDABAD,SANAND,KALANA,KALANA,32,367
AHMEDABAD,SANAND,KANETI,KANETI,49,511
AHMEDABAD,SANAND,KHICHA,KHICHA,7,803
AHMEDABAD,SANAND,KHODA,KHODA,33,307
AHMEDABAD,SANAND,KHORAJ,KHORAJ,70,1057
AHMEDABAD,SANAND,KODALIYA,KODALIYA,7,143
AHMEDABAD,SANAND,KOLAT,KOLAT,41,761
AHMEDABAD,SANAND,KUNDAL,KUNDAL,92,476
AHMEDABAD,SANAND,KUNVAR,KUNVAR,26,1172
AHMEDABAD,SANAND,LEKHAMBA,LEKHAMBA,20,425
AHMEDABAD,SANAND,LODARIYAL,LODARIYAL,33,756
AHMEDABAD,SANAND,MAKHIYAV,MAKHIYAV,79,1490
AHMEDABAD,SANAND,MANIPUR,MANIPUR,25,949
AHMEDABAD,SANAND,MANKOL,MANKOL,48,3177
AHMEDABAD,SANAND,MATODA,MATODA,24,918
AHMEDABAD,SANAND,MELASANA,MELASANA,17,595
AHMEDABAD,SANAND,MODASAR,MODASAR,20,1575
AHMEDABAD,SANAND,MORAIYA,MORAIYA,47,492
AHMEDABAD,SANAND,MOTI DEVTI,MOTIDEVTI,47,526
AHMEDABAD,SANAND,NANI DEVTI,NANIDEVTI,35,365
AHMEDABAD,SANAND,NARANPURA,NARANPURA,22,151
AHMEDABAD,SANAND,NAVAPURA,NAVAPURA,11,287
AHMEDABAD,SANAND,NIDHRAD,NIDHRAD,49,831
AHMEDABAD,SANAND,PALWADA,PALWADA,16,967
AHMEDABAD,SANAND,PIPAN,PIPAN,22,476
AHMEDABAD,SANAND,RAMPURA,RAMPURA,32,259
AHMEDABAD,SANAND,RETHAL,RETHAL,206,1436
AHMEDABAD,SANAND,RUPAVATI,RUPAVATI,20,281
AHMEDABAD,SANAND,SANATHAL,SANATHAL,19,1222
AHMEDABAD,SANAND,SARI,SARI,23,610
AHMEDABAD,SANAND,SHELA,SHELA,16,669
AHMEDABAD,SANAND,SHIYAWADA,SHIYAWADA,49,468
AHMEDABAD,SANAND,SOYLA,SOYLA,40,484
AHMEDABAD,SANAND,TAJPUR,TAJPUR,1,1
AHMEDABAD,SANAND,UPARDAL,UPARDAL,52,732
AHMEDABAD,SANAND,VANALIYA,VANALIYA,68,279
AHMEDABAD,SANAND,VASNA CHACHARAVADI,VASNACHACHARAVADI,23,1033
AHMEDABAD,SANAND,VASNA IYAVA,VASNAIYAVA,17,433
AHMEDABAD,SANAND,VASODARA,VASODARA,18,384
AHMEDABAD,SANAND,VICHIYA,VICHIYA,27,977
AHMEDABAD,SANAND,VIROCHANNAGAR,VIROCHANNAGAR,127,4846
AHMEDABAD,SANAND,ZAMP,ZAMP,30,596
AHMEDABAD,SANAND,ZOLAPUR,ZOLAPUR,63,1324
AHMEDABAD,VIRAMGAM,ASALGAM,ASALGAM,47,884
AHMEDABAD,VIRAMGAM,BHADANA,BHADANA,79,592
AHMEDABAD,VIRAMGAM,BHAVDA,BHAVDA,8,204
AHMEDABAD,VIRAMGAM,BHOJVA,BHOJVA,40,2287
AHMEDABAD,VIRAMGAM,CHANOTHIYA,CHANOTHIYA,5,216
AHMEDABAD,VIRAMGAM,CHUNINAPURA,CHUNINAPURA,5,87
AHMEDABAD,VIRAMGAM,DASLANA,DASLANA,21,659
AHMEDABAD,VIRAMGAM,DEDIASAN,DEDIASAN,25,285
AHMEDABAD,VIRAMGAM,DEVPURA,DEVPURA,2,186
AHMEDABAD,VIRAMGAM,DHAKDI,DHAKDI,22,253
AHMEDABAD,VIRAMGAM,DHUMAN,DHUMAN,10,540
AHMEDABAD,VIRAMGAM,GHODA,GHODA,31,893
AHMEDABAD,VIRAMGAM,GORAIYYA,GORAIYYA,28,1993
AHMEDABAD,VIRAMGAM,HANSALPUR-(A),HANSALPURA,3,2507
AHMEDABAD,VIRAMGAM,JAKHVADA,JAKHVADA,79,464
AHMEDABAD,VIRAMGAM,JAKSHI,JAKSHI,10,200
AHMEDABAD,VIRAMGAM,JALAMPURA,JALAMPURA,4,380
AHMEDABAD,VIRAMGAM,JETAPUR,JETAPUR,16,1100
AHMEDABAD,VIRAMGAM,JUNAPADHAR,JUNAPADHAR,20,225
AHMEDABAD,VIRAMGAM,KADHIPUR,KADHIPUR,15,118
AHMEDABAD,VIRAMGAM,KALIYANA,KALIYANA,46,388
AHMEDABAD,VIRAMGAM,KAMIJLA,KAMIJLA,4,772
AHMEDABAD,VIRAMGAM,KANKRAVADI,KANKRAVADI,20,271
AHMEDABAD,VIRAMGAM,KANPURA (DAS),KANPURADAS,3,67
AHMEDABAD,VIRAMGAM,KARANGADH,KARANGADH,12,179
AHMEDABAD,VIRAMGAM,KARIYALA,KARIYALA,1,260
AHMEDABAD,VIRAMGAM,KARKATHAL,KARKATHAL,34,938
AHMEDABAD,VIRAMGAM,KAYALA,KAYALA,36,296
AHMEDABAD,VIRAMGAM,KHEGARIYA,KHEGARIYA,21,298
AHMEDABAD,VIRAMGAM,KOKTA,KOKTA,19,502
AHMEDABAD,VIRAMGAM,KUDAD,KUDAD,25,628
AHMEDABAD,VIRAMGAM,KUMARKHAN,KUMARKHAN,19,619
AHMEDABAD,VIRAMGAM,LIMBAD,LIMBAD,6,218
AHMEDABAD,VIRAMGAM,LIYA,LIYA,36,475
AHMEDABAD,VIRAMGAM,MELAJ,MELAJ,13,686
AHMEDABAD,VIRAMGAM,MEMADPURA,MEMADPURA,31,169
AHMEDABAD,VIRAMGAM,MOTI-KISHOL,MOTIKISHOL,21,488
AHMEDABAD,VIRAMGAM,MOTTIKUMAD,MOTTIKUMAD,39,289
AHMEDABAD,VIRAMGAM,NADHIYANA,NADHIYANA,3,969
AHMEDABAD,VIRAMGAM,NANI KUMAND,NANIKUMAND,30,284
AHMEDABAD,VIRAMGAM,NANI-KISHOL,NANIKISHOL,20,133
AHMEDABAD,VIRAMGAM,NILKI,NILKI,15,157
AHMEDABAD,VIRAMGAM,OGAN,OGAN,6,1551
AHMEDABAD,VIRAMGAM,RAHEMALPUR,RAHEMALPUR,17,245
AHMEDABAD,VIRAMGAM,RANGPUR,RANGPUR,16,202
AHMEDABAD,VIRAMGAM,RUPAVATI,RUPAVATI,7,168
AHMEDABAD,VIRAMGAM,SABALPURA,SABALPURA,2,49
AHMEDABAD,VIRAMGAM,SANCHANA,SANCHANA,7,710
AHMEDABAD,VIRAMGAM,SARAWADI,SARAWADI,8,337
AHMEDABAD,VIRAMGAM,SHAHPUR,SHAHPUR,5,880
AHMEDABAD,VIRAMGAM,SHIVPURA,SHIVPURA,13,238
AHMEDABAD,VIRAMGAM,SHIYAL,SHIYAL,14,183
AHMEDABAD,VIRAMGAM,SONKLI,SONKLI,6,146
AHMEDABAD,VIRAMGAM,THORIMUBARAK,THORIMUBARAK,5,586
AHMEDABAD,VIRAMGAM,THORITHAMBHA,THORITHAMBHA,46,143
AHMEDABAD,VIRAMGAM,THORIVADAVAS,THORIVADAVAS,2,312
AHMEDABAD,VIRAMGAM,THULATA,THULATA,20,993
AHMEDABAD,VIRAMGAM,UKHLOAD,UKHLOAD,90,976
AHMEDABAD,VIRAMGAM,VADGAS,VADGAS,67,655
AHMEDABAD,VIRAMGAM,VALANA,VALANA,20,413
AHMEDABAD,VIRAMGAM,VANI,VANI,38,220
AHMEDABAD,VIRAMGAM,VANSVA,VANSVA,11,727
AHMEDABAD,VIRAMGAM,VANTHAL,VANTHAL,8,457
AHMEDABAD,VIRAMGAM,VASAN,VASAN,19,343
AHMEDABAD,VIRAMGAM,VASVELIA,VASVELIA,39,496
AHMEDABAD,VIRAMGAM,VEKARIYA,VEKARIYA,58,996
AHMEDABAD,VIRAMGAM,ZEZRA,ZEZRA,14,1678
AMRELI,AMRELI,AMARPUR(VARUDI),AMARPURVARUDI,46,47
AMRELI,AMRELI,ANKADIYA MOTA,ANKADIYAMOTA,141,241
AMRELI,AMRELI,ANKADIYA NANA,ANKADIYANANA,118,105
AMRELI,AMRELI,BABAPUR,BABAPUR,97,138
AMRELI,AMRELI,BAXIPUR,BAXIPUR,23,21
AMRELI,AMRELI,BHANDARIYA MOTA,BHANDARIYAMOTA,46,71
AMRELI,AMRELI,BHANDARIYA NANA,BHANDARIYANANA,61,92
AMRELI,AMRELI,CHADIYA,CHADIYA,21,39
AMRELI,AMRELI,CHAKKARGADH,CHAKKARGADH,39,81
AMRELI,AMRELI,CHAMPATHAL,CHAMPATHAL,49,48
AMRELI,AMRELI,CHANDGADH,CHANDGADH,47,112
AMRELI,AMRELI,CHITAL,CHITAL,110,103
AMRELI,AMRELI,DAHIDA,DAHIDA,62,89
AMRELI,AMRELI,DEVALIYA,DEVALIYA,53,41
AMRELI,AMRELI,DEVRAJIYA,DEVRAJIYA,46,61
AMRELI,AMRELI,DHOLARVA,DHOLARVA,58,53
AMRELI,AMRELI,FATTERPUR,FATTERPUR,43,3
AMRELI,AMRELI,GAVADKA,GAVADKA,54,63
AMRELI,AMRELI,GIRIYA,GIRIYA,39,23
AMRELI,AMRELI,GOKHARVALA MOTA,GOKHARVALAMOTA,66,51
AMRELI,AMRELI,GOKHARVALA NANA,GOKHARVALANANA,13,38
AMRELI,AMRELI,HARIPURA,HARIPURA,43,4
AMRELI,AMRELI,ISHVARIYA,ISHVARIYA,24,9
AMRELI,AMRELI,JALIYA,JALIYA,99,89
AMRELI,AMRELI,JASVANTGADH,JASVANTGADH,81,75
AMRELI,AMRELI,KAMIGADH,KAMIGADH,44,170
AMRELI,AMRELI,KATHMA,KATHMA,38,18
AMRELI,AMRELI,KERALA,KERALA,45,22
AMRELI,AMRELI,KERIYANAGAS,KERIYANAGAS,76,164
AMRELI,AMRELI,KHED KHAMBHALIYA,KHEDKHAMBHALIYA,2,7
AMRELI,AMRELI,KHIJADIYA KHARI,KHIJADIYAKHARI,31,24
AMRELI,AMRELI,KHIJADIYA RADADIYA,KHIJADIYARADADIYA,52,49
AMRELI,AMRELI,KKERIYACHAND,KKERIYACHAND,54,42
AMRELI,AMRELI,LALAVADAR,LALAVADAR,74,49
AMRELI,AMRELI,LAPALIYA,LAPALIYA,52,29
AMRELI,AMRELI,MACHIYALA MOTA,MACHIYALAMOTA,42,106
AMRELI,AMRELI,MACHIYALA NANA,MACHIYALANANA,37,2068
AMRELI,AMRELI,MALILA,MALILA,52,6
AMRELI,AMRELI,MALVAN,MALVAN,38,27
AMRELI,AMRELI,MANDAVDA MOTA,MANDAVDAMOTA,67,1199
AMRELI,AMRELI,MANDAVLA NANA,MANDAVLANANA,12,8
AMRELI,AMRELI,MANGVAPAL,MANGVAPAL,58,162
AMRELI,AMRELI,MEDI,MEDI,35,27
AMRELI,AMRELI,MONPUR,MONPUR,75,90
AMRELI,AMRELI,NAVAKHIJADIYA,NAVAKHIJADIYA,36,59
AMRELI,AMRELI,PANIYA,PANIYA,69,64
AMRELI,AMRELI,PIPLLAG,PIPLLAG,58,28
AMRELI,AMRELI,PITHAVAJAL,PITHAVAJAL,44,103
AMRELI,AMRELI,RAJASTHALI,RAJASTHALI,41,13
AMRELI,AMRELI,RANDHIYA,RANDHIYA,47,48
AMRELI,AMRELI,RANGPUR,RANGPUR,52,5
AMRELI,AMRELI,RIKADIYA,RIKADIYA,41,39
AMRELI,AMRELI,SAJIYAVADAR,SAJIYAVADAR,104,132
AMRELI,AMRELI,SANGADERI,SANGADERI,22,6
AMRELI,AMRELI,SANOSRA,SANOSRA,49,50
AMRELI,AMRELI,SARAMBHDA,SARAMBHDA,74,113
AMRELI,AMRELI,SHAMBHUPURA,SHAMBHUPURA,17,13
AMRELI,AMRELI,SHEDUBHAR,SHEDUBHAR,151,126
AMRELI,AMRELI,SONARIYA,SONARIYA,23,49
AMRELI,AMRELI,SURAGPUR,SURAGPUR,19,11
AMRELI,AMRELI,TARAKTALAV,TARAKTALAV,52,5
AMRELI,AMRELI,TARAVDA,TARAVDA,57,136
AMRELI,AMRELI,THORDI,THORDI,28,93
AMRELI,AMRELI,TIMBA,TIMBA,18,6
AMRELI,AMRELI,TIMBLA,TIMBLA,46,9
AMRELI,AMRELI,VADERA,VADERA,48,57
AMRELI,AMRELI,VANKIYA,VANKIYA,169,127
AMRELI,AMRELI,VARASDA,VARASDA,78,79
AMRELI,AMRELI,VENIVADAR,VENIVADAR,36,20
AMRELI,AMRELI,VITHALPUR,VITHALPUR,29,89
AMRELI,BABRA,AMARVALPAR,AMARVALPAR,9,0
AMRELI,BABRA,BALEL PIPARIYA,BALELPIPARIYA,28,46
AMRELI,BABRA,BARVALA,BARVALA,27,104
AMRELI,BABRA,BHILA,BHILA,25,23
AMRELI,BABRA,BHILDI,BHILDI,30,21
AMRELI,BABRA,CHAMARDI,CHAMARDI,49,35
AMRELI,BABRA,CHARKHA,CHARKHA,77,60
AMRELI,BABRA,DARED,DARED,43,159
AMRELI,BABRA,DEVALIYA MOTA,DEVALIYAMOTA,56,3974
AMRELI,BABRA,DHARAI,DHARAI,6,37
AMRELI,BABRA,FULJHAR,FULJHAR,18,15
AMRELI,BABRA,GALKOTDI,GALKOTDI,71,89
AMRELI,BABRA,GAMAPIPALIYA,GAMAPIPALIYA,51,72
AMRELI,BABRA,GARNI,GARNI,19,39
AMRELI,BABRA,GHUGHRALA,GHUGHRALA,47,55
AMRELI,BABRA,HATHIGADH,HATHIGADH,13,7
AMRELI,BABRA,INGORALA,INGORALA,32,28
AMRELI,BABRA,ISAPAR,ISAPAR,15,29
AMRELI,BABRA,ISHVARIYA,ISHVARIYA,20,18
AMRELI,BABRA,JIVAPAR,JIVAPAR,16,20
AMRELI,BABRA,KALORANA,KALORANA,5,26
AMRELI,BABRA,KARIYANA,KARIYANA,63,57
AMRELI,BABRA,KARNUKI,KARNUKI,26,12
AMRELI,BABRA,KHAKHARIYA,KHAKHARIYA,60,51
AMRELI,BABRA,KHAMBHALA,KHAMBHALA,41,92
AMRELI,BABRA,KHANPAR,KHANPAR,2,36
AMRELI,BABRA,KHIJIDIYA KOTDA,KHIJIDIYAKOTDA,29,17
AMRELI,BABRA,KIDI,KIDI,23,15
AMRELI,BABRA,KOTDA PITHA,KOTDAPITHA,55,980
AMRELI,BABRA,KUNDAL NANI,KUNDALNANI,69,265
AMRELI,BABRA,KUNVARGADH,KUNVARGADH,13,12
AMRELI,BABRA,LALKA,LALKA,46,40
AMRELI,BABRA,LOMKOTDA,LOMKOTDA,9,57
AMRELI,BABRA,LUNKI,LUNKI,80,1729
AMRELI,BABRA,MIYA KHIJADIYA,MIYAKHIJADIYA,24,20
AMRELI,BABRA,NADALA,NADALA,32,47
AMRELI,BABRA,NAVANIYA,NAVANIYA,16,29
AMRELI,BABRA,NILAVALA,NILAVALA,38,90
AMRELI,BABRA,NONGHANVADAR,NONGHANVADAR,19,12
AMRELI,BABRA,PANSADA,PANSADA,30,52
AMRELI,BABRA,PIR KHIJADIYA,PIRKHIJADIYA,5,24
AMRELI,BABRA,RANPAR,RANPAR,44,20
AMRELI,BABRA,RAYPAR,RAYPAR,3,20
AMRELI,BABRA,SAMADHIYALA,SAMADHIYALA,9,77
AMRELI,BABRA,SIRVANIYA,SIRVANIYA,9,25
AMRELI,BABRA,SUKAVALA,SUKAVALA,2,28
AMRELI,BABRA,SUKHPAR,SUKHPAR,14,63
AMRELI,BABRA,TAIVADAR,TAIVADAR,3,0
AMRELI,BABRA,THORKHAN,THORKHAN,50,42
AMRELI,BABRA,TRAMBODA,TRAMBODA,74,1244
AMRELI,BABRA,UNTVAD,UNTVAD,85,115
AMRELI,BABRA,VALARDI,VALARDI,55,22
AMRELI,BABRA,VANDALIYA,VANDALIYA,34,159
AMRELI,BABRA,VANKIYA,VANKIYA,67,30
AMRELI,BABRA,VAVDA,VAVDA,29,39
AMRELI,BABRA,VAVDI,VAVDI,37,35
AMRELI,BAGASARA,ADPUR,ADPUR,4,0
AMRELI,BAGASARA,BALAPUR,BALAPUR,5,2
AMRELI,BAGASARA,CHARAN PIPALI,CHARANPIPALI,2,0
AMRELI,BAGASARA,DERI PIPALIYA,DERIPIPALIYA,24,75
AMRELI,BAGASARA,GHANTIYAN,GHANTIYAN,10,8
AMRELI,BAGASARA,HADALA,HADALA,23,4
AMRELI,BAGASARA,HALARIYA,HALARIYA,17,42
AMRELI,BAGASARA,HALIYAD JUNI,HALIYADJUNI,4,129
AMRELI,BAGASARA,HALIYAD NAVI,HALIYADNAVI,19,74
AMRELI,BAGASARA,HAMAPUR,HAMAPUR,26,60
AMRELI,BAGASARA,HULARIYA,HULARIYA,8,16
AMRELI,BAGASARA,JAMKA,JAMKA,13,51
AMRELI,BAGASARA,JETHIAVADAR,JETHIAVADAR,32,6
AMRELI,BAGASARA,KADAYA,KADAYA,7,9
AMRELI,BAGASARA,KAGDADI,KAGDADI,27,45
AMRELI,BAGASARA,KHARI,KHARI,20,0
AMRELI,BAGASARA,KHIJADIYA KHAN,KHIJADIYAKHAN,7,14
AMRELI,BAGASARA,MANEKVADA,MANEKVADA,14,41
AMRELI,BAGASARA,MAVJINJVA,MAVJINJVA,73,2
AMRELI,BAGASARA,MUNJISAR NANA,MUNJISARNANA,28,2
AMRELI,BAGASARA,MUNJIYASAR MOTA,MUNJIYASARMOTA,53,985
AMRELI,BAGASARA,NAVA PIPALIYA,NAVAPIPALIYA,3,12
AMRELI,BAGASARA,PITHADIYA,PITHADIYA,6,43
AMRELI,BAGASARA,RAFALA,RAFALA,12,2
AMRELI,BAGASARA,SAMADHIYALA,SAMADHIYALA,27,2
AMRELI,BAGASARA,SANALIYA,SANALIYA,5,13
AMRELI,BAGASARA,SHILANA,SHILANA,36,8
AMRELI,BAGASARA,VAGHANIYA JUNA,VAGHANIYAJUNA,88,10
AMRELI,BAGASARA,VAGHANIYA NAVA,VAGHANIYANAVA,32,7
AMRELI,BAGASARA,ZANZARIYA JUNA,ZANZARIYAJUNA,14,74
AMRELI,BAGASARA,ZANZARIYA NAVA,ZANZARIYANAVA,7,23
AMRELI,DHARI,AMARATPUR,AMARATPUR,18,34
AMRELI,DHARI,AMBARDI,AMBARDI,29,223
AMRELI,DHARI,BHADER,BHADER,102,84
AMRELI,DHARI,BHARAD,BHARAD,7,26
AMRELI,DHARI,BHAYAVADAR,BHAYAVADAR,22,24
AMRELI,DHARI,BORDI,BORDI,54,97
AMRELI,DHARI,CHANCHAI,CHANCHAI,16,8
AMRELI,DHARI,CHHATRADIYA,CHHATRADIYA,66,59
AMRELI,DHARI,DABHALI,DABHALI,14,20
AMRELI,DHARI,DAHIDA,DAHIDA,11,26
AMRELI,DHARI,DALKHANIYA,DALKHANIYA,37,66
AMRELI,DHARI,DANGAVADAR,DANGAVADAR,25,14
AMRELI,DHARI,DEVLA,DEVLA,29,63
AMRELI,DHARI,DHARGANI,DHARGANI,66,66
AMRELI,DHARI,DHARI,DHARI,265,353
AMRELI,DHARI,DHOLARVA,DHOLARVA,6,8
AMRELI,DHARI,DITLA,DITLA,39,37
AMRELI,DHARI,DUDHALA,DUDHALA,125,50
AMRELI,DHARI,FACHARIA,FACHARIA,18,19
AMRELI,DHARI,FATEGADH,FATEGADH,36,19
AMRELI,DHARI,GADHIYA,GADHIYA,44,206
AMRELI,DHARI,GADHIYA CHAVAND,GADHIYACHAVAND,47,5
AMRELI,DHARI,GARAMALI MOTI,GARAMALIMOTI,37,47
AMRELI,DHARI,GARAMALI NANI,GARAMALINANI,13,0
AMRELI,DHARI,GARAMLI,GARAMLI,5,28
AMRELI,DHARI,GIGASAN,GIGASAN,51,114
AMRELI,DHARI,GOPALGRAM,GOPALGRAM,144,31
AMRELI,DHARI,GOVINDPUR,GOVINDPUR,49,179
AMRELI,DHARI,HIRAVA,HIRAVA,71,88
AMRELI,DHARI,HUDLI,HUDLI,22,28
AMRELI,DHARI,INGORALA(DUNGRI),INGORALADUNGRI,27,55
AMRELI,DHARI,JALJIVADI,JALJIVADI,24,9
AMRELI,DHARI,JIRA,JIRA,134,109
AMRELI,DHARI,JUNA CHARKHA,JUNACHARKHA,29,12
AMRELI,DHARI,KAMI,KAMI,35,43
AMRELI,DHARI,KARMDADI,KARMDADI,29,20
AMRELI,DHARI,KATHIRVADAR,KATHIRVADAR,3,6
AMRELI,DHARI,KATHROTA,KATHROTA,17,45
AMRELI,DHARI,KENAR,KENAR,26,13
AMRELI,DHARI,KERALA,KERALA,46,28
AMRELI,DHARI,KHAMBHALIYA,KHAMBHALIYA,27,31
AMRELI,DHARI,KHICHA,KHICHA,157,71
AMRELI,DHARI,KHISRI,KHISRI,65,22
AMRELI,DHARI,KOTDA,KOTDA,10,13
AMRELI,DHARI,KOTHA PIPARIYA,KOTHAPIPARIYA,41,68
AMRELI,DHARI,KRANGSA,KRANGSA,3,4
AMRELI,DHARI,KUBDA,KUBDA,74,65
AMRELI,DHARI,LAKHAPADAR,LAKHAPADAR,24,55
AMRELI,DHARI,MADHUPUR,MADHUPUR,26,12
AMRELI,DHARI,MANAVAV,MANAVAV,14,4
AMRELI,DHARI,MASHIKA,MASHIKA,76,1676
AMRELI,DHARI,MATAN MALA,MATANMALA,7,5
AMRELI,DHARI,MITHAPUR NAKKI,MITHAPURNAKKI,9,15
AMRELI,DHARI,MITHAPUR(DUNGRI),MITHAPURDUNGRI,94,12
AMRELI,DHARI,MONVEL,MONVEL,70,92
AMRELI,DHARI,MORZAR,MORZAR,26,36
AMRELI,DHARI,NAGADHRA,NAGADHRA,37,19
AMRELI,DHARI,NAVA CHARKHA,NAVACHARKHA,19,33
AMRELI,DHARI,PADARGADH,PADARGADH,7,7
AMRELI,DHARI,PANIYA DUNGRI,PANIYADUNGRI,8,0
AMRELI,DHARI,PANIYA(DEVASTHAN),PANIYADEVASTHAN,18,40
AMRELI,DHARI,PARBADI,PARBADI,33,18
AMRELI,DHARI,PATLA,PATLA,50,1
AMRELI,DHARI,RAJSTHALI,RAJSTHALI,16,21
AMRELI,DHARI,RAMPUR,RAMPUR,11,8
AMRELI,DHARI,RAVNA,RAVNA,6,13
AMRELI,DHARI,SAMADHIYALA NANA,SAMADHIYALANANA,46,22
AMRELI,DHARI,SARASIYA,SARASIYA,252,1446
AMRELI,DHARI,SHEMARDI,SHEMARDI,19,2
AMRELI,DHARI,SHIVAD,SHIVAD,2,18
AMRELI,DHARI,SUKHPUR,SUKHPUR,7,37
AMRELI,DHARI,TARSINGADA,TARSINGADA,17,2
AMRELI,DHARI,TRAMBAKPUR,TRAMBAKPUR,96,30
AMRELI,DHARI,VAGHVADI,VAGHVADI,57,29
AMRELI,DHARI,VAVDI,VAVDI,35,30
AMRELI,DHARI,VIRPUR,VIRPUR,107,1053
AMRELI,DHARI,ZAR,ZAR,81,185
AMRELI,JAFRABAD,BABARKOT,BABARKOT,67,8
AMRELI,JAFRABAD,BALANA,BALANA,23,19
AMRELI,JAFRABAD,BALANIVAV,BALANIVAV,2,10
AMRELI,JAFRABAD,BHADA,BHADA,27,43
AMRELI,JAFRABAD,BHANKODAR,BHANKODAR,46,45
AMRELI,JAFRABAD,BHATVADAR,BHATVADAR,14,3
AMRELI,JAFRABAD,CHHELANA,CHHELANA,41,13
AMRELI,JAFRABAD,CHITRASAR,CHITRASAR,4,0
AMRELI,JAFRABAD,DHARABANDAR,DHARABANDAR,21,0
AMRELI,JAFRABAD,DHOLADRI,DHOLADRI,10,18
AMRELI,JAFRABAD,DUDHALA,DUDHALA,73,12
AMRELI,JAFRABAD,EBHALVAD,EBHALVAD,27,11
AMRELI,JAFRABAD,FACHARIYA,FACHARIYA,19,24
AMRELI,JAFRABAD,GHENSPUR,GHENSPUR,3,8
AMRELI,JAFRABAD,HEMAL,HEMAL,21,25
AMRELI,JAFRABAD,JIKADRI JUNI,JIKADRIJUNI,9,6
AMRELI,JAFRABAD,JIKADRI NAVI,JIKADRINAVI,7,10
AMRELI,JAFRABAD,KADIYALI,KADIYALI,6,140
AMRELI,JAFRABAD,KAGVADAR,KAGVADAR,44,4
AMRELI,JAFRABAD,KANTHARIYA KHALSA,KANTHARIYAKHALSA,18,35
AMRELI,JAFRABAD,KANTHARIYA KOLI,KANTHARIYAKOLI,15,10
AMRELI,JAFRABAD,KERALA,KERALA,25,10
AMRELI,JAFRABAD,LOR,LOR,7,4
AMRELI,JAFRABAD,LOTHPUR,LOTHPUR,148,12
AMRELI,JAFRABAD,LUNSAPUR,LUNSAPUR,124,21
AMRELI,JAFRABAD,MITHAPUR,MITHAPUR,87,24
AMRELI,JAFRABAD,MITIYALA,MITIYALA,32,21
AMRELI,JAFRABAD,MOTA MANSA,MOTAMANSA,45,42
AMRELI,JAFRABAD,NAGESHRI,NAGESHRI,169,81
AMRELI,JAFRABAD,PATI MANSA (NANA),PATIMANSANANA,46,22
AMRELI,JAFRABAD,PICHHADI,PICHHADI,4,11
AMRELI,JAFRABAD,ROHISA,ROHISA,147,62
AMRELI,JAFRABAD,SAKARIYA MOTA,SAKARIYAMOTA,17,8
AMRELI,JAFRABAD,SAKARIYA NANA,SAKARIYANANA,18,3
AMRELI,JAFRABAD,SAROVARDA,SAROVARDA,5,9
AMRELI,JAFRABAD,SHIYALBET,SHIYALBET,3,12
AMRELI,JAFRABAD,SOKHDA,SOKHDA,19,11
AMRELI,JAFRABAD,TIMBI,TIMBI,104,32
AMRELI,JAFRABAD,VADHERA,VADHERA,77,1698
AMRELI,JAFRABAD,VADLI,VADLI,63,37
AMRELI,JAFRABAD,VANDH,VANDH,55,9
AMRELI,JAFRABAD,VARAHSVARUP,VARAHSVARUP,21,13
AMRELI,KHAMBHA,AMBALIYALA,AMBALIYALA,11,2
AMRELI,KHAMBHA,ANIDA,ANIDA,66,50
AMRELI,KHAMBHA,BABARPUR,BABARPUR,11,8
AMRELI,KHAMBHA,BARMAN MOTA,BARMANMOTA,38,20
AMRELI,KHAMBHA,BARMAN NANA,BARMANNANA,34,15
AMRELI,KHAMBHA,BHAD,BHAD,100,74
AMRELI,KHAMBHA,BHANIYA,BHANIYA,24,5
AMRELI,KHAMBHA,BHAVARDI,BHAVARDI,58,42
AMRELI,KHAMBHA,BHUNDANI,BHUNDANI,76,14
AMRELI,KHAMBHA,BORALA,BORALA,52,12
AMRELI,KHAMBHA,CHAKRAVA,CHAKRAVA,65,17
AMRELI,KHAMBHA,DADHIYALI,DADHIYALI,39,60
AMRELI,KHAMBHA,DADLI,DADLI,31,2
AMRELI,KHAMBHA,DEDAN,DEDAN,132,40
AMRELI,KHAMBHA,DHARI NANI,DHARINANI,13,14
AMRELI,KHAMBHA,DHAVADIYA,DHAVADIYA,5,8
AMRELI,KHAMBHA,DHUNDHAVANA,DHUNDHAVANA,34,2
AMRELI,KHAMBHA,GIDARDI,GIDARDI,11,17
AMRELI,KHAMBHA,GORANA,GORANA,28,7
AMRELI,KHAMBHA,HANUMANPUR,HANUMANPUR,46,36
AMRELI,KHAMBHA,INGORALA,INGORALA,83,984
AMRELI,KHAMBHA,JAMKA,JAMKA,61,25
AMRELI,KHAMBHA,JIKIYALI,JIKIYALI,93,35
AMRELI,KHAMBHA,JIVAPAR,JIVAPAR,4,13
AMRELI,KHAMBHA,JUNA MALAKNES,JUNAMALAKNES,25,20
AMRELI,KHAMBHA,KANTALA,KANTALA,28,5
AMRELI,KHAMBHA,KATAR,KATAR,2,6
AMRELI,KHAMBHA,KHADADHAR,KHADADHAR,73,51
AMRELI,KHAMBHA,KHAMBHA,KHAMBHA,184,113
AMRELI,KHAMBHA,KODIYA,KODIYA,32,10
AMRELI,KHAMBHA,KOTDA,KOTDA,19,247
AMRELI,KHAMBHA,LASA,LASA,48,37
AMRELI,KHAMBHA,MUNJIYASAR,MUNJIYASAR,8,7
AMRELI,KHAMBHA,NANUDI,NANUDI,6,9
AMRELI,KHAMBHA,NAVA MALAKNES,NAVAMALAKNES,22,38
AMRELI,KHAMBHA,NESDI NO-2,NESDINO2,9,14
AMRELI,KHAMBHA,NINGALA NO-2,NINGALANO2,40,34
AMRELI,KHAMBHA,PACHAPACHIYA,PACHAPACHIYA,38,0
AMRELI,KHAMBHA,PATI,PATI,2,20
AMRELI,KHAMBHA,PIPALAVA,PIPALAVA,14,41
AMRELI,KHAMBHA,PIPARIYA,PIPARIYA,11,0
AMRELI,KHAMBHA,RABARIKA,RABARIKA,23,0
AMRELI,KHAMBHA,RAYDI,RAYDI,18,55
AMRELI,KHAMBHA,RUGNATHPUR,RUGNATHPUR,78,81
AMRELI,KHAMBHA,SALVA,SALVA,26,0
AMRELI,KHAMBHA,SAMADHIYALA MOTA,SAMADHIYALAMOTA,132,116
AMRELI,KHAMBHA,SAMADHIYALA NO-2,SAMADHIYALANO2,4,33
AMRELI,KHAMBHA,SARAKADIYA,SARAKADIYA,94,82
AMRELI,KHAMBHA,TALDA,TALDA,48,1050
AMRELI,KHAMBHA,TANTANIYA,TANTANIYA,53,16
AMRELI,KHAMBHA,TRAKUDA,TRAKUDA,19,32
AMRELI,KHAMBHA,UMARIYA,UMARIYA,16,26
AMRELI,KHAMBHA,VANGADHARA,VANGADHARA,49,34
AMRELI,KHAMBHA,VANKIYA,VANKIYA,93,485
AMRELI,KHAMBHA,VISAVADAR,VISAVADAR,15,22
AMRELI,KUNKAVAV VADIA,AMRAPUR,AMRAPUR,31,64
AMRELI,KUNKAVAV VADIA,ANIDA,ANIDA,7,34
AMRELI,KUNKAVAV VADIA,ARJANSUKH,ARJANSUKH,29,17
AMRELI,KUNKAVAV VADIA,BADANPUR JUNA,BADANPURJUNA,2,131
AMRELI,KUNKAVAV VADIA,BADANPUR NAVA,BADANPURNAVA,2,0
AMRELI,KUNKAVAV VADIA,BAMBHANIYA,BAMBHANIYA,6,46
AMRELI,KUNKAVAV VADIA,BANTWA-DEVLI,BANTWADEVLI,7,0
AMRELI,KUNKAVAV VADIA,BARVALA BAVAL,BARVALABAVAL,5,6
AMRELI,KUNKAVAV VADIA,BARVALA BAVISHI,BARVALABAVISHI,10,0
AMRELI,KUNKAVAV VADIA,BHAYAVADAR,BHAYAVADAR,32,0
AMRELI,KUNKAVAV VADIA,BHUKHLI-SANTHALI,BHUKHLISANTHALI,9,14
AMRELI,KUNKAVAV VADIA,DADVA(RANDAL),DADVARANDAL,20,25
AMRELI,KUNKAVAV VADIA,DEVALKI,DEVALKI,10,25
AMRELI,KUNKAVAV VADIA,DEVGAM,DEVGAM,12,21
AMRELI,KUNKAVAV VADIA,ISHVARIYA,ISHVARIYA,7,123
AMRELI,KUNKAVAV VADIA,JITHUDI,JITHUDI,6,6
AMRELI,KUNKAVAV VADIA,JUNGAR,JUNGAR,6,0
AMRELI,KUNKAVAV VADIA,KHADKHAD,KHADKHAD,8,26
AMRELI,KUNKAVAV VADIA,KHAJURI,KHAJURI,24,0
AMRELI,KUNKAVAV VADIA,KHAJURI-PIPALIYA,KHAJURIPIPALIYA,5,4
AMRELI,KUNKAVAV VADIA,KHAKHARIYA,KHAKHARIYA,14,23
AMRELI,KUNKAVAV VADIA,KHIJADIYA HANUMAN,KHIJADIYAHANUMAN,10,7
AMRELI,KUNKAVAV VADIA,KHIJADYA-KHAN,KHIJADYAKHAN,10,4
AMRELI,KUNKAVAV VADIA,KOLDA,KOLDA,10,9
AMRELI,KUNKAVAV VADIA,KUNKAVAV MOTI,KUNKAVAVMOTI,14,696
AMRELI,KUNKAVAV VADIA,KUNKAVAV NANI,KUNKAVAVNANI,7,2
AMRELI,KUNKAVAV VADIA,LAKHAPADAR,LAKHAPADAR,6,66
AMRELI,KUNKAVAV VADIA,LUNI-DHAR,LUNIDHAR,3,11
AMRELI,KUNKAVAV VADIA,MAYA PADAR,MAYAPADAR,10,4
AMRELI,KUNKAVAV VADIA,MEGHA-PIPALIYA,MEGHAPIPALIYA,13,0
AMRELI,KUNKAVAV VADIA,MORVADA,MORVADA,7,18
AMRELI,KUNKAVAV VADIA,NAJAPUR,NAJAPUR,5,0
AMRELI,KUNKAVAV VADIA,PIPALIYA DHUNDHIYA,PIPALIYADHUNDHIYA,8,12
AMRELI,KUNKAVAV VADIA,RAMPUR,RAMPUR,6,22
AMRELI,KUNKAVAV VADIA,SANALA,SANALA,6,4
AMRELI,KUNKAVAV VADIA,SANALI,SANALI,11,43
AMRELI,KUNKAVAV VADIA,SARANGPUR,SARANGPUR,4,6
AMRELI,KUNKAVAV VADIA,SURYA PRATAPGADH,SURYAPRATAPGADH,7,0
AMRELI,KUNKAVAV VADIA,TALALI,TALALI,5,2
AMRELI,KUNKAVAV VADIA,TARGHARI,TARGHARI,3,9
AMRELI,KUNKAVAV VADIA,TORI,TORI,17,175
AMRELI,KUNKAVAV VADIA,UJALA-MOTA,UJALAMOTA,28,0
AMRELI,KUNKAVAV VADIA,UJALA-NANA,UJALANANA,16,4
AMRELI,KUNKAVAV VADIA,VADIA,VADIA,17,89
AMRELI,KUNKAVAV VADIA,VAVDI,VAVDI,6,98
AMRELI,LATHI,ADTALA,ADTALA,31,55
AMRELI,LATHI,AKALA,AKALA,99,2345
AMRELI,LATHI,ALIUDEPUR,ALIUDEPUR,41,43
AMRELI,LATHI,AMBARDI,AMBARDI,47,55
AMRELI,LATHI,ANSODAR,ANSODAR,50,91
AMRELI,LATHI,BHALVAV,BHALVAV,26,34
AMRELI,LATHI,BHATVADAR,BHATVADAR,10,36
AMRELI,LATHI,BHINGRAD,BHINGRAD,40,39
AMRELI,LATHI,BHURAKHIYA,BHURAKHIYA,48,4
AMRELI,LATHI,CHAVAND,CHAVAND,31,130
AMRELI,LATHI,CHHABHADIYA,CHHABHADIYA,18,73
AMRELI,LATHI,DAHINTHARA,DAHINTHARA,18,49
AMRELI,LATHI,DERDI-JANBAI,DERDIJANBAI,18,40
AMRELI,LATHI,DHAMEL,DHAMEL,33,102
AMRELI,LATHI,DHRUFANIA,DHRUFANIA,31,47
AMRELI,LATHI,DUDHALA BAI,DUDHALABAI,14,197
AMRELI,LATHI,DUDHALA LATHI,DUDHALALATHI,20,181
AMRELI,LATHI,HAJIRADHAR,HAJIRADHAR,10,29
AMRELI,LATHI,HARSURPUR,HARSURPUR,7,339
AMRELI,LATHI,HAVTAD,HAVTAD,12,24
AMRELI,LATHI,HIRANA,HIRANA,36,61
AMRELI,LATHI,INGORALA,INGORALA,7,632
AMRELI,LATHI,JARAKHIYA,JARAKHIYA,29,75
AMRELI,LATHI,KANCHARDI,KANCHARDI,9,87
AMRELI,LATHI,KARKOLIYA,KARKOLIYA,14,34
AMRELI,LATHI,KERALA,KERALA,17,899
AMRELI,LATHI,KERIYA,KERIYA,13,0
AMRELI,LATHI,KRISHNA GADH,KRISHNAGADH,23,27
AMRELI,LATHI,LUVARIYA,LUVARIYA,21,25
AMRELI,LATHI,MALAVIYA PIPARIYA,MALAVIYAPIPARIYA,8,33
AMRELI,LATHI,MATIRALA,MATIRALA,33,132
AMRELI,LATHI,MEMDA,MEMDA,16,24
AMRELI,LATHI,METHLI,METHLI,10,36
AMRELI,LATHI,MULIYAPAT,MULIYAPAT,10,8
AMRELI,LATHI,NARANGADH,NARANGADH,21,35
AMRELI,LATHI,PADARSHINGA,PADARSHINGA,41,96
AMRELI,LATHI,PIPALVA,PIPALVA,36,75
AMRELI,LATHI,PUNJAPAR,PUNJAPAR,5,13
AMRELI,LATHI,RABHDA,RABHDA,23,43
AMRELI,LATHI,RAJKOT NANA,RAJKOTNANA,41,256
AMRELI,LATHI,RAMPAR,RAMPAR,49,114
AMRELI,LATHI,SAKHPUR,SAKHPUR,80,232
AMRELI,LATHI,SHEKHPIPARIYA,SHEKHPIPARIYA,15,50
AMRELI,LATHI,SUVAGADH,SUVAGADH,15,11
AMRELI,LATHI,TAJPAR,TAJPAR,15,64
AMRELI,LATHI,THANSA,THANSA,18,35
AMRELI,LATHI,TODA,TODA,33,77
AMRELI,LATHI,VIRPUR,VIRPUR,31,73
AMRELI,LILIA,AMBA,AMBA,72,156
AMRELI,LILIA,ANTALIYA,ANTALIYA,49,2
AMRELI,LILIA,BAVADA,BAVADA,13,58
AMRELI,LILIA,BAVADI,BAVADI,34,39
AMRELI,LILIA,BHENSAN,BHENSAN,11,33
AMRELI,LILIA,BHENSVADI,BHENSVADI,26,0
AMRELI,LILIA,BHORINGDA,BHORINGDA,68,54
AMRELI,LILIA,BODIYA,BODIYA,27,0
AMRELI,LILIA,DHANGLA,DHANGLA,21,31
AMRELI,LILIA,EKLERA,EKLERA,51,78
AMRELI,LILIA,GODHAVADAR,GODHAVADAR,47,4
AMRELI,LILIA,GUNDRAN,GUNDRAN,41,56
AMRELI,LILIA,HARIPUR,HARIPUR,44,74
AMRELI,LILIA,HATHIGADH,HATHIGADH,26,45
AMRELI,LILIA,INGORALA,INGORALA,27,7
AMRELI,LILIA,JATRODA,JATRODA,29,75
AMRELI,LILIA,KALYANPAR,KALYANPAR,20,56
AMRELI,LILIA,KANKOT MOTA,KANKOTMOTA,45,130
AMRELI,LILIA,KANKOT NANA,KANKOTNANA,9,7
AMRELI,LILIA,KHARA,KHARA,47,25
AMRELI,LILIA,KRANKACH,KRANKACH,102,141
AMRELI,LILIA,KUNTANA,KUNTANA,42,72
AMRELI,LILIA,LILIA,LILIA,66,161
AMRELI,LILIA,LILIA NANA,LILIANANA,46,34
AMRELI,LILIA,LONKA,LONKA,17,0
AMRELI,LILIA,LONKI,LONKI,16,19
AMRELI,LILIA,PANCH TALAVDA,PANCHTALAVDA,54,2
AMRELI,LILIA,PIPALVA,PIPALVA,31,0
AMRELI,LILIA,PUNJAPADAR,PUNJAPADAR,54,0
AMRELI,LILIA,PUTALIYA,PUTALIYA,21,72
AMRELI,LILIA,RAJKOT NANA,RAJKOTNANA,20,31
AMRELI,LILIA,SALDI,SALDI,85,123
AMRELI,LILIA,SANALIYA,SANALIYA,45,2
AMRELI,LILIA,SANJANTIMBA,SANJANTIMBA,31,0
AMRELI,LILIA,SEDHAVADAR,SEDHAVADAR,33,42
AMRELI,LILIA,TIMBDI,TIMBDI,12,42
AMRELI,LILIA,VAGHANIYA,VAGHANIYA,25,20
AMRELI,RAJULA,AGARIYA DHUDIYA,AGARIYADHUDIYA,79,4
AMRELI,RAJULA,AGARIYA MOTA,AGARIYAMOTA,88,12
AMRELI,RAJULA,AGARIYA NAVA,AGARIYANAVA,55,9
AMRELI,RAJULA,AMULI,AMULI,4,4
AMRELI,RAJULA,BABARIYADHAR,BABARIYADHAR,49,112
AMRELI,RAJULA,BALAPAR,BALAPAR,17,172
AMRELI,RAJULA,BARBATANA,BARBATANA,75,521
AMRELI,RAJULA,BARPATOLI,BARPATOLI,50,93
AMRELI,RAJULA,BHACHADAR,BHACHADAR,69,429
AMRELI,RAJULA,BHAKSHI,BHAKSHI,66,140
AMRELI,RAJULA,BHERAI,BHERAI,97,28
AMRELI,RAJULA,CHANCH,CHANCH,38,98
AMRELI,RAJULA,CHARODIYA,CHARODIYA,20,25
AMRELI,RAJULA,CHHAPRI,CHHAPRI,41,65
AMRELI,RAJULA,CHHATADIYA,CHHATADIYA,34,0
AMRELI,RAJULA,CHOTRA,CHOTRA,49,16
AMRELI,RAJULA,DANTARDI,DANTARDI,96,132
AMRELI,RAJULA,DEVKA,DEVKA,61,26
AMRELI,RAJULA,DHARANO NES,DHARANONES,8,369
AMRELI,RAJULA,DHARESHVAR,DHARESHVAR,48,31
AMRELI,RAJULA,DIPADIYA,DIPADIYA,23,11
AMRELI,RAJULA,DOLIYA,DOLIYA,44,49
AMRELI,RAJULA,DUNGAR,DUNGAR,194,192
AMRELI,RAJULA,DUNGARPARDA,DUNGARPARDA,11,24
AMRELI,RAJULA,GANJAVADAR,GANJAVADAR,10,8
AMRELI,RAJULA,HADMATIYA,HADMATIYA,41,13
AMRELI,RAJULA,HINDORNA,HINDORNA,67,98
AMRELI,RAJULA,JHOLAPAR,JHOLAPAR,35,22
AMRELI,RAJULA,KADIYALI,KADIYALI,79,18
AMRELI,RAJULA,KATAR,KATAR,82,7
AMRELI,RAJULA,KATHIVADAR,KATHIVADAR,34,38
AMRELI,RAJULA,KHAKHBAI,KHAKHBAI,64,40
AMRELI,RAJULA,KHAMBHALIYA,KHAMBHALIYA,41,30
AMRELI,RAJULA,KHARI,KHARI,26,7
AMRELI,RAJULA,KHERA,KHERA,31,40
AMRELI,RAJULA,KHERALI MOTI,KHERALIMOTI,53,141
AMRELI,RAJULA,KHERALI NANI,KHERALINANI,24,58
AMRELI,RAJULA,KOTDI,KOTDI,97,106
AMRELI,RAJULA,KOVAYA,KOVAYA,26,92
AMRELI,RAJULA,KUMBHARIYA,KUMBHARIYA,37,37
AMRELI,RAJULA,KUNDALIYALA,KUNDALIYALA,63,27
AMRELI,RAJULA,MAJDAR(VICTOR),MAJDARVICTOR,43,10
AMRELI,RAJULA,MANDAL,MANDAL,80,2117
AMRELI,RAJULA,MANDARDI NAVI-JUNI,MANDARDINAVIJUNI,63,25
AMRELI,RAJULA,MASUNDADA NANA- MOTA,MASUNDADANANAMOTA,13,94
AMRELI,RAJULA,MOBHIYANA MOTA,MOBHIYANAMOTA,3,50
AMRELI,RAJULA,MOBHIYANA NAVA,MOBHIYANANAVA,4,88
AMRELI,RAJULA,MORANGI,MORANGI,28,75
AMRELI,RAJULA,NAVAGAM(MARIANA),NAVAGAMMARIANA,49,112
AMRELI,RAJULA,NESDI NO -1,NESDINO1,27,0
AMRELI,RAJULA,NINGALA NO-1,NINGALANO1,34,18
AMRELI,RAJULA,PATVA,PATVA,12,34
AMRELI,RAJULA,PIPAVAV N,PIPAVAVN,21,5
AMRELI,RAJULA,RABHDA,RABHDA,66,40
AMRELI,RAJULA,RAJPARDA,RAJPARDA,18,18
AMRELI,RAJULA,RAMPARA NO-1,RAMPARANO1,37,14
AMRELI,RAJULA,RAMPARA NO-2,RAMPARANO2,114,33
AMRELI,RAJULA,RINGANIYALA MOTA,RINGANIYALAMOTA,5,46
AMRELI,RAJULA,RINGANIYALA NANA,RINGANIYALANANA,25,4
AMRELI,RAJULA,SAJANAVAV,SAJANAVAV,15,32
AMRELI,RAJULA,SAMADHIYALA N0-1,SAMADHIYALAN01,58,121
AMRELI,RAJULA,UCHAIYA,UCHAIYA,26,13
AMRELI,RAJULA,UNTIYA,UNTIYA,3,23
AMRELI,RAJULA,VAD,VAD,50,38
AMRELI,RAJULA,VADLI,VADLI,42,17
AMRELI,RAJULA,VAVDI,VAVDI,49,979
AMRELI,RAJULA,VAVERA,VAVERA,131,138
AMRELI,RAJULA,VISALIYA,VISALIYA,61,80
AMRELI,RAJULA,ZAMPODAR,ZAMPODAR,41,8
AMRELI,RAJULA,ZANZARDA,ZANZARDA,41,12
AMRELI,RAJULA,ZINZKA,ZINZKA,13,39
AMRELI,SAVAR KUNDLA,ABHRAMPARA,ABHRAMPARA,36,137
AMRELI,SAVAR KUNDLA,ADSANG,ADSANG,34,121
AMRELI,SAVAR KUNDLA,AMBARDI,AMBARDI,51,54
AMRELI,SAVAR KUNDLA,AMRUTVEL,AMRUTVEL,43,105
AMRELI,SAVAR KUNDLA,ANKOLADA,ANKOLADA,17,61
AMRELI,SAVAR KUNDLA,BADHADA,BADHADA,53,476
AMRELI,SAVAR KUNDLA,BAGOYA,BAGOYA,17,65
AMRELI,SAVAR KUNDLA,BHAMAR,BHAMAR,47,146
AMRELI,SAVAR KUNDLA,BHENKRA,BHENKRA,13,60
AMRELI,SAVAR KUNDLA,BHONKARVA,BHONKARVA,46,301
AMRELI,SAVAR KUNDLA,BHUVA,BHUVA,53,79
AMRELI,SAVAR KUNDLA,BORALA,BORALA,11,42
AMRELI,SAVAR KUNDLA,CHARKHADIYA,CHARKHADIYA,34,74
AMRELI,SAVAR KUNDLA,CHHAPRI,CHHAPRI,13,87
AMRELI,SAVAR KUNDLA,CHIKHALI,CHIKHALI,58,233
AMRELI,SAVAR KUNDLA,DADHIYA,DADHIYA,30,340
AMRELI,SAVAR KUNDLA,DEDKADI,DEDKADI,11,71
AMRELI,SAVAR KUNDLA,DETAD,DETAD,7,91
AMRELI,SAVAR KUNDLA,DHAJDI,DHAJDI,22,1038
AMRELI,SAVAR KUNDLA,DHAR,DHAR,7,70
AMRELI,SAVAR KUNDLA,DOLTI,DOLTI,33,170
AMRELI,SAVAR KUNDLA,FACHARIYA,FACHARIYA,25,18
AMRELI,SAVAR KUNDLA,FIFAD,FIFAD,18,16
AMRELI,SAVAR KUNDLA,GADHAKDA,GADHAKDA,8,383
AMRELI,SAVAR KUNDLA,GHANDLA,GHANDLA,26,109
AMRELI,SAVAR KUNDLA,GHOBA,GHOBA,15,14
AMRELI,SAVAR KUNDLA,GINIYA,GINIYA,3,308
AMRELI,SAVAR KUNDLA,GORADKA,GORADKA,17,93
AMRELI,SAVAR KUNDLA,HADIDA,HADIDA,57,54
AMRELI,SAVAR KUNDLA,HATHASANI,HATHASANI,40,28
AMRELI,SAVAR KUNDLA,HIPAVADLI,HIPAVADLI,45,98
AMRELI,SAVAR KUNDLA,JABAL,JABAL,82,0
AMRELI,SAVAR KUNDLA,JAMBUDA,JAMBUDA,33,56
AMRELI,SAVAR KUNDLA,JEJAD,JEJAD,28,638
AMRELI,SAVAR KUNDLA,JIRA,JIRA,22,163
AMRELI,SAVAR KUNDLA,JUNA SAVAR,JUNASAVAR,28,93
AMRELI,SAVAR KUNDLA,KANATALAV,KANATALAV,14,75
AMRELI,SAVAR KUNDLA,KANTRODI,KANTRODI,86,64
AMRELI,SAVAR KUNDLA,KARJALA,KARJALA,26,45
AMRELI,SAVAR KUNDLA,KEDARIYA,KEDARIYA,22,19
AMRELI,SAVAR KUNDLA,KERALA,KERALA,27,121
AMRELI,SAVAR KUNDLA,KHADKALA,KHADKALA,68,96
AMRELI,SAVAR KUNDLA,KHADSALI,KHADSALI,12,48
AMRELI,SAVAR KUNDLA,KHALPAR,KHALPAR,15,67
AMRELI,SAVAR KUNDLA,KHODIYANA,KHODIYANA,41,12
AMRELI,SAVAR KUNDLA,KUNKAVAV,KUNKAVAV,3,7
AMRELI,SAVAR KUNDLA,LIKHALA,LIKHALA,9,213
AMRELI,SAVAR KUNDLA,LUVARA,LUVARA,8,118
AMRELI,SAVAR KUNDLA,MADHADA,MADHADA,18,37
AMRELI,SAVAR KUNDLA,MEKDA,MEKDA,42,12
AMRELI,SAVAR KUNDLA,MERIYANA,MERIYANA,19,56
AMRELI,SAVAR KUNDLA,MEVASA,MEVASA,15,7
AMRELI,SAVAR KUNDLA,MITIYALA,MITIYALA,7,482
AMRELI,SAVAR KUNDLA,MOLDI,MOLDI,30,64
AMRELI,SAVAR KUNDLA,MOTA BHAMODRA,MOTABHAMODRA,55,67
AMRELI,SAVAR KUNDLA,MOTA ZINZUDA,MOTAZINZUDA,28,144
AMRELI,SAVAR KUNDLA,NAL,NAL,38,9
AMRELI,SAVAR KUNDLA,NANA BHAMODRA,NANABHAMODRA,8,56
AMRELI,SAVAR KUNDLA,NANA ZINZUDA,NANAZINZUDA,21,65
AMRELI,SAVAR KUNDLA,NANI VADAL,NANIVADAL,37,16
AMRELI,SAVAR KUNDLA,NESDI,NESDI,58,78
AMRELI,SAVAR KUNDLA,OLIYA,OLIYA,80,127
AMRELI,SAVAR KUNDLA,PIPARADI,PIPARADI,13,28
AMRELI,SAVAR KUNDLA,PITHVADI,PITHVADI,37,79
AMRELI,SAVAR KUNDLA,PIYAVA,PIYAVA,35,1298
AMRELI,SAVAR KUNDLA,RABARIKA,RABARIKA,26,12
AMRELI,SAVAR KUNDLA,RAMGADH,RAMGADH,11,26
AMRELI,SAVAR KUNDLA,SENJAL,SENJAL,14,61
AMRELI,SAVAR KUNDLA,SHELANA,SHELANA,96,1918
AMRELI,SAVAR KUNDLA,SIMARAN,SIMARAN,41,93
AMRELI,SAVAR KUNDLA,THAVI,THAVI,54,20
AMRELI,SAVAR KUNDLA,THORDI,THORDI,27,306
AMRELI,SAVAR KUNDLA,VANDA,VANDA,56,118
AMRELI,SAVAR KUNDLA,VANOT,VANOT,62,1234
AMRELI,SAVAR KUNDLA,VANSHIYALI,VANSHIYALI,34,81
AMRELI,SAVAR KUNDLA,VIJAPDI,VIJAPDI,105,117
AMRELI,SAVAR KUNDLA,VIJAYANAGAR,VIJAYANAGAR,21,0
AMRELI,SAVAR KUNDLA,VIRDI,VIRDI,33,0
AMRELI,SAVAR KUNDLA,ZADKALA,ZADKALA,25,64
ANAND,ANAND,ADAS,ADAS,39,1483
ANAND,ANAND,AJARPURA,AJARPURA,83,2082
ANAND,ANAND,ANKLAVDI,ANKLAVDI,20,367
ANAND,ANAND,BEDVA,BEDVA,10,387
ANAND,ANAND,CHIKHODRA,CHIKHODRA,104,1730
ANAND,ANAND,GAMDI,GAMDI,58,781
ANAND,ANAND,GANA,GANA,18,481
ANAND,ANAND,GOPALPURA,GOPALPURA,12,183
ANAND,ANAND,HADGOOD,HADGOOD,24,314
ANAND,ANAND,JAKHARIYA,JAKHARIYA,7,213
ANAND,ANAND,JITODIYA,JITODIYA,35,372
ANAND,ANAND,JOL,JOL,64,1642
ANAND,ANAND,KASOR,KASOR,32,1951
ANAND,ANAND,KHAMBHOLAJ,KHAMBHOLAJ,11,1294
ANAND,ANAND,KHANDHALI,KHANDHALI,48,305
ANAND,ANAND,KHANPUR,KHANPUR,14,725
ANAND,ANAND,KHERDA,KHERDA,6,212
ANAND,ANAND,KUNJRAO,KUNJRAO,78,857
ANAND,ANAND,LAMBHVEL,LAMBHVEL,19,635
ANAND,ANAND,MEGHVA GANA,MEGHVAGANA,12,256
ANAND,ANAND,MOGAR,MOGAR,48,784
ANAND,ANAND,MOGARI,MOGARI,38,1884
ANAND,ANAND,NAPAD TALPAD,NAPADTALPAD,27,850
ANAND,ANAND,NAPAD VANTO,NAPADVANTO,70,694
ANAND,ANAND,NAVLI,NAVLI,49,1024
ANAND,ANAND,RAHTALAV,RAHTALAV,15,347
ANAND,ANAND,RAJUPURA,RAJUPURA,8,161
ANAND,ANAND,RAMNAGAR,RAMNAGAR,2,386
ANAND,ANAND,RASNOL,RASNOL,24,1529
ANAND,ANAND,SAMARKHA,SAMARKHA,150,1818
ANAND,ANAND,SANDESAR,SANDESAR,23,2016
ANAND,ANAND,SARSA,SARSA,22,2529
ANAND,ANAND,SUNDAN,SUNDAN,8,728
ANAND,ANAND,TARNOL,TARNOL,40,924
ANAND,ANAND,VADOD,VADOD,27,1121
ANAND,ANAND,VAGHASI,VAGHASI,48,481
ANAND,ANAND,VAHERAKHADI,VAHERAKHADI,38,784
ANAND,ANAND,VALASAN,VALASAN,39,902
ANAND,ANAND,VANS KHILIYA,VANSKHILIYA,45,184
ANAND,ANAND,VASAD,VASAD,83,1024
ANAND,ANKLAV,AMBALI,AMBALI,55,481
ANAND,ANKLAV,AMBAV,AMBAV,13,695
ANAND,ANKLAV,AMROL,AMROL,40,639
ANAND,ANKLAV,ASARMA,ASARMA,50,1051
ANAND,ANKLAV,ASODAR,ASODAR,62,1499
ANAND,ANKLAV,BAMANGAM,BAMANGAM,75,1668
ANAND,ANKLAV,BHANPURA,BHANPURA,16,160
ANAND,ANKLAV,BHETASI (TALPAD),BHETASITALPAD,36,1574
ANAND,ANKLAV,BHETASI BA BHAG,BHETASIBABHAG,18,410
ANAND,ANKLAV,BHETASI VANTO,BHETASIVANTO,53,1213
ANAND,ANKLAV,BILPAD,BILPAD,40,544
ANAND,ANKLAV,CHAMARA,CHAMARA,25,859
ANAND,ANKLAV,DEVAPURA,DEVAPURA,34,773
ANAND,ANKLAV,GAMBHIRA,GAMBHIRA,48,3803
ANAND,ANKLAV,HALDARI,HALDARI,27,240
ANAND,ANKLAV,HATHIPURA,HATHIPURA,35,433
ANAND,ANKLAV,JHILOD,JHILOD,20,278
ANAND,ANKLAV,JOSHIKUVA,JOSHIKUVA,48,831
ANAND,ANKLAV,KANTHARIYA,KANTHARIYA,36,693
ANAND,ANKLAV,KANVADI,KANVADI,42,387
ANAND,ANKLAV,KHADOL (HALDARI),KHADOLHALDARI,47,1246
ANAND,ANKLAV,KHADOL (UMETA),KHADOLUMETA,22,366
ANAND,ANKLAV,KOSINDRA,KOSINDRA,83,837
ANAND,ANKLAV,LALPURA,LALPURA,18,431
ANAND,ANKLAV,MANPURA,MANPURA,10,154
ANAND,ANKLAV,MUJKUVA,MUJKUVA,35,345
ANAND,ANKLAV,NARPURA,NARPURA,17,297
ANAND,ANKLAV,NAVAKHAL,NAVAKHAL,51,560
ANAND,ANKLAV,NAVAPURA,NAVAPURA,27,400
ANAND,ANKLAV,SANKHYAD,SANKHYAD,48,612
ANAND,ANKLAV,UMETA,UMETA,46,468
ANAND,BORSAD,ALARSA,ALARSA,15,976
ANAND,BORSAD,AMIYAD,AMIYAD,18,576
ANAND,BORSAD,BADALPUR,BADALPUR,18,329
ANAND,BORSAD,BANEJDA,BANEJDA,4,236
ANAND,BORSAD,BHADRAN,BHADRAN,25,2750
ANAND,BORSAD,BHADRANIYA,BHADRANIYA,19,1576
ANAND,BORSAD,BOCHASAN,BOCHASAN,51,2484
ANAND,BORSAD,BODAL,BODAL,44,1637
ANAND,BORSAD,CHUVA,CHUVA,10,636
ANAND,BORSAD,DABHASI,DABHASI,23,562
ANAND,BORSAD,DAHEMI,DAHEMI,6,963
ANAND,BORSAD,DALI,DALI,14,328
ANAND,BORSAD,DAVOL,DAVOL,34,1165
ANAND,BORSAD,DEDARDA,DEDARDA,53,1209
ANAND,BORSAD,DHANAVASI,DHANAVASI,2,577
ANAND,BORSAD,DHOBIKUI,DHOBIKUI,15,268
ANAND,BORSAD,DHUNDAKUVA,DHUNDAKUVA,7,260
ANAND,BORSAD,DIVEL,DIVEL,15,407
ANAND,BORSAD,GAJANA,GAJANA,29,408
ANAND,BORSAD,GOLEL,GOLEL,13,277
ANAND,BORSAD,GORVA,GORVA,10,320
ANAND,BORSAD,HARKHAPURA,HARKHAPURA,5,217
ANAND,BORSAD,JANTRAL,JANTRAL,5,551
ANAND,BORSAD,KALU,KALU,9,465
ANAND,BORSAD,KANBHA,KANBHA,23,688
ANAND,BORSAD,KANDHROTI,KANDHROTI,9,629
ANAND,BORSAD,KANKAPURA,KANKAPURA,29,1726
ANAND,BORSAD,KASARI,KASARI,9,304
ANAND,BORSAD,KASUMBAD,KASUMBAD,5,307
ANAND,BORSAD,KATHANA,KATHANA,34,754
ANAND,BORSAD,KATHOL,KATHOL,7,584
ANAND,BORSAD,KAVITHA,KAVITHA,45,1927
ANAND,BORSAD,KHANPUR,KHANPUR,30,849
ANAND,BORSAD,KHEDASA,KHEDASA,22,561
ANAND,BORSAD,KIHKHLOD,KIHKHLOD,50,1100
ANAND,BORSAD,KOTHIYA KHAD,KOTHIYAKHAD,17,361
ANAND,BORSAD,MOTI SHERDI,MOTISHERDI,11,377
ANAND,BORSAD,NAMAN,NAMAN,12,574
ANAND,BORSAD,NANI SHERDI,NANISHERDI,8,246
ANAND,BORSAD,NAPA TALPAD,NAPATALPAD,53,865
ANAND,BORSAD,NAPA VANTO,NAPAVANTO,19,745
ANAND,BORSAD,NISARAYA,NISARAYA,14,727
ANAND,BORSAD,PAMOL,PAMOL,8,1322
ANAND,BORSAD,PIPLI,PIPLI,19,482
ANAND,BORSAD,RANOLI,RANOLI,10,556
ANAND,BORSAD,RAS,RAS,44,2370
ANAND,BORSAD,RUDEL,RUDEL,43,1086
ANAND,BORSAD,SAIJPUR,SAIJPUR,15,1017
ANAND,BORSAD,SALOL,SALOL,31,1035
ANAND,BORSAD,SANTOKPURA,SANTOKPURA,14,231
ANAND,BORSAD,SINGLAV,SINGLAV,8,1056
ANAND,BORSAD,SISVA,SISVA,9,1829
ANAND,BORSAD,SUR KUVA,SURKUVA,11,470
ANAND,BORSAD,UMLAV,UMLAV,15,374
ANAND,BORSAD,UNELI,UNELI,11,288
ANAND,BORSAD,VACHHIYEL,VACHHIYEL,2,376
ANAND,BORSAD,VADELI,VADELI,3,819
ANAND,BORSAD,VAHERA,VAHERA,26,1160
ANAND,BORSAD,VALVOD,VALVOD,20,1378
ANAND,BORSAD,VASNA ( RAS),VASNARAS,3,442
ANAND,BORSAD,VASNA (BORSAD),VASNABORSAD,43,1507
ANAND,BORSAD,VIRSAD,VIRSAD,23,1318
ANAND,BORSAD,ZHAROLA,ZHAROLA,17,2061
ANAND,KHAMBHAT,AKHOL,AKHOL,32,1007
ANAND,KHAMBHAT,BAMANVA,BAMANVA,58,1135
ANAND,KHAMBHAT,BHAT TALAVADI,BHATTALAVADI,6,173
ANAND,KHAMBHAT,BHIMTALAV,BHIMTALAV,7,290
ANAND,KHAMBHAT,BHUVEL,BHUVEL,57,621
ANAND,KHAMBHAT,CHHATARDI,CHHATARDI,32,199
ANAND,KHAMBHAT,DAHEDA,DAHEDA,39,901
ANAND,KHAMBHAT,Dhuvaran,DHUVARAN,28,656
ANAND,KHAMBHAT,FINAV,FINAV,9,1377
ANAND,KHAMBHAT,GOLANA,GOLANA,205,3346
ANAND,KHAMBHAT,GUDEL,GUDEL,27,827
ANAND,KHAMBHAT,HARIPURA,HARIPURA,53,700
ANAND,KHAMBHAT,HARIYAN,HARIYAN,14,750
ANAND,KHAMBHAT,HASANPURA,HASANPURA,22,229
ANAND,KHAMBHAT,JAHAJ,JAHAJ,39,667
ANAND,KHAMBHAT,JALSAN,JALSAN,22,1488
ANAND,KHAMBHAT,JALUNDH,JALUNDH,49,2704
ANAND,KHAMBHAT,JHALAPUR,JHALAPUR,23,231
ANAND,KHAMBHAT,JINAJ,JINAJ,23,1247
ANAND,KHAMBHAT,KALAMSAR,KALAMSAR,60,1266
ANAND,KHAMBHAT,KALI TALAVADI,KALITALAVADI,15,110
ANAND,KHAMBHAT,KANISA,KANISA,26,1288
ANAND,KHAMBHAT,KANSARI,KANSARI,46,1497
ANAND,KHAMBHAT,KANZAT,KANZAT,20,621
ANAND,KHAMBHAT,KHADODHI,KHADODHI,48,781
ANAND,KHAMBHAT,KHATNAL,KHATNAL,17,494
ANAND,KHAMBHAT,KODVA,KODVA,12,207
ANAND,KHAMBHAT,LUNEJ,LUNEJ,43,395
ANAND,KHAMBHAT,MALASONI,MALASONI,25,249
ANAND,KHAMBHAT,MALU,MALU,11,441
ANAND,KHAMBHAT,METPUR,METPUR,25,238
ANAND,KHAMBHAT,MITLI,MITLI,118,1434
ANAND,KHAMBHAT,MOTIPURA,MOTIPURA,31,380
ANAND,KHAMBHAT,NAGRA,NAGRA,72,1614
ANAND,KHAMBHAT,NANA KALODRA,NANAKALODRA,27,263
ANAND,KHAMBHAT,NANDELI,NANDELI,7,224
ANAND,KHAMBHAT,NAVAGAM BARA,NAVAGAMBARA,30,251
ANAND,KHAMBHAT,NAVAGAM VANTA,NAVAGAMVANTA,8,230
ANAND,KHAMBHAT,NEJA,NEJA,66,611
ANAND,KHAMBHAT,PALDI,PALDI,26,146
ANAND,KHAMBHAT,PANDAD,PANDAD,57,1437
ANAND,KHAMBHAT,PIPLOI,PIPLOI,19,2531
ANAND,KHAMBHAT,POPAT VAV,POPATVAV,13,177
ANAND,KHAMBHAT,RAJPUR,RAJPUR,10,102
ANAND,KHAMBHAT,RALAJ,RALAJ,56,915
ANAND,KHAMBHAT,RANGPUR,RANGPUR,31,452
ANAND,KHAMBHAT,ROHNI,ROHNI,106,933
ANAND,KHAMBHAT,SAYAMA,SAYAMA,23,1167
ANAND,KHAMBHAT,SHAKARPUR,SHAKARPUR,31,3100
ANAND,KHAMBHAT,SOKHADA,SOKHADA,36,318
ANAND,KHAMBHAT,TAMSA,TAMSA,31,486
ANAND,KHAMBHAT,TARAKPUR,TARAKPUR,20,380
ANAND,KHAMBHAT,TIMBA,TIMBA,32,685
ANAND,KHAMBHAT,UNDEL,UNDEL,107,2076
ANAND,KHAMBHAT,VADGAM,VADGAM,71,1695
ANAND,KHAMBHAT,VADOLA,VADOLA,22,269
ANAND,KHAMBHAT,VAINAJ,VAINAJ,18,639
ANAND,KHAMBHAT,VASNA,VASNA,21,378
ANAND,KHAMBHAT,VATADRA,VATADRA,65,1330
ANAND,KHAMBHAT,VATRA,VATRA,26,399
ANAND,PETLAD,AGAS,AGAS,9,1223
ANAND,PETLAD,AMOD,AMOD,75,1795
ANAND,PETLAD,ARDI,ARDI,21,1089
ANAND,PETLAD,ASHI,ASHI,21,2284
ANAND,PETLAD,BAMROLI,BAMROLI,11,1084
ANAND,PETLAD,BANDHNI,BANDHNI,44,2566
ANAND,PETLAD,BHALEL,BHALEL,27,685
ANAND,PETLAD,BHATIEL,BHATIEL,23,490
ANAND,PETLAD,BHAVANIPURA,BHAVANIPURA,21,485
ANAND,PETLAD,BHURAKUI,BHURAKUI,26,736
ANAND,PETLAD,BORIYA,BORIYA,22,1030
ANAND,PETLAD,CHANGA,CHANGA,78,2919
ANAND,PETLAD,DANTALI,DANTALI,24,993
ANAND,PETLAD,DANTELI,DANTELI,9,706
ANAND,PETLAD,DAVALPURA,DAVALPURA,20,301
ANAND,PETLAD,DEMOL,DEMOL,48,1030
ANAND,PETLAD,DHAIRYAPURA,DHAIRYAPURA,39,435
ANAND,PETLAD,DHARMAJ,DHARMAJ,39,2891
ANAND,PETLAD,FANGANI,FANGANI,24,662
ANAND,PETLAD,GHUNTELI,GHUNTELI,12,1115
ANAND,PETLAD,ISARAMA,ISARAMA,26,343
ANAND,PETLAD,JESARVA,JESARVA,32,417
ANAND,PETLAD,JOGAN,JOGAN,29,346
ANAND,PETLAD,KANIYA,KANIYA,47,916
ANAND,PETLAD,KHADANA,KHADANA,31,1660
ANAND,PETLAD,LAKKADPURA,LAKKADPURA,6,227
ANAND,PETLAD,MAHELAV,MAHELAV,30,3389
ANAND,PETLAD,MANEJ,MANEJ,43,1471
ANAND,PETLAD,MANPURA,MANPURA,15,604
ANAND,PETLAD,MORAD,MORAD,49,856
ANAND,PETLAD,NAR,NAR,173,10014
ANAND,PETLAD,PADGOL,PADGOL,45,1203
ANAND,PETLAD,PALAJ,PALAJ,26,5372
ANAND,PETLAD,PANDOLI,PANDOLI,71,7818
ANAND,PETLAD,PORDA,PORDA,49,1012
ANAND,PETLAD,RAMODADI,RAMODADI,6,267
ANAND,PETLAD,RAMOL,RAMOL,45,1273
ANAND,PETLAD,RANGAIPURA,RANGAIPURA,29,524
ANAND,PETLAD,RAVIPURA,RAVIPURA,13,314
ANAND,PETLAD,RAVLI,RAVLI,28,2256
ANAND,PETLAD,RUPIYAPURA,RUPIYAPURA,12,423
ANAND,PETLAD,SANJAYA,SANJAYA,28,763
ANAND,PETLAD,SANSEJ,SANSEJ,6,527
ANAND,PETLAD,SHAHPUR,SHAHPUR,14,510
ANAND,PETLAD,SHEKHADI,SHEKHADI,12,214
ANAND,PETLAD,SIHOL,SIHOL,37,1431
ANAND,PETLAD,SILVAI,SILVAI,44,1168
ANAND,PETLAD,SIMARADA,SIMARADA,4,1737
ANAND,PETLAD,SUNAV,SUNAV,46,998
ANAND,PETLAD,SUNDARA,SUNDARA,40,545
ANAND,PETLAD,SUNDARANA,SUNDARANA,23,1113
ANAND,PETLAD,VADADALA,VADADALA,30,983
ANAND,PETLAD,VATAV,VATAV,35,432
ANAND,PETLAD,VIROL(SIMARADA),VIROLSIMARADA,24,5516
ANAND,PETLAD,VISHNOLI,VISHNOLI,39,837
ANAND,PETLAD,VISHRAMPURA,VISHRAMPURA,25,363
ANAND,SOJITRA,BALINTA,BALINTA,36,2359
ANAND,SOJITRA,BANTWA,BANTWA,9,615
ANAND,SOJITRA,BHADKAD,BHADKAD,9,1762
ANAND,SOJITRA,DABHOU(VIRSADPURA),DABHOUVIRSADPURA,35,4569
ANAND,SOJITRA,DALI,DALI,31,334
ANAND,SOJITRA,DEVA TALPAD,DEVATALPAD,14,1534
ANAND,SOJITRA,DEVA VANTA,DEVAVANTA,11,507
ANAND,SOJITRA,DEVATAJ,DEVATAJ,38,501
ANAND,SOJITRA,GADA,GADA,35,1059
ANAND,SOJITRA,INSAV,INSAV,29,1268
ANAND,SOJITRA,KASOR,KASOR,49,2534
ANAND,SOJITRA,KHANSOL,KHANSOL,16,404
ANAND,SOJITRA,KOTHAVI,KOTHAVI,12,341
ANAND,SOJITRA,LIMBALI,LIMBALI,32,537
ANAND,SOJITRA,MAGHAROL,MAGHAROL,51,1434
ANAND,SOJITRA,MALTAJ,MALTAJ,16,2522
ANAND,SOJITRA,MEGHALPUR,MEGHALPUR,30,494
ANAND,SOJITRA,PALOL,PALOL,40,2545
ANAND,SOJITRA,PETLI,PETLI,10,2517
ANAND,SOJITRA,PIPLAV,PIPLAV,55,2242
ANAND,SOJITRA,RUN,RUN,7,374
ANAND,SOJITRA,RUNAJ,RUNAJ,15,940
ANAND,SOJITRA,TRAMBOVAD,TRAMBOVAD,38,604
ANAND,SOJITRA,VIROL (SOJITRA),VIROLSOJITRA,16,1240
ANAND,TARAPUR,ADRUJ,ADRUJ,13,187
ANAND,TARAPUR,AMALIYARA,AMALIYARA,11,579
ANAND,TARAPUR,BHANDERAJ,BHANDERAJ,30,485
ANAND,TARAPUR,BUDHEJ,BUDHEJ,17,751
ANAND,TARAPUR,CHANGADA,CHANGADA,50,785
ANAND,TARAPUR,CHIKHALIYA,CHIKHALIYA,17,169
ANAND,TARAPUR,CHITARWADA,CHITARWADA,21,219
ANAND,TARAPUR,DUGARI,DUGARI,45,366
ANAND,TARAPUR,FATEPURA,FATEPURA,33,359
ANAND,TARAPUR,GALIYANA,GALIYANA,82,545
ANAND,TARAPUR,GORAD,GORAD,26,411
ANAND,TARAPUR,INDRANAJ,INDRANAJ,64,862
ANAND,TARAPUR,ISANPUR,ISANPUR,21,226
ANAND,TARAPUR,ISARWADA,ISARWADA,72,938
ANAND,TARAPUR,JAFARGANJ,JAFARGANJ,9,229
ANAND,TARAPUR,JAFRABAD,JAFRABAD,12,284
ANAND,TARAPUR,JALLA,JALLA,24,837
ANAND,TARAPUR,JICHKA,JICHKA,29,310
ANAND,TARAPUR,KANAVADA,KANAVADA,44,993
ANAND,TARAPUR,KASBARA,KASBARA,73,636
ANAND,TARAPUR,KHADA,KHADA,36,690
ANAND,TARAPUR,KHAKHSAR,KHAKHSAR,43,936
ANAND,TARAPUR,KHANPUR,KHANPUR,17,440
ANAND,TARAPUR,MAHIYARI,MAHIYARI,64,943
ANAND,TARAPUR,MALPUR,MALPUR,25,262
ANAND,TARAPUR,MIL RAMPURA,MILRAMPURA,22,620
ANAND,TARAPUR,MOBHA,MOBHA,40,1238
ANAND,TARAPUR,MORAJ,MORAJ,81,1178
ANAND,TARAPUR,MOTA KALODRA,MOTAKALODRA,17,1062
ANAND,TARAPUR,NABHOI,NABHOI,28,331
ANAND,TARAPUR,PACHEGAM,PACHEGAM,37,1166
ANAND,TARAPUR,PADRA,PADRA,45,791
ANAND,TARAPUR,REL,REL,18,634
ANAND,TARAPUR,RINZA,RINZA,45,300
ANAND,TARAPUR,SATH,SATH,43,529
ANAND,TARAPUR,TARAPUR,TARAPUR,196,3247
ANAND,TARAPUR,TOL,TOL,7,222
ANAND,TARAPUR,UNTWADA,UNTWADA,38,882
ANAND,TARAPUR,VALANDAPURA,VALANDAPURA,44,492
ANAND,TARAPUR,VALLI,VALLI,50,705
ANAND,TARAPUR,VANK TALAV,VANKTALAV,6,151
ANAND,TARAPUR,VARSADA,VARSADA,119,1101
ANAND,UMRETH,AHIMA,AHIMA,17,275
ANAND,UMRETH,ARDI,ARDI,21,740
ANAND,UMRETH,ASHIPURA,ASHIPURA,3,802
ANAND,UMRETH,BADAPURA,BADAPURA,4,144
ANAND,UMRETH,BECHARI,BECHARI,5,511
ANAND,UMRETH,BHALEJ,BHALEJ,45,2301
ANAND,UMRETH,BHARODA,BHARODA,9,711
ANAND,UMRETH,BHATPURA,BHATPURA,6,117
ANAND,UMRETH,DAGJIPURA,DAGJIPURA,2,586
ANAND,UMRETH,DHOLI,DHOLI,12,106
ANAND,UMRETH,DHULETA,DHULETA,14,324
ANAND,UMRETH,FATEPURA,FATEPURA,4,130
ANAND,UMRETH,GANGAPURA,GANGAPURA,3,152
ANAND,UMRETH,GHORA,GHORA,29,2026
ANAND,UMRETH,HAMIDPURA,HAMIDPURA,40,256
ANAND,UMRETH,JAKHALA,JAKHALA,8,372
ANAND,UMRETH,KHANKHANPUR,KHANKHANPUR,12,102
ANAND,UMRETH,KHANKUVA,KHANKUVA,51,572
ANAND,UMRETH,KHORWAD,KHORWAD,4,308
ANAND,UMRETH,LINGDA,LINGDA,22,701
ANAND,UMRETH,MEGHVA BADAPURA,MEGHVABADAPURA,20,253
ANAND,UMRETH,NAVAPURA,NAVAPURA,3,42
ANAND,UMRETH,PANSORA,PANSORA,53,1861
ANAND,UMRETH,PARVATA,PARVATA,14,399
ANAND,UMRETH,PRATAPPURA,PRATAPPURA,7,114
ANAND,UMRETH,RATANPURA,RATANPURA,6,488
ANAND,UMRETH,SAIYADPURA,SAIYADPURA,11,279
ANAND,UMRETH,SARDARPURA,SARDARPURA,16,316
ANAND,UMRETH,SHILI,SHILI,19,2401
ANAND,UMRETH,SUNDALPURA,SUNDALPURA,55,1224
ANAND,UMRETH,SURELI,SURELI,11,671
ANAND,UMRETH,TARPURA,TARPURA,7,96
ANAND,UMRETH,THAMNA,THAMNA,60,1413
ANAND,UMRETH,UNTKHARI,UNTKHARI,13,643
ANAND,UMRETH,VANSOL,VANSOL,31,3457
ANAND,UMRETH,ZALA BORDI,ZALABORDI,8,589
BANASKANTHA,AMIRGADH,AJAPUR MOTA,AJAPURMOTA,1,73
BANASKANTHA,AMIRGADH,AJAPUR VANKA,AJAPURVANKA,2,109
BANASKANTHA,AMIRGADH,AMBAPANI,AMBAPANI,19,49
BANASKANTHA,AMIRGADH,AMIRGADH,AMIRGADH,35,178
BANASKANTHA,AMIRGADH,AWAL,AWAL,48,349
BANASKANTHA,AMIRGADH,AWALA,AWALA,12,22
BANASKANTHA,AMIRGADH,BALUNDRA,BALUNDRA,10,134
BANASKANTHA,AMIRGADH,BANTAWADA,BANTAWADA,7,65
BANASKANTHA,AMIRGADH,BHAMARIYA,BHAMARIYA,1,60
BANASKANTHA,AMIRGADH,BHAYLA,BHAYLA,21,129
BANASKANTHA,AMIRGADH,CHIKANVAS,CHIKANVAS,11,577
BANASKANTHA,AMIRGADH,DABHCHATRA,DABHCHATRA,5,54
BANASKANTHA,AMIRGADH,DABHELA,DABHELA,29,331
BANASKANTHA,AMIRGADH,DABHELI,DABHELI,2,123
BANASKANTHA,AMIRGADH,DERI,DERI,8,58
BANASKANTHA,AMIRGADH,DHANPURA (DHOLIYA),DHANPURADHOLIYA,8,116
BANASKANTHA,AMIRGADH,DHOLIA,DHOLIA,52,319
BANASKANTHA,AMIRGADH,DUNGARPURA,DUNGARPURA,28,74
BANASKANTHA,AMIRGADH,GADHADA,GADHADA,23,155
BANASKANTHA,AMIRGADH,GANJI,GANJI,19,288
BANASKANTHA,AMIRGADH,GAVARA,GAVARA,1,77
BANASKANTHA,AMIRGADH,GHANGHU,GHANGHU,8,162
BANASKANTHA,AMIRGADH,GHANTA,GHANTA,6,153
BANASKANTHA,AMIRGADH,GHODA,GHODA,34,288
BANASKANTHA,AMIRGADH,IQBALGADH,IQBALGADH,7,69
BANASKANTHA,AMIRGADH,ISVANI,ISVANI,2,92
BANASKANTHA,AMIRGADH,JETHI,JETHI,27,222
BANASKANTHA,AMIRGADH,JORAPURA (AMIRGADH),JORAPURAAMIRGADH,14,63
BANASKANTHA,AMIRGADH,JUNI ROH,JUNIROH,17,105
BANASKANTHA,AMIRGADH,JUNI ROH SAROTRI,JUNIROHSAROTRI,12,111
BANASKANTHA,AMIRGADH,KAKWADA,KAKWADA,11,120
BANASKANTHA,AMIRGADH,KALI MATI,KALIMATI,21,162
BANASKANTHA,AMIRGADH,KANPURA,KANPURA,28,369
BANASKANTHA,AMIRGADH,KANSARA,KANSARA,16,89
BANASKANTHA,AMIRGADH,KAPASIYA,KAPASIYA,73,472
BANASKANTHA,AMIRGADH,KARAZA,KARAZA,68,553
BANASKANTHA,AMIRGADH,KARMADI,KARMADI,3,81
BANASKANTHA,AMIRGADH,KENGORA,KENGORA,6,110
BANASKANTHA,AMIRGADH,KHAJURIYA,KHAJURIYA,6,41
BANASKANTHA,AMIRGADH,KHAPA,KHAPA,22,1154
BANASKANTHA,AMIRGADH,KHAPARA,KHAPARA,5,89
BANASKANTHA,AMIRGADH,KHARA,KHARA,3,106
BANASKANTHA,AMIRGADH,KHARI,KHARI,37,173
BANASKANTHA,AMIRGADH,KHEMARAJIYA,KHEMARAJIYA,2,583
BANASKANTHA,AMIRGADH,KHUNIYA,KHUNIYA,4,178
BANASKANTHA,AMIRGADH,KIDOTAR,KIDOTAR,36,317
BANASKANTHA,AMIRGADH,LAXMIPURA(A),LAXMIPURAA,14,54
BANASKANTHA,AMIRGADH,MANDALIYA,MANDALIYA,2,51
BANASKANTHA,AMIRGADH,MANPURIYA,MANPURIYA,7,218
BANASKANTHA,AMIRGADH,NICHLO BANDH,NICHLOBANDH,7,83
BANASKANTHA,AMIRGADH,PEDCHOLI,PEDCHOLI,5,162
BANASKANTHA,AMIRGADH,RABARAN,RABARAN,8,53
BANASKANTHA,AMIRGADH,RABARIYA,RABARIYA,34,1150
BANASKANTHA,AMIRGADH,RAJPURIYA,RAJPURIYA,4,22
BANASKANTHA,AMIRGADH,RAMPURA (VADLA),RAMPURAVADLA,3,76
BANASKANTHA,AMIRGADH,SAROTRA,SAROTRA,19,299
BANASKANTHA,AMIRGADH,SAVANIYA,SAVANIYA,16,52
BANASKANTHA,AMIRGADH,SONWADI,SONWADI,8,195
BANASKANTHA,AMIRGADH,SURELA,SURELA,1,105
BANASKANTHA,AMIRGADH,TADHOLI,TADHOLI,5,45
BANASKANTHA,AMIRGADH,UMARKOT,UMARKOT,4,87
BANASKANTHA,AMIRGADH,UPLO BANDH,UPLOBANDH,20,152
BANASKANTHA,AMIRGADH,VAGDADI,VAGDADI,4,54
BANASKANTHA,AMIRGADH,VAGHORIYA,VAGHORIYA,8,127
BANASKANTHA,AMIRGADH,VERA,VERA,5,293
BANASKANTHA,AMIRGADH,VIRAMPUR,VIRAMPUR,96,1279
BANASKANTHA,AMIRGADH,ZABA,ZABA,6,19
BANASKANTHA,AMIRGADH,ZANZARVAV,ZANZARVAV,11,40
BANASKANTHA,BHABHAR,ABALA,ABALA,4,196
BANASKANTHA,BHABHAR,ABASANA,ABASANA,5,280
BANASKANTHA,BHABHAR,ASANA,ASANA,16,136
BANASKANTHA,BHABHAR,BALODHAN,BALODHAN,3,210
BANASKANTHA,BHABHAR,BARVALA,BARVALA,6,118
BANASKANTHA,BHABHAR,BEDA,BEDA,12,222
BANASKANTHA,BHABHAR,BHEM BORDI,BHEMBORDI,4,203
BANASKANTHA,BHABHAR,BHODALIYA,BHODALIYA,2,60
BANASKANTHA,BHABHAR,BURETHA,BURETHA,12,149
BANASKANTHA,BHABHAR,CHACHASANA,CHACHASANA,9,111
BANASKANTHA,BHABHAR,CHALADARA,CHALADARA,17,61
BANASKANTHA,BHABHAR,CHATARA,CHATARA,3,187
BANASKANTHA,BHABHAR,CHEMBUVA,CHEMBUVA,3,174
BANASKANTHA,BHABHAR,CHICHEDARA,CHICHEDARA,33,232
BANASKANTHA,BHABHAR,DHENKWADI,DHENKWADI,3,126
BANASKANTHA,BHABHAR,GANGUN,GANGUN,21,190
BANASKANTHA,BHABHAR,GAUSAN,GAUSAN,7,173
BANASKANTHA,BHABHAR,HARKUDIYA,HARKUDIYA,3,89
BANASKANTHA,BHABHAR,INDARVA JUNA,INDARVAJUNA,21,196
BANASKANTHA,BHABHAR,INDARVA NAVA,INDARVANAVA,10,330
BANASKANTHA,BHABHAR,JASANWADA,JASANWADA,5,212
BANASKANTHA,BHABHAR,JORVADA,JORVADA,3,127
BANASKANTHA,BHABHAR,KAPRUPUR,KAPRUPUR,5,195
BANASKANTHA,BHABHAR,KARELA,KARELA,4,114
BANASKANTHA,BHABHAR,KHADOSAN,KHADOSAN,4,48
BANASKANTHA,BHABHAR,KHARA,KHARA,3,123
BANASKANTHA,BHABHAR,KHARI PALDI,KHARIPALDI,10,233
BANASKANTHA,BHABHAR,KUVALA,KUVALA,6,240
BANASKANTHA,BHABHAR,LUNSELA,LUNSELA,2,15
BANASKANTHA,BHABHAR,MANPURA BHABHAR,MANPURABHABHAR,8,64
BANASKANTHA,BHABHAR,MERA,MERA,28,239
BANASKANTHA,BHABHAR,MESPURA,MESPURA,7,76
BANASKANTHA,BHABHAR,MITHA,MITHA,7,315
BANASKANTHA,BHABHAR,MOTI SARI,MOTISARI,4,32
BANASKANTHA,BHABHAR,NESDA,NESDA,15,144
BANASKANTHA,BHABHAR,RADAKIYA,RADAKIYA,4,90
BANASKANTHA,BHABHAR,ROITA,ROITA,28,171
BANASKANTHA,BHABHAR,RUNI,RUNI,17,298
BANASKANTHA,BHABHAR,SANESDA,SANESDA,7,255
BANASKANTHA,BHABHAR,SANVA,SANVA,12,310
BANASKANTHA,BHABHAR,SUTHAR NESDI,SUTHARNESDI,10,202
BANASKANTHA,BHABHAR,TANVAD,TANVAD,32,219
BANASKANTHA,BHABHAR,TETARVA,TETARVA,19,144
BANASKANTHA,BHABHAR,UJJANWADA,UJJANWADA,29,208
BANASKANTHA,BHABHAR,UNDAI,UNDAI,2,199
BANASKANTHA,BHABHAR,VADANA,VADANA,14,279
BANASKANTHA,BHABHAR,VADPAG,VADPAG,5,287
BANASKANTHA,BHABHAR,VAJAPUR JUNA,VAJAPURJUNA,17,138
BANASKANTHA,BHABHAR,VAJAPUR NAVA,VAJAPURNAVA,13,175
BANASKANTHA,BHABHAR,VAVDI,VAVDI,8,131
BANASKANTHA,DANTA,ABHAPURA,ABHAPURA,5,188
BANASKANTHA,DANTA,ADERAN (N),ADERANN,15,155
BANASKANTHA,DANTA,ADERAN (T),ADERANT,5,603
BANASKANTHA,DANTA,AMARAPURA,AMARAPURA,4,56
BANASKANTHA,DANTA,AMBAGHANTA,AMBAGHANTA,3,3
BANASKANTHA,DANTA,AMBLIMAL,AMBLIMAL,5,34
BANASKANTHA,DANTA,AMLOI,AMLOI,4,40
BANASKANTHA,DANTA,BALVANTPURA,BALVANTPURA,2,96
BANASKANTHA,DANTA,BAMANIA,BAMANIA,6,267
BANASKANTHA,DANTA,BAMNOJ,BAMNOJ,1,1796
BANASKANTHA,DANTA,BANODARA,BANODARA,3,150
BANASKANTHA,DANTA,BARVAS,BARVAS,4,181
BANASKANTHA,DANTA,BEDA,BEDA,14,185
BANASKANTHA,DANTA,BEDAPANI,BEDAPANI,8,46
BANASKANTHA,DANTA,BEGADIYAVAS,BEGADIYAVAS,2,132
BANASKANTHA,DANTA,BHACHADIYA,BHACHADIYA,5,867
BANASKANTHA,DANTA,BHADRAMAL,BHADRAMAL,11,560
BANASKANTHA,DANTA,BHANKHRI,BHANKHRI,8,864
BANASKANTHA,DANTA,BHANPUR,BHANPUR,13,435
BANASKANTHA,DANTA,BHAVANGADH,BHAVANGADH,4,21
BANASKANTHA,DANTA,BORDIYALA,BORDIYALA,5,210
BANASKANTHA,DANTA,CHHOTA BAMODARA,CHHOTABAMODARA,17,157
BANASKANTHA,DANTA,CHHOTA PIPODRA,CHHOTAPIPODRA,7,151
BANASKANTHA,DANTA,CHIKHLA,CHIKHLA,32,125
BANASKANTHA,DANTA,CHOKIBOR,CHOKIBOR,1,104
BANASKANTHA,DANTA,CHORASAN,CHORASAN,5,153
BANASKANTHA,DANTA,CHORI,CHORI,6,59
BANASKANTHA,DANTA,DABHCHATRA,DABHCHATRA,5,37
BANASKANTHA,DANTA,DALPURA,DALPURA,22,803
BANASKANTHA,DANTA,DANTA,DANTA,34,286
BANASKANTHA,DANTA,DERICHARDA,DERICHARDA,3,81
BANASKANTHA,DANTA,DEVALIYAVALI VAV,DEVALIYAVALIVAV,8,23
BANASKANTHA,DANTA,DHABAVALI VAV,DHABAVALIVAV,8,42
BANASKANTHA,DANTA,DHAGADIYA,DHAGADIYA,4,158
BANASKANTHA,DANTA,DHAMANVA,DHAMANVA,3,189
BANASKANTHA,DANTA,DHAREDA,DHAREDA,11,458
BANASKANTHA,DANTA,DHRANGIVAS,DHRANGIVAS,3,246
BANASKANTHA,DANTA,DIVDI,DIVDI,9,468
BANASKANTHA,DANTA,GADH (KUNDEL),GADHKUNDEL,3,69
BANASKANTHA,DANTA,GADH (MAHUDI),GADHMAHUDI,2,148
BANASKANTHA,DANTA,GAJIPUR,GAJIPUR,2,32
BANASKANTHA,DANTA,GANAPIPLI,GANAPIPLI,2,710
BANASKANTHA,DANTA,GANCHHERA,GANCHHERA,3,160
BANASKANTHA,DANTA,GANGVA,GANGVA,19,289
BANASKANTHA,DANTA,GHANTODI,GHANTODI,3,453
BANASKANTHA,DANTA,GHODA TANKANI,GHODATANKANI,3,16
BANASKANTHA,DANTA,GODHANI,GODHANI,5,236
BANASKANTHA,DANTA,GORAD,GORAD,4,71
BANASKANTHA,DANTA,GOTHADA,GOTHADA,2,70
BANASKANTHA,DANTA,GUDA,GUDA,4,71
BANASKANTHA,DANTA,HADAD,HADAD,26,960
BANASKANTHA,DANTA,HARIGADH,HARIGADH,8,311
BANASKANTHA,DANTA,HARIVAV,HARIVAV,20,63
BANASKANTHA,DANTA,HATHI PAGALA,HATHIPAGALA,4,74
BANASKANTHA,DANTA,HEDO,HEDO,2,103
BANASKANTHA,DANTA,JAGATAPURA,JAGATAPURA,9,197
BANASKANTHA,DANTA,JASVAPURA,JASVAPURA,1,54
BANASKANTHA,DANTA,JASWANTGADH (BHE),JASWANTGADHBHE,25,1222
BANASKANTHA,DANTA,JASWANTPURA (DANTA),JASWANTPURADANTA,1,34
BANASKANTHA,DANTA,JAVARA,JAVARA,2,46
BANASKANTHA,DANTA,JELANA,JELANA,5,155
BANASKANTHA,DANTA,JETVAS,JETVAS,38,323
BANASKANTHA,DANTA,JHAMARU,JHAMARU,2,346
BANASKANTHA,DANTA,JHAMBERA,JHAMBERA,4,76
BANASKANTHA,DANTA,JHARIVAV,JHARIVAV,2,101
BANASKANTHA,DANTA,JHUMFALI,JHUMFALI,7,84
BANASKANTHA,DANTA,JITPUR,JITPUR,3,470
BANASKANTHA,DANTA,JODHSAR,JODHSAR,11,1002
BANASKANTHA,DANTA,JORAPURA,JORAPURA,2,549
BANASKANTHA,DANTA,KANABIYA VAS,KANABIYAVAS,28,272
BANASKANTHA,DANTA,KANAGAR,KANAGAR,1,62
BANASKANTHA,DANTA,KANSA,KANSA,7,164
BANASKANTHA,DANTA,KANTIVAS,KANTIVAS,7,134
BANASKANTHA,DANTA,KARANPUR,KARANPUR,19,293
BANASKANTHA,DANTA,KENGORA,KENGORA,4,28
BANASKANTHA,DANTA,KESARPURA,KESARPURA,6,250
BANASKANTHA,DANTA,KHAIVAD,KHAIVAD,7,681
BANASKANTHA,DANTA,KHANDHORUMARI,KHANDHORUMARI,28,528
BANASKANTHA,DANTA,KHANTONIMAGARI,KHANTONIMAGARI,6,73
BANASKANTHA,DANTA,KHATAL,KHATAL,1,38
BANASKANTHA,DANTA,KHERANIUMBARI,KHERANIUMBARI,3,67
BANASKANTHA,DANTA,KHERMAL,KHERMAL,4,241
BANASKANTHA,DANTA,KHEROJ,KHEROJ,5,75
BANASKANTHA,DANTA,KHOKHAR BILLI,KHOKHARBILLI,4,10
BANASKANTHA,DANTA,KHOKHARIYAVAS,KHOKHARIYAVAS,3,16
BANASKANTHA,DANTA,KODARAVI RANPUR,KODARAVIRANPUR,2,110
BANASKANTHA,DANTA,KOTESHVAR,KOTESHVAR,20,98
BANASKANTHA,DANTA,KOYLAPUR,KOYLAPUR,1,175
BANASKANTHA,DANTA,KUKADI,KUKADI,2,273
BANASKANTHA,DANTA,KUMBHARIYA,KUMBHARIYA,48,261
BANASKANTHA,DANTA,KUNDEL,KUNDEL,11,305
BANASKANTHA,DANTA,KUNVARSI,KUNVARSI,10,453
BANASKANTHA,DANTA,LOTOL,LOTOL,11,117
BANASKANTHA,DANTA,MACHAKODA,MACHAKODA,3,187
BANASKANTHA,DANTA,MADHUSUDANPURA,MADHUSUDANPURA,3,66
BANASKANTHA,DANTA,MAGVAS,MAGVAS,3,218
BANASKANTHA,DANTA,MAHOBATGADH (D),MAHOBATGADHD,8,183
BANASKANTHA,DANTA,MAHOBATGADH (H),MAHOBATGADHH,11,144
BANASKANTHA,DANTA,MAHUDA,MAHUDA,2,75
BANASKANTHA,DANTA,MAHUDI,MAHUDI,3,122
BANASKANTHA,DANTA,MAL,MAL,5,110
BANASKANTHA,DANTA,MANCHHLA,MANCHHLA,5,125
BANASKANTHA,DANTA,MANDALI,MANDALI,8,332
BANASKANTHA,DANTA,MANDALIYALA,MANDALIYALA,1,171
BANASKANTHA,DANTA,MANKANCHAMPA,MANKANCHAMPA,9,360
BANASKANTHA,DANTA,MANKDI,MANKDI,22,1201
BANASKANTHA,DANTA,MANPUR (GHORAD),MANPURGHORAD,4,23
BANASKANTHA,DANTA,MANPUR (PETHAPUR),MANPURPETHAPUR,3,63
BANASKANTHA,DANTA,MIRANVAS,MIRANVAS,2,69
BANASKANTHA,DANTA,MOR DUNGARA,MORDUNGARA,5,32
BANASKANTHA,DANTA,MOTA BAMODARA,MOTABAMODARA,17,112
BANASKANTHA,DANTA,MOTA PIPODARA,MOTAPIPODARA,13,363
BANASKANTHA,DANTA,MOTASADA,MOTASADA,44,766
BANASKANTHA,DANTA,MOTIPURA,MOTIPURA,3,53
BANASKANTHA,DANTA,NAGEL,NAGEL,7,954
BANASKANTHA,DANTA,NAIVADA,NAIVADA,5,15
BANASKANTHA,DANTA,NANASADA,NANASADA,10,240
BANASKANTHA,DANTA,NANI TUDIYA,NANITUDIYA,7,116
BANASKANTHA,DANTA,NARGADH,NARGADH,23,386
BANASKANTHA,DANTA,NAVANIYA,NAVANIYA,3,94
BANASKANTHA,DANTA,NAVANU PADAR,NAVANUPADAR,6,482
BANASKANTHA,DANTA,NAVAVAS,NAVAVAS,41,1743
BANASKANTHA,DANTA,NAVAVASKANTH,NAVAVASKANTH,2,160
BANASKANTHA,DANTA,PADALIYA,PADALIYA,4,53
BANASKANTHA,DANTA,PANCHHA,PANCHHA,34,212
BANASKANTHA,DANTA,PANIYARI,PANIYARI,6,79
BANASKANTHA,DANTA,PANUDARA,PANUDARA,4,195
BANASKANTHA,DANTA,PASIYA,PASIYA,5,88
BANASKANTHA,DANTA,PATALIYA,PATALIYA,9,121
BANASKANTHA,DANTA,PETHAPUR,PETHAPUR,3,384
BANASKANTHA,DANTA,PIPALAVALI VAV,PIPALAVALIVAV,31,1175
BANASKANTHA,DANTA,PITH (NAVANAGAR),PITHNAVANAGAR,2,85
BANASKANTHA,DANTA,PRUTHVIRAJGADH,PRUTHVIRAJGADH,3,26
BANASKANTHA,DANTA,PUNJPUR,PUNJPUR,12,582
BANASKANTHA,DANTA,RAGHPUR,RAGHPUR,1,108
BANASKANTHA,DANTA,RANGPUR,RANGPUR,17,371
BANASKANTHA,DANTA,RANI UMBARI,RANIUMBARI,16,259
BANASKANTHA,DANTA,RANIKA,RANIKA,3,102
BANASKANTHA,DANTA,RANOL,RANOL,7,106
BANASKANTHA,DANTA,RANPUR,RANPUR,9,506
BANASKANTHA,DANTA,RATANPUR,RATANPUR,26,389
BANASKANTHA,DANTA,RAYANIYA,RAYANIYA,1,75
BANASKANTHA,DANTA,RINCHHADI,RINCHHADI,7,99
BANASKANTHA,DANTA,RUPPURA,RUPPURA,7,126
BANASKANTHA,DANTA,RUPVAS,RUPVAS,4,69
BANASKANTHA,DANTA,SAMAIYA,SAMAIYA,5,107
BANASKANTHA,DANTA,SANALI,SANALI,8,160
BANASKANTHA,DANTA,SANDHOSI,SANDHOSI,25,559
BANASKANTHA,DANTA,SANTPUR,SANTPUR,5,144
BANASKANTHA,DANTA,SARAKALA,SARAKALA,7,64
BANASKANTHA,DANTA,SARHAD CHHAPRI,SARHADCHHAPRI,9,15
BANASKANTHA,DANTA,SAVAIPURA,SAVAIPURA,3,30
BANASKANTHA,DANTA,SEMBAL,SEMBAL,4,136
BANASKANTHA,DANTA,SEMBALIYA,SEMBALIYA,5,1008
BANASKANTHA,DANTA,SEMBALPANI,SEMBALPANI,5,118
BANASKANTHA,DANTA,SENKDA,SENKDA,8,211
BANASKANTHA,DANTA,SIYAVADA,SIYAVADA,8,80
BANASKANTHA,DANTA,SOLSANDA,SOLSANDA,3,196
BANASKANTHA,DANTA,SULTANPUR,SULTANPUR,5,92
BANASKANTHA,DANTA,TALETI,TALETI,6,1083
BANASKANTHA,DANTA,TARANGDA,TARANGDA,1,163
BANASKANTHA,DANTA,TEKARI,TEKARI,7,76
BANASKANTHA,DANTA,THALVADA,THALVADA,2,239
BANASKANTHA,DANTA,THANA,THANA,11,186
BANASKANTHA,DANTA,TODA,TODA,9,176
BANASKANTHA,DANTA,TORANIYA,TORANIYA,8,570
BANASKANTHA,DANTA,UDAVAS,UDAVAS,3,30
BANASKANTHA,DANTA,UMBARA,UMBARA,3,38
BANASKANTHA,DANTA,UMEDPURA,UMEDPURA,1,75
BANASKANTHA,DANTA,UNODARA,UNODARA,5,142
BANASKANTHA,DANTA,VADNAL,VADNAL,1,31
BANASKANTHA,DANTA,VADUSAN,VADUSAN,5,67
BANASKANTHA,DANTA,VADVERA,VADVERA,24,152
BANASKANTHA,DANTA,VAGADA KYARI,VAGADAKYARI,3,66
BANASKANTHA,DANTA,VAGHDACHA,VAGHDACHA,2,141
BANASKANTHA,DANTA,VAJASANA,VAJASANA,9,50
BANASKANTHA,DANTA,VASI,VASI,25,391
BANASKANTHA,DANTA,VEKARI,VEKARI,9,152
BANASKANTHA,DANTA,VELVADA,VELVADA,4,319
BANASKANTHA,DANTA,VIJALASAN,VIJALASAN,2,439
BANASKANTHA,DANTA,VIRAMVERI,VIRAMVERI,5,66
BANASKANTHA,DANTA,VIRPUR (LOTOL),VIRPURLOTOL,8,94
BANASKANTHA,DANTA,VIRPUR(HADAD),VIRPURHADAD,1,17
BANASKANTHA,DANTIWADA,AAKOLI,AAKOLI,9,197
BANASKANTHA,DANTIWADA,ARKHI,ARKHI,113,331
BANASKANTHA,DANTIWADA,ATAL,ATAL,1,117
BANASKANTHA,DANTIWADA,BHADALI (ZAT),BHADALIZAT,10,370
BANASKANTHA,DANTIWADA,BHAKHAR MOTI,BHAKHARMOTI,74,874
BANASKANTHA,DANTIWADA,BHAKHAR NANI,BHAKHARNANI,43,215
BANASKANTHA,DANTIWADA,BHAKODAR,BHAKODAR,14,110
BANASKANTHA,DANTIWADA,BHANDOTRA,BHANDOTRA,19,236
BANASKANTHA,DANTIWADA,BHILACHAL,BHILACHAL,6,97
BANASKANTHA,DANTIWADA,BHILADA,BHILADA,9,173
BANASKANTHA,DANTIWADA,CHODUNGRI,CHODUNGRI,19,141
BANASKANTHA,DANTIWADA,DANGIYA,DANGIYA,97,449
BANASKANTHA,DANTIWADA,DANTIWADA,DANTIWADA,35,227
BANASKANTHA,DANTIWADA,DERI,DERI,2,96
BANASKANTHA,DANTIWADA,DHANERI,DHANERI,4,311
BANASKANTHA,DANTIWADA,DHANIYAWADA,DHANIYAWADA,7,247
BANASKANTHA,DANTIWADA,GANGUDARA,GANGUDARA,4,136
BANASKANTHA,DANTIWADA,GANGUWADA,GANGUWADA,1,80
BANASKANTHA,DANTIWADA,GANODARA,GANODARA,4,78
BANASKANTHA,DANTIWADA,GODH,GODH,4,116
BANASKANTHA,DANTIWADA,GUNDARI,GUNDARI,34,218
BANASKANTHA,DANTIWADA,HARIYAWADA,HARIYAWADA,5,130
BANASKANTHA,DANTIWADA,JEGOL,JEGOL,22,309
BANASKANTHA,DANTIWADA,JORAPURA (LODPA),JORAPURALODPA,8,45
BANASKANTHA,DANTIWADA,JORAPURA BHADLI,JORAPURABHADLI,16,183
BANASKANTHA,DANTIWADA,KOTDA (JEGOL),KOTDAJEGOL,5,85
BANASKANTHA,DANTIWADA,LAKHANASAR,LAKHANASAR,2,173
BANASKANTHA,DANTIWADA,LODPA,LODPA,8,44
BANASKANTHA,DANTIWADA,MALPURIYA,MALPURIYA,3,58
BANASKANTHA,DANTIWADA,MOTI MAHUDI,MOTIMAHUDI,5,377
BANASKANTHA,DANTIWADA,NANDOTRA (BRAHMANVAS,NANDOTRABRAHMANVAS,15,199
BANASKANTHA,DANTIWADA,NANDOTRA (THAKORVAS),NANDOTRATHAKORVAS,3,161
BANASKANTHA,DANTIWADA,NANI MAHUDI,NANIMAHUDI,2,46
BANASKANTHA,DANTIWADA,NILPUR,NILPUR,17,112
BANASKANTHA,DANTIWADA,ODHAVA,ODHAVA,4,225
BANASKANTHA,DANTIWADA,PANSAWAL,PANSAWAL,55,167
BANASKANTHA,DANTIWADA,PANTHAWADA,PANTHAWADA,52,540
BANASKANTHA,DANTIWADA,RAJKOT,RAJKOT,8,114
BANASKANTHA,DANTIWADA,RAMPURA MAHUDI,RAMPURAMAHUDI,7,69
BANASKANTHA,DANTIWADA,RAMSIDA (CHHAPRA),RAMSIDACHHAPRA,17,336
BANASKANTHA,DANTIWADA,RANOL,RANOL,9,155
BANASKANTHA,DANTIWADA,RATANPUR,RATANPUR,8,257
BANASKANTHA,DANTIWADA,SATSAN,SATSAN,36,400
BANASKANTHA,DANTIWADA,SHERGADH ODHAVA,SHERGADHODHAVA,57,117
BANASKANTHA,DANTIWADA,SIKARIYA,SIKARIYA,14,157
BANASKANTHA,DANTIWADA,VADVAS,VADVAS,3,82
BANASKANTHA,DANTIWADA,VAGHROL,VAGHROL,40,102
BANASKANTHA,DANTIWADA,VAGOR,VAGOR,18,229
BANASKANTHA,DANTIWADA,VAVDHARA,VAVDHARA,1,62
BANASKANTHA,DANTIWADA,VELAVAS,VELAVAS,7,124
BANASKANTHA,DANTIWADA,ZAT,ZAT,75,2237
BANASKANTHA,DEESA,AGDOL,AGDOL,17,173
BANASKANTHA,DEESA,AGTHALA,AGTHALA,91,450
BANASKANTHA,DEESA,AKHOL MOTI,AKHOLMOTI,5,138
BANASKANTHA,DEESA,AKHOL NANI,AKHOLNANI,15,86
BANASKANTHA,DEESA,ASEDA,ASEDA,7,740
BANASKANTHA,DEESA,BAIWADA,BAIWADA,10,482
BANASKANTHA,DEESA,BALODHAR,BALODHAR,45,176
BANASKANTHA,DEESA,BHACHALVA,BHACHALVA,37,435
BANASKANTHA,DEESA,BHADATH,BHADATH,112,708
BANASKANTHA,DEESA,BHADRA,BHADRA,29,103
BANASKANTHA,DEESA,BHADRAMALI,BHADRAMALI,18,450
BANASKANTHA,DEESA,BHAKADIYAL,BHAKADIYAL,2,114
BANASKANTHA,DEESA,BHILDI,BHILDI,55,821
BANASKANTHA,DEESA,BHOYAN,BHOYAN,43,262
BANASKANTHA,DEESA,BODAL,BODAL,10,287
BANASKANTHA,DEESA,BURAL,BURAL,23,401
BANASKANTHA,DEESA,CHATRALA,CHATRALA,2,47
BANASKANTHA,DEESA,CHEKRA,CHEKRA,30,225
BANASKANTHA,DEESA,CHHATRALA,CHHATRALA,49,508
BANASKANTHA,DEESA,CHITRODA,CHITRODA,14,178
BANASKANTHA,DEESA,CHORA,CHORA,33,261
BANASKANTHA,DEESA,DAMA,DAMA,14,479
BANASKANTHA,DEESA,DASANAVAS,DASANAVAS,19,182
BANASKANTHA,DEESA,DAVAS,DAVAS,14,192
BANASKANTHA,DEESA,DEDOL,DEDOL,7,47
BANASKANTHA,DEESA,DEKA,DEKA,2,39
BANASKANTHA,DEESA,DEVSARI,DEVSARI,12,43
BANASKANTHA,DEESA,DHANAVADA,DHANAVADA,29,283
BANASKANTHA,DEESA,DHARANVA,DHARANVA,30,68
BANASKANTHA,DEESA,DHARISANA,DHARISANA,14,456
BANASKANTHA,DEESA,DHARPADA,DHARPADA,19,139
BANASKANTHA,DEESA,DHEDHAL,DHEDHAL,6,166
BANASKANTHA,DEESA,DHROBA,DHROBA,36,142
BANASKANTHA,DEESA,DHUNSOL,DHUNSOL,8,233
BANASKANTHA,DEESA,DHUVA,DHUVA,20,271
BANASKANTHA,DEESA,DODANA,DODANA,17,98
BANASKANTHA,DEESA,FAGUDRA,FAGUDRA,2,242
BANASKANTHA,DEESA,FATEPURA,FATEPURA,7,57
BANASKANTHA,DEESA,GAMDI,GAMDI,19,70
BANASKANTHA,DEESA,GARNAL NANI,GARNALNANI,19,78
BANASKANTHA,DEESA,GHADA,GHADA,6,525
BANASKANTHA,DEESA,GHANA,GHANA,25,214
BANASKANTHA,DEESA,GHARNAL MOTI,GHARNALMOTI,45,212
BANASKANTHA,DEESA,GODHA,GODHA,35,165
BANASKANTHA,DEESA,GUGAL,GUGAL,4,152
BANASKANTHA,DEESA,JADIYALI,JADIYALI,28,237
BANASKANTHA,DEESA,JASARA,JASARA,22,168
BANASKANTHA,DEESA,JAVAL,JAVAL,14,237
BANASKANTHA,DEESA,JHABADIYA,JHABADIYA,32,820
BANASKANTHA,DEESA,JHAKOL,JHAKOL,16,179
BANASKANTHA,DEESA,JHERDA,JHERDA,58,1438
BANASKANTHA,DEESA,JORAPURA,JORAPURA,47,157
BANASKANTHA,DEESA,JUNA DEESA,JUNADEESA,160,1148
BANASKANTHA,DEESA,KAMODA,KAMODA,6,216
BANASKANTHA,DEESA,KAMODI,KAMODI,8,191
BANASKANTHA,DEESA,KANAJHARA,KANAJHARA,25,258
BANASKANTHA,DEESA,KANT,KANT,23,235
BANASKANTHA,DEESA,KASARI,KASARI,76,227
BANASKANTHA,DEESA,KATARVA,KATARVA,41,559
BANASKANTHA,DEESA,KHADOSAN,KHADOSAN,27,811
BANASKANTHA,DEESA,KHENTVA,KHENTVA,35,191
BANASKANTHA,DEESA,KHEROLA,KHEROLA,17,196
BANASKANTHA,DEESA,KOCHASANA,KOCHASANA,15,166
BANASKANTHA,DEESA,KOTDA,KOTDA,41,203
BANASKANTHA,DEESA,KOTHA,KOTHA,9,53
BANASKANTHA,DEESA,KUCHAVADA,KUCHAVADA,13,912
BANASKANTHA,DEESA,KUDA,KUDA,108,230
BANASKANTHA,DEESA,KUNVARA PADAR,KUNVARAPADAR,7,21
BANASKANTHA,DEESA,LAKHANI,LAKHANI,92,521
BANASKANTHA,DEESA,LATIYA,LATIYA,3,71
BANASKANTHA,DEESA,LAXMIPURA,LAXMIPURA,30,88
BANASKANTHA,DEESA,LORVADA,LORVADA,10,251
BANASKANTHA,DEESA,LUNPUR,LUNPUR,16,571
BANASKANTHA,DEESA,MAHADEVIYA,MAHADEVIYA,5,83
BANASKANTHA,DEESA,MALGADH,MALGADH,92,200
BANASKANTHA,DEESA,MANAKI,MANAKI,35,124
BANASKANTHA,DEESA,MANEKPURA,MANEKPURA,9,516
BANASKANTHA,DEESA,MATU,MATU,34,69
BANASKANTHA,DEESA,MEDA,MEDA,24,64
BANASKANTHA,DEESA,MORAL,MORAL,59,107
BANASKANTHA,DEESA,MOTA KAPRA,MOTAKAPRA,62,194
BANASKANTHA,DEESA,MUDETHA,MUDETHA,144,1704
BANASKANTHA,DEESA,NAGAFANA,NAGAFANA,19,303
BANASKANTHA,DEESA,NANA KAPRA,NANAKAPRA,66,238
BANASKANTHA,DEESA,NANDLA,NANDLA,19,295
BANASKANTHA,DEESA,NANI,NANI,7,212
BANASKANTHA,DEESA,NAVA,NAVA,6,213
BANASKANTHA,DEESA,NAVA BHILDI,NAVABHILDI,28,229
BANASKANTHA,DEESA,NESDA JUNA,NESDAJUNA,41,563
BANASKANTHA,DEESA,NESDA NAVA,NESDANAVA,16,262
BANASKANTHA,DEESA,ODHAVA,ODHAVA,11,1001
BANASKANTHA,DEESA,PALDI,PALDI,11,143
BANASKANTHA,DEESA,PAMARU,PAMARU,4,94
BANASKANTHA,DEESA,PECHHDAL,PECHHDAL,19,381
BANASKANTHA,DEESA,PEPLU,PEPLU,17,263
BANASKANTHA,DEESA,RAMPURA,RAMPURA,56,172
BANASKANTHA,DEESA,RAMSAN,RAMSAN,40,714
BANASKANTHA,DEESA,RAMUN,RAMUN,65,319
BANASKANTHA,DEESA,RAMVAS,RAMVAS,3,53
BANASKANTHA,DEESA,RANPUR ATHAMNO VAS,RANPURATHAMNOVAS,15,207
BANASKANTHA,DEESA,RANPUR UGAMNO VAS,RANPURUGAMNOVAS,7,242
BANASKANTHA,DEESA,RANPUR VACHLOVAS,RANPURVACHLOVAS,6,162
BANASKANTHA,DEESA,RASANA MOTA,RASANAMOTA,43,236
BANASKANTHA,DEESA,RASANA NANA,RASANANANA,17,129
BANASKANTHA,DEESA,RATANPURA,RATANPURA,28,79
BANASKANTHA,DEESA,ROBAS MOTI,ROBASMOTI,8,277
BANASKANTHA,DEESA,SADARPUR,SADARPUR,10,565
BANASKANTHA,DEESA,SAMAU MOTAVAS,SAMAUMOTAVAS,30,876
BANASKANTHA,DEESA,SANATH,SANATH,4,82
BANASKANTHA,DEESA,SANDIYA,SANDIYA,16,148
BANASKANTHA,DEESA,SARAT,SARAT,4,120
BANASKANTHA,DEESA,SAVIYANA,SAVIYANA,32,442
BANASKANTHA,DEESA,SHAMSHERPURA,SHAMSHERPURA,32,97
BANASKANTHA,DEESA,SHERGADH,SHERGADH,42,446
BANASKANTHA,DEESA,SHERGANJ,SHERGANJ,9,34
BANASKANTHA,DEESA,SHERPURA,SHERPURA,13,119
BANASKANTHA,DEESA,SODAPUR,SODAPUR,29,76
BANASKANTHA,DEESA,SOTAMBLA,SOTAMBLA,17,131
BANASKANTHA,DEESA,SOYLA,SOYLA,15,42
BANASKANTHA,DEESA,SUNTHIYA,SUNTHIYA,8,91
BANASKANTHA,DEESA,TALEGANJ,TALEGANJ,15,66
BANASKANTHA,DEESA,TALEPURA,TALEPURA,12,256
BANASKANTHA,DEESA,TETODA,TETODA,68,369
BANASKANTHA,DEESA,THERVADA,THERVADA,8,464
BANASKANTHA,DEESA,VADAVAL,VADAVAL,27,369
BANASKANTHA,DEESA,VADLI FARM,VADLIFARM,6,100
BANASKANTHA,DEESA,VAHARA,VAHARA,7,81
BANASKANTHA,DEESA,VAKVADA,VAKVADA,23,134
BANASKANTHA,DEESA,VARAN,VARAN,16,288
BANASKANTHA,DEESA,VARNODA,VARNODA,58,152
BANASKANTHA,DEESA,VASADA,VASADA,10,81
BANASKANTHA,DEESA,VASNA (JUNA DEESA),VASNAJUNADEESA,21,264
BANASKANTHA,DEESA,VASNA (KUDA),VASNAKUDA,41,148
BANASKANTHA,DEESA,VASNA (VATAM),VASNAVATAM,64,222
BANASKANTHA,DEESA,VELAVAPURA,VELAVAPURA,12,160
BANASKANTHA,DEESA,VIRUNA,VIRUNA,17,263
BANASKANTHA,DEESA,VIRUVADA,VIRUVADA,6,31
BANASKANTHA,DEESA,VITHODAR,VITHODAR,40,332
BANASKANTHA,DEESA,YAVARGANJ,YAVARGANJ,2,51
BANASKANTHA,DEESA,YAVARPURA,YAVARPURA,2,148
BANASKANTHA,DEESA,ZENAL,ZENAL,3,168
BANASKANTHA,DEODAR,ACHHAVADIYA,ACHHAVADIYA,1,73
BANASKANTHA,DEODAR,BHADKASAR,BHADKASAR,3,154
BANASKANTHA,DEODAR,BHAGWANPURA,BHAGWANPURA,2,22
BANASKANTHA,DEODAR,BHESANA,BHESANA,10,265
BANASKANTHA,DEODAR,BODA,BODA,1,24
BANASKANTHA,DEODAR,CHAGWADA,CHAGWADA,6,95
BANASKANTHA,DEODAR,CHALVA,CHALVA,3,225
BANASKANTHA,DEODAR,CHAMANPURA,CHAMANPURA,4,117
BANASKANTHA,DEODAR,CHIBHDA,CHIBHDA,4,246
BANASKANTHA,DEODAR,DAUA,DAUA,4,55
BANASKANTHA,DEODAR,DELWADA,DELWADA,2,166
BANASKANTHA,DEODAR,DEODAR,DEODAR,85,165
BANASKANTHA,DEODAR,DERA,DERA,20,84
BANASKANTHA,DEODAR,DHANAK WADA,DHANAKWADA,2,228
BANASKANTHA,DEODAR,DHRANDAV,DHRANDAV,4,110
BANASKANTHA,DEODAR,DHRANDVADA,DHRANDVADA,5,83
BANASKANTHA,DEODAR,DHUNSOL,DHUNSOL,2,172
BANASKANTHA,DEODAR,DUCHAKWADA,DUCHAKWADA,2,283
BANASKANTHA,DEODAR,FORNA,FORNA,42,203
BANASKANTHA,DEODAR,GANGOL,GANGOL,2,92
BANASKANTHA,DEODAR,GODA,GODA,1,64
BANASKANTHA,DEODAR,GOLVI,GOLVI,4,222
BANASKANTHA,DEODAR,GOLVO,GOLVO,3,43
BANASKANTHA,DEODAR,JADA,JADA,61,235
BANASKANTHA,DEODAR,JALODHA,JALODHA,18,97
BANASKANTHA,DEODAR,JASALI,JASALI,2,89
BANASKANTHA,DEODAR,KHANODAR,KHANODAR,21,164
BANASKANTHA,DEODAR,KOTARWADA,KOTARWADA,34,404
BANASKANTHA,DEODAR,KOTDA DEODAR,KOTDADEODAR,101,379
BANASKANTHA,DEODAR,KOTDA FORNA,KOTDAFORNA,7,243
BANASKANTHA,DEODAR,KUNVANA,KUNVANA,5,151
BANASKANTHA,DEODAR,KUNVARVA,KUNVARVA,1,56
BANASKANTHA,DEODAR,KUWATA,KUWATA,20,170
BANASKANTHA,DEODAR,LAVANA,LAVANA,21,243
BANASKANTHA,DEODAR,LEMBAU,LEMBAU,8,169
BANASKANTHA,DEODAR,LILADHAR,LILADHAR,9,197
BANASKANTHA,DEODAR,LUDARA,LUDARA,23,403
BANASKANTHA,DEODAR,MAKDALA,MAKDALA,1,151
BANASKANTHA,DEODAR,MAKHANU,MAKHANU,2,101
BANASKANTHA,DEODAR,MANPURA DHUNSOL,MANPURADHUNSOL,9,81
BANASKANTHA,DEODAR,MANPURA JALODHA,MANPURAJALODHA,14,49
BANASKANTHA,DEODAR,MESRA,MESRA,1,103
BANASKANTHA,DEODAR,MOJRU JUNA,MOJRUJUNA,19,174
BANASKANTHA,DEODAR,MOJRU NAVA,MOJRUNAVA,28,77
BANASKANTHA,DEODAR,MULAKPUR,MULAKPUR,25,271
BANASKANTHA,DEODAR,NARANA,NARANA,17,61
BANASKANTHA,DEODAR,NAVA,NAVA,5,173
BANASKANTHA,DEODAR,NAVAPURA,NAVAPURA,18,172
BANASKANTHA,DEODAR,NOKHA,NOKHA,3,168
BANASKANTHA,DEODAR,ODHA,ODHA,3,102
BANASKANTHA,DEODAR,OGADPURA,OGADPURA,2,56
BANASKANTHA,DEODAR,PALDI,PALDI,24,245
BANASKANTHA,DEODAR,RAIYA,RAIYA,103,810
BANASKANTHA,DEODAR,RAMPURA DHUNSOL,RAMPURADHUNSOL,4,90
BANASKANTHA,DEODAR,RANTILA,RANTILA,15,341
BANASKANTHA,DEODAR,RAVEL,RAVEL,14,1572
BANASKANTHA,DEODAR,SALPURA,SALPURA,22,73
BANASKANTHA,DEODAR,SAMLA VADANA,SAMLAVADANA,19,89
BANASKANTHA,DEODAR,SANADAR,SANADAR,19,64
BANASKANTHA,DEODAR,SANAV,SANAV,4,137
BANASKANTHA,DEODAR,SARDARPURA (JASALI),SARDARPURAJASALI,2,111
BANASKANTHA,DEODAR,SARDARPURA (RAVEL),SARDARPURARAVEL,7,118
BANASKANTHA,DEODAR,SESAN JUNA,SESANJUNA,1,43
BANASKANTHA,DEODAR,SESAN NAVA,SESANNAVA,1,50
BANASKANTHA,DEODAR,SONI,SONI,5,359
BANASKANTHA,DEODAR,SURANA,SURANA,31,420
BANASKANTHA,DEODAR,VADIYA,VADIYA,5,125
BANASKANTHA,DEODAR,VAJEGADH,VAJEGADH,2,110
BANASKANTHA,DEODAR,VAKHA,VAKHA,7,167
BANASKANTHA,DEODAR,VATAM JUNA,VATAMJUNA,6,118
BANASKANTHA,DEODAR,VATAM NAVA,VATAMNAVA,4,130
BANASKANTHA,DHANERA,ALWADA,ALWADA,27,340
BANASKANTHA,DHANERA,ANAPUR CHHOTA,ANAPURCHHOTA,9,448
BANASKANTHA,DHANERA,ANAPURGADH,ANAPURGADH,19,313
BANASKANTHA,DHANERA,ASIYA,ASIYA,38,88
BANASKANTHA,DHANERA,BAPLA,BAPLA,42,255
BANASKANTHA,DHANERA,BHAJNA,BHAJNA,44,212
BANASKANTHA,DHANERA,BHATIB,BHATIB,47,238
BANASKANTHA,DHANERA,BHATRAM,BHATRAM,71,1582
BANASKANTHA,DHANERA,CHARDA,CHARDA,26,138
BANASKANTHA,DHANERA,CHHINDIVADI,CHHINDIVADI,19,118
BANASKANTHA,DHANERA,DEDHA,DEDHA,7,170
BANASKANTHA,DHANERA,DHAKHA,DHAKHA,134,361
BANASKANTHA,DHANERA,DHANERA,DHANERA,1,1
BANASKANTHA,DHANERA,DHANPURA (KHEDA),DHANPURAKHEDA,3,68
BANASKANTHA,DHANERA,DHARNODHAR,DHARNODHAR,84,176
BANASKANTHA,DHANERA,DUGDOL MOTI,DUGDOLMOTI,16,126
BANASKANTHA,DHANERA,DUGDOL NANI,DUGDOLNANI,36,169
BANASKANTHA,DHANERA,EDAL,EDAL,5,314
BANASKANTHA,DHANERA,ETA,ETA,2,108
BANASKANTHA,DHANERA,FATEPURA (MALOTRA),FATEPURAMALOTRA,34,107
BANASKANTHA,DHANERA,GOLA,GOLA,36,235
BANASKANTHA,DHANERA,HADTA,HADTA,20,115
BANASKANTHA,DHANERA,JADI,JADI,95,194
BANASKANTHA,DHANERA,JADIYA,JADIYA,86,341
BANASKANTHA,DHANERA,JANALI,JANALI,26,163
BANASKANTHA,DHANERA,JIWANA,JIWANA,13,92
BANASKANTHA,DHANERA,JORAPURA (DHAKHA),JORAPURADHAKHA,50,192
BANASKANTHA,DHANERA,KARADHANI,KARADHANI,44,80
BANASKANTHA,DHANERA,KHANGAN,KHANGAN,19,69
BANASKANTHA,DHANERA,KHAPROL,KHAPROL,2,58
BANASKANTHA,DHANERA,KHIMAT,KHIMAT,255,1543
BANASKANTHA,DHANERA,KOTDA (DHAKHA),KOTDADHAKHA,21,65
BANASKANTHA,DHANERA,KUMAR,KUMAR,62,142
BANASKANTHA,DHANERA,KUNDI,KUNDI,3,200
BANASKANTHA,DHANERA,KUNWARLA,KUNWARLA,29,163
BANASKANTHA,DHANERA,LAWARA,LAWARA,44,180
BANASKANTHA,DHANERA,LELAVA,LELAVA,27,39
BANASKANTHA,DHANERA,MAGARAWA,MAGARAWA,14,121
BANASKANTHA,DHANERA,MANDAL,MANDAL,5,213
BANASKANTHA,DHANERA,MEWADA,MEWADA,35,266
BANASKANTHA,DHANERA,MOLOTRA,MOLOTRA,88,346
BANASKANTHA,DHANERA,MOTA MEDA,MOTAMEDA,17,67
BANASKANTHA,DHANERA,NANA MEDA,NANAMEDA,39,124
BANASKANTHA,DHANERA,NANAVA,NANAVA,181,514
BANASKANTHA,DHANERA,NANUDA,NANUDA,10,105
BANASKANTHA,DHANERA,NEGALA,NEGALA,15,64
BANASKANTHA,DHANERA,PANGIYA,PANGIYA,15,93
BANASKANTHA,DHANERA,RAJODA,RAJODA,16,287
BANASKANTHA,DHANERA,RAMPURA (PANSWAL),RAMPURAPANSWAL,73,191
BANASKANTHA,DHANERA,RAMPURA (VAGHPURA),RAMPURAVAGHPURA,6,92
BANASKANTHA,DHANERA,RAMPURA CHHOTA,RAMPURACHHOTA,21,50
BANASKANTHA,DHANERA,RAMPURA MOTA,RAMPURAMOTA,26,123
BANASKANTHA,DHANERA,RAMUNA,RAMUNA,48,171
BANASKANTHA,DHANERA,RAVI,RAVI,6,437
BANASKANTHA,DHANERA,RAVIYA,RAVIYA,47,235
BANASKANTHA,DHANERA,RUNI,RUNI,41,273
BANASKANTHA,DHANERA,SABAWADI,SABAWADI,2,68
BANASKANTHA,DHANERA,SAMALWADA,SAMALWADA,70,233
BANASKANTHA,DHANERA,SANKAD,SANKAD,57,198
BANASKANTHA,DHANERA,SANTARWADA,SANTARWADA,11,192
BANASKANTHA,DHANERA,SARAL,SARAL,78,255
BANASKANTHA,DHANERA,SERA,SERA,74,207
BANASKANTHA,DHANERA,SHERGADH (JADIYA),SHERGADHJADIYA,47,118
BANASKANTHA,DHANERA,SILASANA,SILASANA,35,98
BANASKANTHA,DHANERA,SIYA,SIYA,3,247
BANASKANTHA,DHANERA,SODAL,SODAL,29,191
BANASKANTHA,DHANERA,SOTWADA,SOTWADA,48,108
BANASKANTHA,DHANERA,TALEGADH,TALEGADH,11,56
BANASKANTHA,DHANERA,THAWAR,THAWAR,81,326
BANASKANTHA,DHANERA,VACHHDAL,VACHHDAL,12,167
BANASKANTHA,DHANERA,VACHHOL,VACHHOL,38,217
BANASKANTHA,DHANERA,VAKTAPURA,VAKTAPURA,45,113
BANASKANTHA,DHANERA,VALER,VALER,82,214
BANASKANTHA,DHANERA,VASAN,VASAN,11,225
BANASKANTHA,DHANERA,VASDA,VASDA,13,100
BANASKANTHA,DHANERA,VINCHHIVADI,VINCHHIVADI,21,120
BANASKANTHA,DHANERA,VIROL,VIROL,25,120
BANASKANTHA,DHANERA,VODA,VODA,44,116
BANASKANTHA,DHANERA,YAVARPURA,YAVARPURA,32,67
BANASKANTHA,KANKREJ,ADHGAM,ADHGAM,14,1424
BANASKANTHA,KANKREJ,AKOLI MAHARAJVAS,AKOLIMAHARAJVAS,33,345
BANASKANTHA,KANKREJ,AKOLI THAKORVAS,AKOLITHAKORVAS,56,388
BANASKANTHA,KANKREJ,AMARNESDA,AMARNESDA,3,356
BANASKANTHA,KANKREJ,AMBLUN,AMBLUN,2,276
BANASKANTHA,KANKREJ,ANANDPURA,ANANDPURA,3,220
BANASKANTHA,KANKREJ,ANGANWADA,ANGANWADA,3,480
BANASKANTHA,KANKREJ,ARNIWADA,ARNIWADA,9,463
BANASKANTHA,KANKREJ,BALOCHPUR,BALOCHPUR,5,170
BANASKANTHA,KANKREJ,BHADREVADI,BHADREVADI,7,239
BANASKANTHA,KANKREJ,BHALGAM,BHALGAM,4,255
BANASKANTHA,KANKREJ,BHAVNAGAR,BHAVNAGAR,5,172
BANASKANTHA,KANKREJ,BUKOLI,BUKOLI,25,512
BANASKANTHA,KANKREJ,CHANGA,CHANGA,10,583
BANASKANTHA,KANKREJ,CHEKHALA,CHEKHALA,32,497
BANASKANTHA,KANKREJ,CHEMBLA,CHEMBLA,3,5
BANASKANTHA,KANKREJ,CHIMANGADH,CHIMANGADH,4,403
BANASKANTHA,KANKREJ,DEVDARBAR,DEVDARBAR,4,9
BANASKANTHA,KANKREJ,DEVPURA,DEVPURA,5,215
BANASKANTHA,KANKREJ,DHANERA,DHANERA,3,328
BANASKANTHA,KANKREJ,DUDASAN,DUDASAN,13,418
BANASKANTHA,KANKREJ,DUGRASAN,DUGRASAN,11,332
BANASKANTHA,KANKREJ,FATEGADH,FATEGADH,5,1668
BANASKANTHA,KANKREJ,FATEPURA,FATEPURA,2,89
BANASKANTHA,KANKREJ,GOTHADA,GOTHADA,10,158
BANASKANTHA,KANKREJ,GUNTHAWADA(DALPATPUR,GUNTHAWADADALPATPUR,7,72
BANASKANTHA,KANKREJ,INDRAMANA,INDRAMANA,42,690
BANASKANTHA,KANKREJ,ISARVA,ISARVA,18,301
BANASKANTHA,KANKREJ,JAKHEL,JAKHEL,8,357
BANASKANTHA,KANKREJ,JALIYA,JALIYA,3,1123
BANASKANTHA,KANKREJ,JAMANA PADAR,JAMANAPADAR,2,318
BANASKANTHA,KANKREJ,JHOTADA,JHOTADA,1,93
BANASKANTHA,KANKREJ,KAKAR,KAKAR,13,641
BANASKANTHA,KANKREJ,KAMBOI,KAMBOI,15,1946
BANASKANTHA,KANKREJ,KANTHERIYA,KANTHERIYA,34,174
BANASKANTHA,KANKREJ,KARSANPUR,KARSANPUR,13,125
BANASKANTHA,KANKREJ,KASALPURA,KASALPURA,6,183
BANASKANTHA,KANKREJ,KASARA,KASARA,3,259
BANASKANTHA,KANKREJ,KATEDIYA,KATEDIYA,20,247
BANASKANTHA,KANKREJ,KHARIYA,KHARIYA,51,562
BANASKANTHA,KANKREJ,KHASA,KHASA,15,101
BANASKANTHA,KANKREJ,KHENGARPURA,KHENGARPURA,4,107
BANASKANTHA,KANKREJ,KHIMANA(PALODAR NA V,KHIMANAPALODARNAV,35,3243
BANASKANTHA,KANKREJ,KHODA,KHODA,75,2475
BANASKANTHA,KANKREJ,KHODLA,KHODLA,10,302
BANASKANTHA,KANKREJ,KUDVA,KUDVA,15,668
BANASKANTHA,KANKREJ,KUNVARAVA,KUNVARAVA,36,399
BANASKANTHA,KANKREJ,LAXMIPURA,LAXMIPURA,2,867
BANASKANTHA,KANKREJ,MAIDKOL,MAIDKOL,31,315
BANASKANTHA,KANKREJ,MANDALA,MANDALA,3,978
BANASKANTHA,KANKREJ,MANGALPURA NAGOT,MANGALPURANAGOT,2,33
BANASKANTHA,KANKREJ,MANPUR (SHIHORI),MANPURSHIHORI,26,489
BANASKANTHA,KANKREJ,MANPURA (UN),MANPURAUN,22,295
BANASKANTHA,KANKREJ,MOTA JAMPUR,MOTAJAMPUR,5,483
BANASKANTHA,KANKREJ,NAGOT,NAGOT,3,64
BANASKANTHA,KANKREJ,NANA JAMPUR,NANAJAMPUR,11,202
BANASKANTHA,KANKREJ,NANOTA,NANOTA,19,577
BANASKANTHA,KANKREJ,NASARATPURA,NASARATPURA,3,82
BANASKANTHA,KANKREJ,NAVA,NAVA,3,68
BANASKANTHA,KANKREJ,NEKARIYA,NEKARIYA,3,202
BANASKANTHA,KANKREJ,NEKOL,NEKOL,6,172
BANASKANTHA,KANKREJ,ODHA,ODHA,26,113
BANASKANTHA,KANKREJ,PADAR,PADAR,2,184
BANASKANTHA,KANKREJ,PADARDI,PADARDI,7,315
BANASKANTHA,KANKREJ,RAJPUR,RAJPUR,10,148
BANASKANTHA,KANKREJ,RANAKPUR,RANAKPUR,29,422
BANASKANTHA,KANKREJ,RANAWADA (JAGIR),RANAWADAJAGIR,13,385
BANASKANTHA,KANKREJ,RANAWADA (KHALASA),RANAWADAKHALASA,16,249
BANASKANTHA,KANKREJ,RANER,RANER,46,2076
BANASKANTHA,KANKREJ,RATANGADH,RATANGADH,44,370
BANASKANTHA,KANKREJ,RATANPURA (SHIHORI),RATANPURASHIHORI,30,1433
BANASKANTHA,KANKREJ,RATANPURA (UN),RATANPURAUN,33,216
BANASKANTHA,KANKREJ,RAVIYANA,RAVIYANA,36,290
BANASKANTHA,KANKREJ,RUNI,RUNI,4,215
BANASKANTHA,KANKREJ,RUPPURA,RUPPURA,1,21
BANASKANTHA,KANKREJ,RUVEL,RUVEL,31,724
BANASKANTHA,KANKREJ,SADUJIVAS,SADUJIVAS,39,236
BANASKANTHA,KANKREJ,SAMANVA,SAMANVA,3,177
BANASKANTHA,KANKREJ,SAVPURA,SAVPURA,14,66
BANASKANTHA,KANKREJ,SHIHORI,SHIHORI,155,2637
BANASKANTHA,KANKREJ,SHIRWADA,SHIRWADA,13,995
BANASKANTHA,KANKREJ,SHIYA,SHIYA,20,313
BANASKANTHA,KANKREJ,SOHANPURA,SOHANPURA,2,102
BANASKANTHA,KANKREJ,SUDROSAN,SUDROSAN,2,225
BANASKANTHA,KANKREJ,TANA,TANA,19,563
BANASKANTHA,KANKREJ,TATIYANA,TATIYANA,16,697
BANASKANTHA,KANKREJ,TERVADA,TERVADA,7,1469
BANASKANTHA,KANKREJ,THALI GANGAPUR,THALIGANGAPUR,2,43
BANASKANTHA,KANKREJ,TOTANA,TOTANA,6,496
BANASKANTHA,KANKREJ,UCHARPI,UCHARPI,3,265
BANASKANTHA,KANKREJ,UMBRI,UMBRI,13,1061
BANASKANTHA,KANKREJ,UN,UN,101,1132
BANASKANTHA,KANKREJ,VADA,VADA,15,3301
BANASKANTHA,KANKREJ,VALPURA,VALPURA,17,330
BANASKANTHA,KANKREJ,VARASADA,VARASADA,9,480
BANASKANTHA,KANKREJ,VIBHANESDA,VIBHANESDA,3,82
BANASKANTHA,KANKREJ,VITHLOD,VITHLOD,2,48
BANASKANTHA,KANKREJ,ZALMOR,ZALMOR,3,403
BANASKANTHA,PALANPUR,AKEDI,AKEDI,10,143
BANASKANTHA,PALANPUR,AKESAN,AKESAN,32,249
BANASKANTHA,PALANPUR,ALIGADH,ALIGADH,5,88
BANASKANTHA,PALANPUR,AMBALIYAL,AMBALIYAL,7,157
BANASKANTHA,PALANPUR,AMBETHA,AMBETHA,15,413
BANASKANTHA,PALANPUR,ANGOLA,ANGOLA,13,149
BANASKANTHA,PALANPUR,ANTROLI,ANTROLI,22,226
BANASKANTHA,PALANPUR,ASMAPURA (GOLA),ASMAPURAGOLA,1,69
BANASKANTHA,PALANPUR,ASMAPURA (KARJODA),ASMAPURAKARJODA,2,62
BANASKANTHA,PALANPUR,BADARGADH,BADARGADH,8,380
BANASKANTHA,PALANPUR,BADARPURA (BHUTEDI),BADARPURABHUTEDI,13,119
BANASKANTHA,PALANPUR,BADARPURA (KALUSANA),BADARPURAKALUSANA,4,187
BANASKANTHA,PALANPUR,BADARPURA (KHODLA),BADARPURAKHODLA,34,173
BANASKANTHA,PALANPUR,BHAGAL (JAGANA),BHAGALJAGANA,3,311
BANASKANTHA,PALANPUR,BHAGAL (PIPLI),BHAGALPIPLI,5,210
BANASKANTHA,PALANPUR,BHATAMAL MOTI,BHATAMALMOTI,19,242
BANASKANTHA,PALANPUR,BHATAMAL NANI,BHATAMALNANI,1,71
BANASKANTHA,PALANPUR,BHATWADI,BHATWADI,1,43
BANASKANTHA,PALANPUR,BHAVISANA,BHAVISANA,21,409
BANASKANTHA,PALANPUR,BHUTEDI,BHUTEDI,26,223
BANASKANTHA,PALANPUR,CHADOTAR,CHADOTAR,100,1112
BANASKANTHA,PALANPUR,CHANDISAR,CHANDISAR,118,639
BANASKANTHA,PALANPUR,CHEKHLA,CHEKHLA,3,57
BANASKANTHA,PALANPUR,CHITRASANI,CHITRASANI,72,259
BANASKANTHA,PALANPUR,DALWADA,DALWADA,5,158
BANASKANTHA,PALANPUR,DELWADA,DELWADA,19,242
BANASKANTHA,PALANPUR,DHANDHA,DHANDHA,72,705
BANASKANTHA,PALANPUR,DHANIYANA,DHANIYANA,15,99
BANASKANTHA,PALANPUR,DHELANA,DHELANA,10,339
BANASKANTHA,PALANPUR,ESBIPURA,ESBIPURA,3,15
BANASKANTHA,PALANPUR,FATEPUR,FATEPUR,25,194
BANASKANTHA,PALANPUR,GADH,GADH,20,4310
BANASKANTHA,PALANPUR,GALWADA,GALWADA,54,386
BANASKANTHA,PALANPUR,GATHAMAN,GATHAMAN,20,583
BANASKANTHA,PALANPUR,GODH,GODH,5,64
BANASKANTHA,PALANPUR,GOLA,GOLA,28,355
BANASKANTHA,PALANPUR,GOPALPURA,GOPALPURA,2,20
BANASKANTHA,PALANPUR,HASANPUR,HASANPUR,7,244
BANASKANTHA,PALANPUR,HEBATPUR,HEBATPUR,17,138
BANASKANTHA,PALANPUR,HODA,HODA,24,365
BANASKANTHA,PALANPUR,JADIAL,JADIAL,1,94
BANASKANTHA,PALANPUR,JAGANA,JAGANA,25,2393
BANASKANTHA,PALANPUR,JASLENI,JASLENI,6,446
BANASKANTHA,PALANPUR,JASPURIYA,JASPURIYA,25,73
BANASKANTHA,PALANPUR,JORAPURA(BHA),JORAPURABHA,7,39
BANASKANTHA,PALANPUR,JOUL,JOUL,3,35
BANASKANTHA,PALANPUR,KAMALPUR,KAMALPUR,6,727
BANASKANTHA,PALANPUR,KANODAR,KANODAR,9,572
BANASKANTHA,PALANPUR,KARJODA,KARJODA,17,203
BANASKANTHA,PALANPUR,KHARODIYA,KHARODIYA,40,185
BANASKANTHA,PALANPUR,KHASA,KHASA,10,347
BANASKANTHA,PALANPUR,KHEMANA,KHEMANA,43,169
BANASKANTHA,PALANPUR,KHODLA,KHODLA,41,646
BANASKANTHA,PALANPUR,KOTDA (BHAKHAR),KOTDABHAKHAR,11,91
BANASKANTHA,PALANPUR,KOTDA(CHAND GADH),KOTDACHANDGADH,4,106
BANASKANTHA,PALANPUR,KUMBHALMER,KUMBHALMER,4,541
BANASKANTHA,PALANPUR,KUMBHASAN,KUMBHASAN,63,474
BANASKANTHA,PALANPUR,KUMPAR,KUMPAR,1,72
BANASKANTHA,PALANPUR,KUSHAKAL,KUSHAKAL,63,196
BANASKANTHA,PALANPUR,LALAWADA,LALAWADA,22,338
BANASKANTHA,PALANPUR,LUNWA,LUNWA,16,173
BANASKANTHA,PALANPUR,MADANA (DANGIYA),MADANADANGIYA,11,214
BANASKANTHA,PALANPUR,MADANA (GADH),MADANAGADH,56,1170
BANASKANTHA,PALANPUR,MALAN,MALAN,20,641
BANASKANTHA,PALANPUR,MALANA,MALANA,53,1607
BANASKANTHA,PALANPUR,MALPURIYA,MALPURIYA,6,49
BANASKANTHA,PALANPUR,MANAKA,MANAKA,4,113
BANASKANTHA,PALANPUR,MANPUR (KARJODA),MANPURKARJODA,3,96
BANASKANTHA,PALANPUR,MERWADA (MAHAJAN),MERWADAMAHAJAN,2,13
BANASKANTHA,PALANPUR,MERWADA (RATANPUR),MERWADARATANPUR,14,136
BANASKANTHA,PALANPUR,MORIYA,MORIYA,14,214
BANASKANTHA,PALANPUR,MOTA,MOTA,28,648
BANASKANTHA,PALANPUR,NALASAR,NALASAR,2,214
BANASKANTHA,PALANPUR,PAKHANWA,PAKHANWA,14,40
BANASKANTHA,PALANPUR,PARPADA,PARPADA,31,221
BANASKANTHA,PALANPUR,PATOSAN,PATOSAN,5,772
BANASKANTHA,PALANPUR,PEDAGARA,PEDAGARA,4,140
BANASKANTHA,PALANPUR,PIPLI,PIPLI,12,280
BANASKANTHA,PALANPUR,PIROJPURA(T),PIROJPURAT,7,113
BANASKANTHA,PALANPUR,RAJPUR (PAKHANVA),RAJPURPAKHANVA,42,151
BANASKANTHA,PALANPUR,RAMPURA (KARAZA),RAMPURAKARAZA,10,131
BANASKANTHA,PALANPUR,RANAVAS,RANAVAS,9,244
BANASKANTHA,PALANPUR,RANPURIYA,RANPURIYA,3,7
BANASKANTHA,PALANPUR,RATANPUR,RATANPUR,20,206
BANASKANTHA,PALANPUR,RUPPURA,RUPPURA,3,208
BANASKANTHA,PALANPUR,SADARPUR,SADARPUR,17,284
BANASKANTHA,PALANPUR,SAGROSANA,SAGROSANA,10,525
BANASKANTHA,PALANPUR,SALEMPURA,SALEMPURA,22,423
BANASKANTHA,PALANPUR,SALLA,SALLA,32,565
BANASKANTHA,PALANPUR,SAMBARDA,SAMBARDA,9,70
BANASKANTHA,PALANPUR,SAMDHI (MOTAVAS),SAMDHIMOTAVAS,26,632
BANASKANTHA,PALANPUR,SAMDHI (NADHANIVAS),SAMDHINADHANIVAS,5,295
BANASKANTHA,PALANPUR,SAMDHI RANAJIVAS,SAMDHIRANAJIVAS,28,370
BANASKANTHA,PALANPUR,SANGLA,SANGLA,8,97
BANASKANTHA,PALANPUR,SANGRA,SANGRA,12,109
BANASKANTHA,PALANPUR,SARIPADA,SARIPADA,3,242
BANASKANTHA,PALANPUR,SASAM,SASAM,9,888
BANASKANTHA,PALANPUR,SEDRASANA,SEDRASANA,10,250
BANASKANTHA,PALANPUR,SEMODRA,SEMODRA,15,177
BANASKANTHA,PALANPUR,SONGADH,SONGADH,19,52
BANASKANTHA,PALANPUR,SUNDHA,SUNDHA,52,625
BANASKANTHA,PALANPUR,SURAJPURA,SURAJPURA,29,170
BANASKANTHA,PALANPUR,TAKARWADA,TAKARWADA,55,514
BANASKANTHA,PALANPUR,TALEPURA (MADANA),TALEPURAMADANA,9,59
BANASKANTHA,PALANPUR,TOKARIYA,TOKARIYA,37,328
BANASKANTHA,PALANPUR,UKARDA,UKARDA,6,49
BANASKANTHA,PALANPUR,VADHNA,VADHNA,8,50
BANASKANTHA,PALANPUR,VAGDA,VAGDA,59,360
BANASKANTHA,PALANPUR,VARWADIA,VARWADIA,11,27
BANASKANTHA,PALANPUR,VASAN(DHA),VASANDHA,55,366
BANASKANTHA,PALANPUR,VASANI,VASANI,15,170
BANASKANTHA,PALANPUR,VASDA (FATEPUR),VASDAFATEPUR,4,117
BANASKANTHA,PALANPUR,VASDA (MUJPUR),VASDAMUJPUR,4,75
BANASKANTHA,PALANPUR,VASNA (JAGANA),VASNAJAGANA,12,420
BANASKANTHA,PALANPUR,VEDANCHA,VEDANCHA,4,517
BANASKANTHA,PALANPUR,VIRPUR,VIRPUR,16,100
BANASKANTHA,THARAD,ABHEPURA,ABHEPURA,24,35
BANASKANTHA,THARAD,AJAWADA,AJAWADA,23,213
BANASKANTHA,THARAD,ANTROL,ANTROL,9,236
BANASKANTHA,THARAD,ARATVA,ARATVA,24,69
BANASKANTHA,THARAD,ASASAN,ASASAN,40,119
BANASKANTHA,THARAD,ASODAR,ASODAR,55,217
BANASKANTHA,THARAD,BETALIYA,BETALIYA,14,82
BANASKANTHA,THARAD,BEVATA,BEVATA,37,272
BANASKANTHA,THARAD,BHACHAR,BHACHAR,11,361
BANASKANTHA,THARAD,BHADODAR,BHADODAR,34,200
BANASKANTHA,THARAD,BHALASARA,BHALASARA,32,130
BANASKANTHA,THARAD,BHAPDI,BHAPDI,24,90
BANASKANTHA,THARAD,BHAPI,BHAPI,27,1428
BANASKANTHA,THARAD,BHARDASAR,BHARDASAR,9,140
BANASKANTHA,THARAD,BHIMGADH,BHIMGADH,5,24
BANASKANTHA,THARAD,BHIMPURA,BHIMPURA,29,55
BANASKANTHA,THARAD,BHORDU,BHORDU,36,192
BANASKANTHA,THARAD,BHOROL,BHOROL,146,556
BANASKANTHA,THARAD,BHURIYA,BHURIYA,18,146
BANASKANTHA,THARAD,BUDHANPUR,BUDHANPUR,42,1458
BANASKANTHA,THARAD,CHANGADA,CHANGADA,55,163
BANASKANTHA,THARAD,CHARDA,CHARDA,75,572
BANASKANTHA,THARAD,CHHANASARA,CHHANASARA,23,42
BANASKANTHA,THARAD,CHOTAPA,CHOTAPA,24,86
BANASKANTHA,THARAD,CHUDMER,CHUDMER,70,145
BANASKANTHA,THARAD,DANTIYA,DANTIYA,18,420
BANASKANTHA,THARAD,DARBARI DETAL,DARBARIDETAL,1,39
BANASKANTHA,THARAD,DEDUDI,DEDUDI,5,56
BANASKANTHA,THARAD,DEL,DEL,46,230
BANASKANTHA,THARAD,DELANKOT,DELANKOT,1,43
BANASKANTHA,THARAD,DENDUVA,DENDUVA,29,169
BANASKANTHA,THARAD,DETAL DUVA,DETALDUVA,1,76
BANASKANTHA,THARAD,DIDARADA,DIDARADA,3,200
BANASKANTHA,THARAD,DIPDA,DIPDA,7,144
BANASKANTHA,THARAD,DODGAM,DODGAM,38,514
BANASKANTHA,THARAD,DODIYA,DODIYA,12,72
BANASKANTHA,THARAD,DOLATPURA,DOLATPURA,12,79
BANASKANTHA,THARAD,DUDHVA,DUDHVA,70,412
BANASKANTHA,THARAD,DUVA,DUVA,24,405
BANASKANTHA,THARAD,GADSISAR,GADSISAR,38,251
BANASKANTHA,THARAD,GAGANA,GAGANA,4,65
BANASKANTHA,THARAD,GANATA,GANATA,8,116
BANASKANTHA,THARAD,GANESHPURA,GANESHPURA,68,320
BANASKANTHA,THARAD,GELA,GELA,52,200
BANASKANTHA,THARAD,GHANTIYALI,GHANTIYALI,18,212
BANASKANTHA,THARAD,GHESDA,GHESDA,11,131
BANASKANTHA,THARAD,GHODASAR,GHODASAR,7,134
BANASKANTHA,THARAD,HATHAWADA,HATHAWADA,5,165
BANASKANTHA,THARAD,IDHATA,IDHATA,10,789
BANASKANTHA,THARAD,JADARA,JADARA,5,113
BANASKANTHA,THARAD,JAMDA,JAMDA,36,547
BANASKANTHA,THARAD,JAMPUR,JAMPUR,52,207
BANASKANTHA,THARAD,JANDLA,JANDLA,23,153
BANASKANTHA,THARAD,JETDA,JETDA,91,214
BANASKANTHA,THARAD,JUNADI,JUNADI,22,147
BANASKANTHA,THARAD,KAMALI,KAMALI,29,163
BANASKANTHA,THARAD,KARANPURA,KARANPURA,5,73
BANASKANTHA,THARAD,KARBUN,KARBUN,25,391
BANASKANTHA,THARAD,KARNASAR,KARNASAR,29,80
BANASKANTHA,THARAD,KASAVI,KASAVI,13,1925
BANASKANTHA,THARAD,KESARGAM,KESARGAM,5,79
BANASKANTHA,THARAD,KHANPUR,KHANPUR,56,201
BANASKANTHA,THARAD,KHARAKHODA,KHARAKHODA,10,132
BANASKANTHA,THARAD,KHENGARPURA,KHENGARPURA,24,81
BANASKANTHA,THARAD,KHODA,KHODA,76,247
BANASKANTHA,THARAD,KHORDA,KHORDA,15,143
BANASKANTHA,THARAD,KIYAL,KIYAL,15,103
BANASKANTHA,THARAD,KOCHALA,KOCHALA,10,50
BANASKANTHA,THARAD,KOTHIGAM,KOTHIGAM,12,146
BANASKANTHA,THARAD,KUMBHARA,KUMBHARA,3,168
BANASKANTHA,THARAD,LAKHAPURA,LAKHAPURA,5,87
BANASKANTHA,THARAD,LALPUR,LALPUR,47,104
BANASKANTHA,THARAD,LENDAU,LENDAU,18,247
BANASKANTHA,THARAD,LODHNAR,LODHNAR,6,144
BANASKANTHA,THARAD,LORWADA,LORWADA,91,381
BANASKANTHA,THARAD,LUNAL,LUNAL,52,253
BANASKANTHA,THARAD,LUNAWA,LUNAWA,30,123
BANASKANTHA,THARAD,LUVANA,LUVANA,39,241
BANASKANTHA,THARAD,MADAL,MADAL,17,100
BANASKANTHA,THARAD,MAHADEVPURA,MAHADEVPURA,14,65
BANASKANTHA,THARAD,MAHAJANPURA,MAHAJANPURA,12,616
BANASKANTHA,THARAD,MALUPUR,MALUPUR,30,295
BANASKANTHA,THARAD,MANGROL,MANGROL,15,184
BANASKANTHA,THARAD,MEDHALA,MEDHALA,11,178
BANASKANTHA,THARAD,MEGHPURA,MEGHPURA,31,80
BANASKANTHA,THARAD,MIYAL,MIYAL,54,232
BANASKANTHA,THARAD,MORILA,MORILA,6,112
BANASKANTHA,THARAD,MORTHAL,MORTHAL,27,306
BANASKANTHA,THARAD,MOTA MESARA,MOTAMESARA,55,133
BANASKANTHA,THARAD,MOTI PAVAD,MOTIPAVAD,32,173
BANASKANTHA,THARAD,NAGALA,NAGALA,36,235
BANASKANTHA,THARAD,NANA MESARA,NANAMESARA,18,115
BANASKANTHA,THARAD,NANI PAVAD,NANIPAVAD,20,104
BANASKANTHA,THARAD,NANOL,NANOL,24,75
BANASKANTHA,THARAD,NAROLI,NAROLI,70,330
BANASKANTHA,THARAD,PADADAR,PADADAR,13,74
BANASKANTHA,THARAD,PATHAMDA,PATHAMDA,4,55
BANASKANTHA,THARAD,PATIYASARA,PATIYASARA,16,108
BANASKANTHA,THARAD,PAVADASAN,PAVADASAN,29,308
BANASKANTHA,THARAD,PEPAR,PEPAR,17,92
BANASKANTHA,THARAD,PEPARAL,PEPARAL,37,94
BANASKANTHA,THARAD,PILUDA,PILUDA,111,618
BANASKANTHA,THARAD,PIRGADH,PIRGADH,11,65
BANASKANTHA,THARAD,RADKA,RADKA,13,297
BANASKANTHA,THARAD,RAH,RAH,86,224
BANASKANTHA,THARAD,RAJKOT,RAJKOT,25,198
BANASKANTHA,THARAD,RAMPURA,RAMPURA,79,260
BANASKANTHA,THARAD,RANESARI,RANESARI,21,120
BANASKANTHA,THARAD,RANPUR,RANPUR,47,113
BANASKANTHA,THARAD,RATANPURA,RATANPURA,18,60
BANASKANTHA,THARAD,SABA,SABA,27,262
BANASKANTHA,THARAD,SANADHAR,SANADHAR,24,76
BANASKANTHA,THARAD,SANAVIA,SANAVIA,31,164
BANASKANTHA,THARAD,SAVARAKHA,SAVARAKHA,16,173
BANASKANTHA,THARAD,SAVPURA,SAVPURA,86,416
BANASKANTHA,THARAD,SEDLA,SEDLA,11,160
BANASKANTHA,THARAD,SHERAU,SHERAU,2,206
BANASKANTHA,THARAD,SIDHOTARA,SIDHOTARA,22,245
BANASKANTHA,THARAD,TAKHUVA,TAKHUVA,4,97
BANASKANTHA,THARAD,TARUWA,TARUWA,12,97
BANASKANTHA,THARAD,TEROL,TEROL,12,42
BANASKANTHA,THARAD,THARA,THARA,32,223
BANASKANTHA,THARAD,THERWADA,THERWADA,15,65
BANASKANTHA,THARAD,UNDRANA,UNDRANA,21,153
BANASKANTHA,THARAD,UNTVELIYA,UNTVELIYA,14,83
BANASKANTHA,THARAD,VADGAMDA,VADGAMDA,22,312
BANASKANTHA,THARAD,VAGHASAN,VAGHASAN,24,280
BANASKANTHA,THARAD,VAJEGADH,VAJEGADH,19,88
BANASKANTHA,THARAD,VAMI,VAMI,44,283
BANASKANTHA,THARAD,VANTDAU,VANTDAU,26,199
BANASKANTHA,THARAD,VARA,VARA,24,137
BANASKANTHA,THARAD,VEDALA,VEDALA,2,261
BANASKANTHA,THARAD,VLADAR,VLADAR,27,198
BANASKANTHA,THARAD,ZENTA,ZENTA,2,141
BANASKANTHA,VADGAM,AMADPUR (GHODIYAL),AMADPURGHODIYAL,22,150
BANASKANTHA,VADGAM,AMADPURA (MUMANVAS),AMADPURAMUMANVAS,22,182
BANASKANTHA,VADGAM,AMIRPURA,AMIRPURA,4,40
BANASKANTHA,VADGAM,ANDHARIYA,ANDHARIYA,15,302
BANASKANTHA,VADGAM,BADARPURA,BADARPURA,3,143
BANASKANTHA,VADGAM,BASU,BASU,3,548
BANASKANTHA,VADGAM,BAVALCHUDI,BAVALCHUDI,50,507
BANASKANTHA,VADGAM,BHAKHARI,BHAKHARI,10,88
BANASKANTHA,VADGAM,BHALGAM,BHALGAM,36,118
BANASKANTHA,VADGAM,BHANGRODIYA,BHANGRODIYA,8,236
BANASKANTHA,VADGAM,BHARKAWADA,BHARKAWADA,19,350
BANASKANTHA,VADGAM,BHAROD,BHAROD,2,216
BANASKANTHA,VADGAM,BHATVAS,BHATVAS,6,35
BANASKANTHA,VADGAM,BHUKHLA,BHUKHLA,11,200
BANASKANTHA,VADGAM,CHANGA,CHANGA,44,401
BANASKANTHA,VADGAM,CHANGWADA,CHANGWADA,17,362
BANASKANTHA,VADGAM,CHHANIYANA,CHHANIYANA,44,312
BANASKANTHA,VADGAM,CHHAPI,CHHAPI,55,416
BANASKANTHA,VADGAM,CHITRODA,CHITRODA,54,397
BANASKANTHA,VADGAM,DALVANA,DALVANA,48,467
BANASKANTHA,VADGAM,DHANALI,DHANALI,13,299
BANASKANTHA,VADGAM,DHANPURA,DHANPURA,11,22
BANASKANTHA,VADGAM,DHAREWADA,DHAREWADA,32,119
BANASKANTHA,VADGAM,DHORI,DHORI,7,297
BANASKANTHA,VADGAM,DHOTA,DHOTA,13,248
BANASKANTHA,VADGAM,EDRANA,EDRANA,17,303
BANASKANTHA,VADGAM,FATEGADH,FATEGADH,29,209
BANASKANTHA,VADGAM,GHODIYAL,GHODIYAL,17,335
BANASKANTHA,VADGAM,GIDASAN MOTI,GIDASANMOTI,15,295
BANASKANTHA,VADGAM,GIDASAN NANI,GIDASANNANI,5,219
BANASKANTHA,VADGAM,HADMATIYA,HADMATIYA,5,198
BANASKANTHA,VADGAM,HARDE VASANA,HARDEVASANA,4,256
BANASKANTHA,VADGAM,HASANPUR,HASANPUR,13,122
BANASKANTHA,VADGAM,HATAVAD,HATAVAD,14,93
BANASKANTHA,VADGAM,IQBALGADH,IQBALGADH,5,57
BANASKANTHA,VADGAM,IQBALPURA,IQBALPURA,8,41
BANASKANTHA,VADGAM,ISLAMPURA,ISLAMPURA,7,77
BANASKANTHA,VADGAM,JALOTRA,JALOTRA,85,532
BANASKANTHA,VADGAM,JOITA,JOITA,3,220
BANASKANTHA,VADGAM,JUNI NAGARI,JUNINAGARI,6,162
BANASKANTHA,VADGAM,JUNI SENDHANI,JUNISENDHANI,18,114
BANASKANTHA,VADGAM,KABIRPURA,KABIRPURA,5,92
BANASKANTHA,VADGAM,KALEDA,KALEDA,10,125
BANASKANTHA,VADGAM,KAMALPURA(GHO),KAMALPURAGHO,3,37
BANASKANTHA,VADGAM,KARASANPURA,KARASANPURA,9,86
BANASKANTHA,VADGAM,KARNALA,KARNALA,44,263
BANASKANTHA,VADGAM,KODARALI,KODARALI,16,330
BANASKANTHA,VADGAM,KODARAM,KODARAM,50,958
BANASKANTHA,VADGAM,KOTADI,KOTADI,26,311
BANASKANTHA,VADGAM,LIMBOI,LIMBOI,7,100
BANASKANTHA,VADGAM,MAGARWADA,MAGARWADA,93,496
BANASKANTHA,VADGAM,MAHI,MAHI,45,618
BANASKANTHA,VADGAM,MAJADAR,MAJADAR,53,631
BANASKANTHA,VADGAM,MAJATPUR,MAJATPUR,20,199
BANASKANTHA,VADGAM,MALOSANA,MALOSANA,31,379
BANASKANTHA,VADGAM,MANPURA,MANPURA,37,259
BANASKANTHA,VADGAM,MEGAL,MEGAL,8,202
BANASKANTHA,VADGAM,MEJARPURA,MEJARPURA,28,115
BANASKANTHA,VADGAM,MEMADPUR,MEMADPUR,117,1118
BANASKANTHA,VADGAM,MEPADA,MEPADA,4,350
BANASKANTHA,VADGAM,META,META,22,603
BANASKANTHA,VADGAM,MOKESHVAR,MOKESHVAR,7,41
BANASKANTHA,VADGAM,MORIYA,MORIYA,29,213
BANASKANTHA,VADGAM,MOTETA,MOTETA,4,148
BANASKANTHA,VADGAM,MOTIPURA,MOTIPURA,5,77
BANASKANTHA,VADGAM,MUMANVAS,MUMANVAS,12,231
BANASKANTHA,VADGAM,NAGANA,NAGANA,51,292
BANASKANTHA,VADGAM,NAGARPURA,NAGARPURA,9,108
BANASKANTHA,VADGAM,NALASAR,NALASAR,30,245
BANASKANTHA,VADGAM,NANDOTRA,NANDOTRA,14,595
BANASKANTHA,VADGAM,NANOSANA,NANOSANA,10,272
BANASKANTHA,VADGAM,NAVI NAGARI,NAVINAGARI,3,68
BANASKANTHA,VADGAM,NAVI SENDHANI,NAVISENDHANI,16,122
BANASKANTHA,VADGAM,NAVISANA,NAVISANA,5,296
BANASKANTHA,VADGAM,NAVO VAS,NAVOVAS,20,156
BANASKANTHA,VADGAM,NIZAMPURA,NIZAMPURA,31,240
BANASKANTHA,VADGAM,PALDI,PALDI,16,135
BANASKANTHA,VADGAM,PANCHADA,PANCHADA,32,381
BANASKANTHA,VADGAM,PANDVA,PANDVA,12,852
BANASKANTHA,VADGAM,PARKHADI,PARKHADI,26,207
BANASKANTHA,VADGAM,PASVADAL,PASVADAL,10,459
BANASKANTHA,VADGAM,PAVTHI,PAVTHI,2,115
BANASKANTHA,VADGAM,PEPOL,PEPOL,45,282
BANASKANTHA,VADGAM,PILUCHA,PILUCHA,26,198
BANASKANTHA,VADGAM,PIROJPURA,PIROJPURA,52,372
BANASKANTHA,VADGAM,RAJOSANA,RAJOSANA,51,239
BANASKANTHA,VADGAM,RUPAL,RUPAL,29,617
BANASKANTHA,VADGAM,SABALPURA,SABALPURA,3,9
BANASKANTHA,VADGAM,SAKALANA,SAKALANA,4,252
BANASKANTHA,VADGAM,SALEMKOT,SALEMKOT,9,223
BANASKANTHA,VADGAM,SAMSHERPURA,SAMSHERPURA,14,178
BANASKANTHA,VADGAM,SARDARPURA,SARDARPURA,31,106
BANASKANTHA,VADGAM,SHERPURA (MAJADAR),SHERPURAMAJADAR,10,254
BANASKANTHA,VADGAM,SHERPURA (SEMBHAR),SHERPURASEMBHAR,17,346
BANASKANTHA,VADGAM,SISRANA,SISRANA,44,383
BANASKANTHA,VADGAM,SUKHPURA,SUKHPURA,5,29
BANASKANTHA,VADGAM,TAJPURA,TAJPURA,13,119
BANASKANTHA,VADGAM,TENIWADA,TENIWADA,76,437
BANASKANTHA,VADGAM,THALWADA,THALWADA,8,213
BANASKANTHA,VADGAM,THUVAR,THUVAR,27,139
BANASKANTHA,VADGAM,TIMBACHUDI,TIMBACHUDI,24,402
BANASKANTHA,VADGAM,UMRECHA,UMRECHA,13,147
BANASKANTHA,VADGAM,VADGAM,VADGAM,65,682
BANASKANTHA,VADGAM,VAGADADI,VAGADADI,19,295
BANASKANTHA,VADGAM,VANSOL,VANSOL,44,505
BANASKANTHA,VADGAM,VARASADA,VARASADA,28,208
BANASKANTHA,VADGAM,VARNAWADA,VARNAWADA,33,206
BANASKANTHA,VADGAM,VARVADIYA,VARVADIYA,21,209
BANASKANTHA,VADGAM,VASANA (SEMBHAR),VASANASEMBHAR,23,155
BANASKANTHA,VADGAM,VESA,VESA,44,413
BANASKANTHA,VAV,ACHHUVA,ACHHUVA,5,434
BANASKANTHA,VAV,AKOLI,AKOLI,2,296
BANASKANTHA,VAV,ARJANPURA,ARJANPURA,2,146
BANASKANTHA,VAV,ASARAGAM,ASARAGAM,12,8189
BANASKANTHA,VAV,ASARAVAS,ASARAVAS,10,630
BANASKANTHA,VAV,BAHISARA,BAHISARA,3,111
BANASKANTHA,VAV,BAIYAK,BAIYAK,8,161
BANASKANTHA,VAV,BALUNTRI,BALUNTRI,9,629
BANASKANTHA,VAV,BARADVI,BARADVI,8,138
BANASKANTHA,VAV,BENAP,BENAP,46,1473
BANASKANTHA,VAV,BHACHALI,BHACHALI,6,495
BANASKANTHA,VAV,BHADVEL,BHADVEL,6,226
BANASKANTHA,VAV,BHAKHARI,BHAKHARI,5,566
BANASKANTHA,VAV,BHANKHOD,BHANKHOD,4,69
BANASKANTHA,VAV,BHARADAVA,BHARADAVA,9,1263
BANASKANTHA,VAV,BHATASANA,BHATASANA,9,325
BANASKANTHA,VAV,BHATVAR VAS,BHATVARVAS,7,299
BANASKANTHA,VAV,BHATVARGAM,BHATVARGAM,12,510
BANASKANTHA,VAV,BORU,BORU,3,306
BANASKANTHA,VAV,BUKNA,BUKNA,8,918
BANASKANTHA,VAV,CHALA,CHALA,16,294
BANASKANTHA,VAV,CHANDANGADH,CHANDANGADH,4,115
BANASKANTHA,VAV,CHANDARVA,CHANDARVA,17,563
BANASKANTHA,VAV,CHATARPURA,CHATARPURA,5,150
BANASKANTHA,VAV,CHOTHAR NESDA,CHOTHARNESDA,9,673
BANASKANTHA,VAV,CHOTIL,CHOTIL,3,232
BANASKANTHA,VAV,CHUVA,CHUVA,12,321
BANASKANTHA,VAV,DABHI,DABHI,4,247
BANASKANTHA,VAV,DAIYAP,DAIYAP,7,463
BANASKANTHA,VAV,DENDAVA,DENDAVA,14,569
BANASKANTHA,VAV,DETHALI,DETHALI,16,1525
BANASKANTHA,VAV,DEVPURA (TALSARI),DEVPURATALSARI,7,78
BANASKANTHA,VAV,DHANANA,DHANANA,7,292
BANASKANTHA,VAV,DHARADHARA,DHARADHARA,9,243
BANASKANTHA,VAV,DHERIANA,DHERIANA,7,144
BANASKANTHA,VAV,DHIMA,DHIMA,14,1159
BANASKANTHA,VAV,DHRECHANA,DHRECHANA,3,328
BANASKANTHA,VAV,DUDHVA,DUDHVA,5,375
BANASKANTHA,VAV,DUDOSAN,DUDOSAN,4,285
BANASKANTHA,VAV,DUNGALA,DUNGALA,5,194
BANASKANTHA,VAV,ETA,ETA,8,210
BANASKANTHA,VAV,FANGADI,FANGADI,3,168
BANASKANTHA,VAV,GAMBHIRPURA,GAMBHIRPURA,6,150
BANASKANTHA,VAV,GARAMBADI,GARAMBADI,10,321
BANASKANTHA,VAV,GOLAP NESDA,GOLAPNESDA,29,853
BANASKANTHA,VAV,GOLGAM,GOLGAM,6,614
BANASKANTHA,VAV,HARIPURA,HARIPURA,3,62
BANASKANTHA,VAV,HARSAD,HARSAD,5,279
BANASKANTHA,VAV,ISHVARIYA,ISHVARIYA,2,92
BANASKANTHA,VAV,JALOYA,JALOYA,9,561
BANASKANTHA,VAV,JANAVADA,JANAVADA,4,158
BANASKANTHA,VAV,JELANA,JELANA,6,597
BANASKANTHA,VAV,JORAWARGADH,JORAWARGADH,10,218
BANASKANTHA,VAV,JORDIYALI,JORDIYALI,4,289
BANASKANTHA,VAV,KALYANPURA,KALYANPURA,6,36
BANASKANTHA,VAV,KANOTHI,KANOTHI,4,445
BANASKANTHA,VAV,KARELI,KARELI,17,546
BANASKANTHA,VAV,KATAV,KATAV,10,113
BANASKANTHA,VAV,KHADOL,KHADOL,7,289
BANASKANTHA,VAV,KHARDOL,KHARDOL,4,317
BANASKANTHA,VAV,KHIMANAVAS,KHIMANAVAS,38,2400
BANASKANTHA,VAV,KOLAVA,KOLAVA,1,264
BANASKANTHA,VAV,KORETI,KORETI,18,375
BANASKANTHA,VAV,KUMBHARDI,KUMBHARDI,2,205
BANASKANTHA,VAV,KUMBHARKHA,KUMBHARKHA,3,263
BANASKANTHA,VAV,KUNDALIYA,KUNDALIYA,4,3555
BANASKANTHA,VAV,LALPURA,LALPURA,11,144
BANASKANTHA,VAV,LIMBALA,LIMBALA,4,205
BANASKANTHA,VAV,LIMBUNI,LIMBUNI,19,468
BANASKANTHA,VAV,LODRANI,LODRANI,5,577
BANASKANTHA,VAV,MADHPURA,MADHPURA,16,345
BANASKANTHA,VAV,MADKA,MADKA,14,1003
BANASKANTHA,VAV,MALSAN,MALSAN,3,177
BANASKANTHA,VAV,MAMANA,MAMANA,6,258
BANASKANTHA,VAV,MASALI,MASALI,8,238
BANASKANTHA,VAV,MAVSARI,MAVSARI,2,534
BANASKANTHA,VAV,MITHAVI CHARAN,MITHAVICHARAN,2,154
BANASKANTHA,VAV,MITHAVI RANA,MITHAVIRANA,2,137
BANASKANTHA,VAV,MORIKHA,MORIKHA,5,835
BANASKANTHA,VAV,MORWADA,MORWADA,13,1094
BANASKANTHA,VAV,NALODAR,NALODAR,4,471
BANASKANTHA,VAV,NAVAPURA,NAVAPURA,5,279
BANASKANTHA,VAV,PADAN,PADAN,3,689
BANASKANTHA,VAV,PANSADA,PANSADA,5,130
BANASKANTHA,VAV,PRATAPPURA,PRATAPPURA,3,193
BANASKANTHA,VAV,RABADI PADAR,RABADIPADAR,5,250
BANASKANTHA,VAV,RACHHENA,RACHHENA,8,409
BANASKANTHA,VAV,RADHA NESDA,RADHANESDA,13,121
BANASKANTHA,VAV,RADKA,RADKA,5,253
BANASKANTHA,VAV,RADOSAN,RADOSAN,15,642
BANASKANTHA,VAV,RAJPURA,RAJPURA,5,64
BANASKANTHA,VAV,RAMPURA,RAMPURA,5,237
BANASKANTHA,VAV,RAVLA,RAVLA,3,43
BANASKANTHA,VAV,SANVAL,SANVAL,5,258
BANASKANTHA,VAV,SAPREDA,SAPREDA,6,572
BANASKANTHA,VAV,SARDARPURA,SARDARPURA,1,62
BANASKANTHA,VAV,SAVPURA,SAVPURA,8,115
BANASKANTHA,VAV,SEDAV,SEDAV,3,188
BANASKANTHA,VAV,SONETH,SONETH,12,511
BANASKANTHA,VAV,SUIGAM,SUIGAM,8,4659
BANASKANTHA,VAV,TADAV,TADAV,26,891
BANASKANTHA,VAV,TAKHATPURA,TAKHATPURA,14,176
BANASKANTHA,VAV,TAKHATPURA (J),TAKHATPURAJ,2,98
BANASKANTHA,VAV,TEJPURA,TEJPURA,5,186
BANASKANTHA,VAV,TITHGAM,TITHGAM,18,441
BANASKANTHA,VAV,TOBHA,TOBHA,5,87
BANASKANTHA,VAV,UCHOSAN,UCHOSAN,12,277
BANASKANTHA,VAV,UCHPA,UCHPA,23,185
BANASKANTHA,VAV,UMEDPURA,UMEDPURA,5,109
BANASKANTHA,VAV,VAGHPURA,VAGHPURA,11,69
BANASKANTHA,VAV,VAJIYASARA,VAJIYASARA,3,140
BANASKANTHA,VAV,VASARDA,VASARDA,6,402
BANASKANTHA,VAV,VAV,VAV,28,1469
BANASKANTHA,VAV,VAVDI,VAVDI,9,561
BHARUCH,AMOD,AACHHOD,AACHHOD,101,3679
BHARUCH,AMOD,ADVALA,ADVALA,23,368
BHARUCH,AMOD,AJAMNAGAR,AJAMNAGAR,14,233
BHARUCH,AMOD,AMOD,AMOD,4,50
BHARUCH,AMOD,ANOR,ANOR,52,1335
BHARUCH,AMOD,ASNERA,ASNERA,24,346
BHARUCH,AMOD,BHIMPURA,BHIMPURA,29,510
BHARUCH,AMOD,BODKA,BODKA,28,270
BHARUCH,AMOD,BUVA,BUVA,18,1837
BHARUCH,AMOD,CHAKLAD,CHAKLAD,100,660
BHARUCH,AMOD,DADAPOR,DADAPOR,26,228
BHARUCH,AMOD,DANDA,DANDA,72,744
BHARUCH,AMOD,DENVA,DENVA,8,726
BHARUCH,AMOD,DORA,DORA,104,1540
BHARUCH,AMOD,GHAMNAD,GHAMNAD,22,2033
BHARUCH,AMOD,IKHAR,IKHAR,32,2178
BHARUCH,AMOD,INTOLA,INTOLA,8,586
BHARUCH,AMOD,KARENA,KARENA,39,1019
BHARUCH,AMOD,KERWADA,KERWADA,64,801
BHARUCH,AMOD,KESHLU,KESHLU,13,556
BHARUCH,AMOD,KOBLA,KOBLA,32,464
BHARUCH,AMOD,KOLAVANA,KOLAVANA,24,4476
BHARUCH,AMOD,KOTHI VANTARSA,KOTHIVANTARSA,39,415
BHARUCH,AMOD,KURCHAN,KURCHAN,40,735
BHARUCH,AMOD,MACHHASARA,MACHHASARA,42,1110
BHARUCH,AMOD,MALKINPURA ALIAS TIM,MALKINPURAALIASTIM,32,372
BHARUCH,AMOD,MANGROL,MANGROL,13,1108
BHARUCH,AMOD,MANJOLA,MANJOLA,19,357
BHARUCH,AMOD,MATAR TALPAD,MATARTALPAD,50,835
BHARUCH,AMOD,MATAR VANTA,MATARVANTA,25,908
BHARUCH,AMOD,NAHIER,NAHIER,67,405
BHARUCH,AMOD,NINAM,NINAM,23,315
BHARUCH,AMOD,OCHHAN,OCHHAN,41,616
BHARUCH,AMOD,PURSA,PURSA,55,872
BHARUCH,AMOD,RANADA,RANADA,14,329
BHARUCH,AMOD,RANIPURA,RANIPURA,50,177
BHARUCH,AMOD,RODH,RODH,52,328
BHARUCH,AMOD,ROZA TANKARIYA,ROZATANKARIYA,96,1482
BHARUCH,AMOD,SAMANI,SAMANI,69,681
BHARUCH,AMOD,SAMIALA,SAMIALA,8,301
BHARUCH,AMOD,SARBHAN,SARBHAN,92,2253
BHARUCH,AMOD,SHRIKOTHI,SHRIKOTHI,23,388
BHARUCH,AMOD,SIMARTHA,SIMARTHA,3,391
BHARUCH,AMOD,SONAMA,SONAMA,19,163
BHARUCH,AMOD,SUDI,SUDI,26,502
BHARUCH,AMOD,SUTHODRA,SUTHODRA,3,152
BHARUCH,AMOD,TANCHHA,TANCHHA,73,773
BHARUCH,AMOD,TEGVA,TEGVA,27,299
BHARUCH,AMOD,TELOD,TELOD,20,2459
BHARUCH,AMOD,VALIPOR,VALIPOR,10,486
BHARUCH,AMOD,VANTARSA,VANTARSA,16,546
BHARUCH,AMOD,VASNA,VASNA,20,577
BHARUCH,AMOD,VEDCHA,VEDCHA,20,490
BHARUCH,AMOD,WADIYA,WADIYA,20,318
BHARUCH,ANKLESHWAR,ADADARA,ADADARA,27,176
BHARUCH,ANKLESHWAR,ADOL,ADOL,12,1026
BHARUCH,ANKLESHWAR,ALONJ,ALONJ,7,473
BHARUCH,ANKLESHWAR,AMBOLI,AMBOLI,42,159
BHARUCH,ANKLESHWAR,AMRUTPURA,AMRUTPURA,30,83
BHARUCH,ANKLESHWAR,ANDADA,ANDADA,67,396
BHARUCH,ANKLESHWAR,ANKLESHWAR,ANKLESHWAR,1,1
BHARUCH,ANKLESHWAR,AVADAR,AVADAR,8,298
BHARUCH,ANKLESHWAR,BAKROL,BAKROL,76,474
BHARUCH,ANKLESHWAR,BHADI,BHADI,32,650
BHARUCH,ANKLESHWAR,BHADKODARA,BHADKODARA,66,329
BHARUCH,ANKLESHWAR,BHARAN,BHARAN,91,1000
BHARUCH,ANKLESHWAR,BOIDARA,BOIDARA,69,704
BHARUCH,ANKLESHWAR,BORBHATHA,BORBHATHA,24,242
BHARUCH,ANKLESHWAR,BORBHATHA BAT,BORBHATHABAT,17,219
BHARUCH,ANKLESHWAR,CHHAPRA,CHHAPRA,14,148
BHARUCH,ANKLESHWAR,DADHAL,DADHAL,27,206
BHARUCH,ANKLESHWAR,DHANTURIYA,DHANTURIYA,18,585
BHARUCH,ANKLESHWAR,DIVA,DIVA,93,1017
BHARUCH,ANKLESHWAR,DIVI,DIVI,34,249
BHARUCH,ANKLESHWAR,GADKHOL,GADKHOL,80,317
BHARUCH,ANKLESHWAR,HAJAT,HAJAT,12,551
BHARUCH,ANKLESHWAR,HARIPURA,HARIPURA,11,336
BHARUCH,ANKLESHWAR,JITALI,JITALI,21,2197
BHARUCH,ANKLESHWAR,KANSIYA,KANSIYA,47,339
BHARUCH,ANKLESHWAR,KANWA,KANWA,21,131
BHARUCH,ANKLESHWAR,KAPODRA,KAPODRA,35,409
BHARUCH,ANKLESHWAR,KARARVEL,KARARVEL,16,472
BHARUCH,ANKLESHWAR,KARMALI,KARMALI,11,199
BHARUCH,ANKLESHWAR,KHAROD,KHAROD,79,447
BHARUCH,ANKLESHWAR,KOSAMADI,KOSAMADI,101,991
BHARUCH,ANKLESHWAR,MANDVABUZARG,MANDVABUZARG,28,650
BHARUCH,ANKLESHWAR,MATIAD,MATIAD,9,969
BHARUCH,ANKLESHWAR,MOTALI,MOTALI,14,107
BHARUCH,ANKLESHWAR,MOTWAN,MOTWAN,15,374
BHARUCH,ANKLESHWAR,NANGAL,NANGAL,27,379
BHARUCH,ANKLESHWAR,NAUGAMA,NAUGAMA,72,269
BHARUCH,ANKLESHWAR,PANOLI,PANOLI,50,644
BHARUCH,ANKLESHWAR,PARDI IDRIS,PARDIIDRIS,31,562
BHARUCH,ANKLESHWAR,PARDI MOKHA,PARDIMOKHA,3,174
BHARUCH,ANKLESHWAR,PILUDARA,PILUDARA,28,358
BHARUCH,ANKLESHWAR,PIPROD,PIPROD,3,139
BHARUCH,ANKLESHWAR,PIRAMAN,PIRAMAN,115,770
BHARUCH,ANKLESHWAR,PUNGAM,PUNGAM,25,399
BHARUCH,ANKLESHWAR,RAVIDRA,RAVIDRA,22,398
BHARUCH,ANKLESHWAR,SAFIPURA,SAFIPURA,6,173
BHARUCH,ANKLESHWAR,SAKKARPOR,SAKKARPOR,25,457
BHARUCH,ANKLESHWAR,SAMOR,SAMOR,39,464
BHARUCH,ANKLESHWAR,SANGPOR,SANGPOR,11,828
BHARUCH,ANKLESHWAR,SANJALI,SANJALI,20,388
BHARUCH,ANKLESHWAR,SARANGPORE,SARANGPORE,37,421
BHARUCH,ANKLESHWAR,SARFUDDIN,SARFUDDIN,5,84
BHARUCH,ANKLESHWAR,SARTHAN,SARTHAN,13,635
BHARUCH,ANKLESHWAR,SISODARA,SISODARA,75,843
BHARUCH,ANKLESHWAR,SUJOD,SUJOD,77,1085
BHARUCH,ANKLESHWAR,SURWADI,SURWADI,14,237
BHARUCH,ANKLESHWAR,TARIA,TARIA,5,475
BHARUCH,ANKLESHWAR,TELVA,TELVA,12,1030
BHARUCH,ANKLESHWAR,UCHHALI,UCHHALI,19,282
BHARUCH,ANKLESHWAR,UMARWADA,UMARWADA,17,1069
BHARUCH,ANKLESHWAR,UTIYADARA,UTIYADARA,27,821
BHARUCH,Bharuch,ADOL,ADOL,36,304
BHARUCH,Bharuch,AMDADA,AMDADA,63,396
BHARUCH,Bharuch,AMLESHWAR,AMLESHWAR,258,1074
BHARUCH,Bharuch,ANGARESHWAR,ANGARESHWAR,41,478
BHARUCH,Bharuch,ASURIA,ASURIA,34,186
BHARUCH,Bharuch,BAMBUSAR,BAMBUSAR,33,160
BHARUCH,Bharuch,BHADBHUT,BHADBHUT,14,457
BHARUCH,Bharuch,BHARTHANA,BHARTHANA,28,301
BHARUCH,Bharuch,BHOLAV,BHOLAV,17,127
BHARUCH,Bharuch,BHUVA,BHUVA,42,262
BHARUCH,Bharuch,BORI,BORI,47,218
BHARUCH,Bharuch,CHAVAJ,CHAVAJ,73,334
BHARUCH,Bharuch,CHOLAD,CHOLAD,79,292
BHARUCH,Bharuch,DABHALI,DABHALI,25,320
BHARUCH,Bharuch,DAHEGAM,DAHEGAM,82,487
BHARUCH,Bharuch,DASHAN,DASHAN,24,302
BHARUCH,Bharuch,DAYADRA,DAYADRA,76,1072
BHARUCH,Bharuch,DEROL,DEROL,133,632
BHARUCH,Bharuch,DETRAL,DETRAL,39,281
BHARUCH,Bharuch,EKSAL,EKSAL,72,638
BHARUCH,Bharuch,GHODI,GHODI,50,304
BHARUCH,Bharuch,HALDAR,HALDAR,101,436
BHARUCH,Bharuch,HALDARWA,HALDARWA,53,287
BHARUCH,Bharuch,HINGALLA,HINGALLA,58,606
BHARUCH,Bharuch,HINGLOT,HINGLOT,88,830
BHARUCH,Bharuch,JHANGHAR,JHANGHAR,124,1032
BHARUCH,Bharuch,JHANOR,JHANOR,40,2222
BHARUCH,Bharuch,KAHAN,KAHAN,68,595
BHARUCH,Bharuch,KAMBOLI,KAMBOLI,55,588
BHARUCH,Bharuch,KANTHARIYA,KANTHARIYA,75,296
BHARUCH,Bharuch,KARELA,KARELA,117,658
BHARUCH,Bharuch,KARGAT,KARGAT,57,253
BHARUCH,Bharuch,KARJAN,KARJAN,29,408
BHARUCH,Bharuch,KARMAD,KARMAD,58,742
BHARUCH,Bharuch,KARMALI,KARMALI,21,253
BHARUCH,Bharuch,KASAD,KASAD,71,1401
BHARUCH,Bharuch,KASVA,KASVA,16,410
BHARUCH,Bharuch,KAVITHA,KAVITHA,49,566
BHARUCH,Bharuch,KELOD,KELOD,76,621
BHARUCH,Bharuch,KESROL,KESROL,14,301
BHARUCH,Bharuch,KISHNAD,KISHNAD,93,481
BHARUCH,Bharuch,KOTHI,KOTHI,27,782
BHARUCH,Bharuch,KUKARWADA,KUKARWADA,46,257
BHARUCH,Bharuch,KURALLA,KURALLA,26,349
BHARUCH,Bharuch,KUVADAR,KUVADAR,25,92
BHARUCH,Bharuch,LUWARA,LUWARA,28,292
BHARUCH,Bharuch,MAHEGAM,MAHEGAM,4,159
BHARUCH,Bharuch,MAHUDHALA,MAHUDHALA,43,459
BHARUCH,Bharuch,MAKTAMPUR,MAKTAMPUR,19,140
BHARUCH,Bharuch,MANAD,MANAD,7,509
BHARUCH,Bharuch,MANCH,MANCH,26,396
BHARUCH,Bharuch,MANGLESHWAR,MANGLESHWAR,81,816
BHARUCH,Bharuch,MANUBAR,MANUBAR,2,3195
BHARUCH,Bharuch,NABIPUR,NABIPUR,125,1161
BHARUCH,Bharuch,NAND,NAND,7,410
BHARUCH,Bharuch,NANDELAV,NANDELAV,29,133
BHARUCH,Bharuch,NARTHALA,NARTHALA,21,77
BHARUCH,Bharuch,NAVETHA,NAVETHA,39,367
BHARUCH,Bharuch,NIKORA,NIKORA,64,1586
BHARUCH,Bharuch,OSARA,OSARA,20,142
BHARUCH,Bharuch,PADARIYA,PADARIYA,73,311
BHARUCH,Bharuch,PAGUTHAN,PAGUTHAN,45,750
BHARUCH,Bharuch,PALEJ,PALEJ,89,493
BHARUCH,Bharuch,PARIEJ,PARIEJ,71,1475
BHARUCH,Bharuch,PARKHET,PARKHET,76,2031
BHARUCH,Bharuch,PIPALIA,PIPALIA,110,707
BHARUCH,Bharuch,RAHADPOR,RAHADPOR,8,79
BHARUCH,Bharuch,SAMLOD,SAMLOD,49,495
BHARUCH,Bharuch,SANKHVAD,SANKHVAD,25,345
BHARUCH,Bharuch,SARNAR,SARNAR,34,707
BHARUCH,Bharuch,SEGVA,SEGVA,67,1017
BHARUCH,Bharuch,SHAHPURA,SHAHPURA,16,710
BHARUCH,Bharuch,SHERPURA,SHERPURA,17,173
BHARUCH,Bharuch,SHUKLATIRTH,SHUKLATIRTH,131,1456
BHARUCH,Bharuch,SIMALIA,SIMALIA,63,313
BHARUCH,Bharuch,SINDHOT,SINDHOT,34,628
BHARUCH,Bharuch,SITPON,SITPON,161,3268
BHARUCH,Bharuch,TANKARIYA,TANKARIYA,184,2060
BHARUCH,Bharuch,TAVARA,TAVARA,178,1728
BHARUCH,Bharuch,THAM,THAM,108,734
BHARUCH,Bharuch,THIKARIA,THIKARIA,73,270
BHARUCH,Bharuch,TRALSA,TRALSA,47,1681
BHARUCH,Bharuch,TRALSI,TRALSI,33,305
BHARUCH,Bharuch,UMARA,UMARA,52,619
BHARUCH,Bharuch,UMRAJ,UMRAJ,68,729
BHARUCH,Bharuch,UPARALI,UPARALI,13,222
BHARUCH,Bharuch,VADADLA,VADADLA,77,331
BHARUCH,Bharuch,VADVA,VADVA,11,161
BHARUCH,Bharuch,VAGUSANA,VAGUSANA,29,155
BHARUCH,Bharuch,VAHALU,VAHALU,44,1165
BHARUCH,Bharuch,VANSI,VANSI,31,912
BHARUCH,Bharuch,VAREDIA,VAREDIA,68,924
BHARUCH,Bharuch,VERWADA,VERWADA,16,114
BHARUCH,Bharuch,VESDADA,VESDADA,21,260
BHARUCH,Bharuch,ZADESHWAR,ZADESHWAR,63,339
BHARUCH,HANSOT,ALVA,ALVA,23,179
BHARUCH,HANSOT,AMBHETA,AMBHETA,14,343
BHARUCH,HANSOT,AMOD,AMOD,3,245
BHARUCH,HANSOT,ANIYADARA,ANIYADARA,26,406
BHARUCH,HANSOT,ANKALVA,ANKALVA,33,1082
BHARUCH,HANSOT,ASARMA,ASARMA,42,761
BHARUCH,HANSOT,ASTA,ASTA,7,600
BHARUCH,HANSOT,BADODARA,BADODARA,15,649
BHARUCH,HANSOT,BALOTA,BALOTA,56,1329
BHARUCH,HANSOT,BOLAV,BOLAV,24,345
BHARUCH,HANSOT,CHHILODARA,CHHILODARA,35,300
BHARUCH,HANSOT,DANTRAI,DANTRAI,36,944
BHARUCH,HANSOT,DHAMRAD,DHAMRAD,21,661
BHARUCH,HANSOT,DIGAS,DIGAS,8,763
BHARUCH,HANSOT,DUNGRA,DUNGRA,20,262
BHARUCH,HANSOT,GHODADARA,GHODADARA,7,489
BHARUCH,HANSOT,HANSOT,HANSOT,30,307
BHARUCH,HANSOT,ILAV,ILAV,55,1545
BHARUCH,HANSOT,JETPOR,JETPOR,15,391
BHARUCH,HANSOT,KALAM,KALAM,6,316
BHARUCH,HANSOT,KANTA-SAYAN,KANTASAYAN,16,723
BHARUCH,HANSOT,KANTIYAJAL,KANTIYAJAL,18,2446
BHARUCH,HANSOT,KATHODARA,KATHODARA,14,444
BHARUCH,HANSOT,KATPOR,KATPOR,68,4202
BHARUCH,HANSOT,KHARACH,KHARACH,25,700
BHARUCH,HANSOT,KUDADARA,KUDADARA,32,346
BHARUCH,HANSOT,MALANPOR,MALANPOR,11,310
BHARUCH,HANSOT,MANGROL,MANGROL,14,277
BHARUCH,HANSOT,MOTHIYA,MOTHIYA,38,422
BHARUCH,HANSOT,OBHA,OBHA,47,1279
BHARUCH,HANSOT,PANDAVAI,PANDAVAI,31,321
BHARUCH,HANSOT,PANJROLI,PANJROLI,31,526
BHARUCH,HANSOT,PARDI,PARDI,15,239
BHARUCH,HANSOT,PARVAT,PARVAT,10,537
BHARUCH,HANSOT,RAYMA,RAYMA,15,411
BHARUCH,HANSOT,ROHID,ROHID,24,652
BHARUCH,HANSOT,SAHOL,SAHOL,31,524
BHARUCH,HANSOT,SAMLI,SAMLI,40,842
BHARUCH,HANSOT,SHERA,SHERA,27,424
BHARUCH,HANSOT,SUNEVKALLA,SUNEVKALLA,26,2219
BHARUCH,HANSOT,SUNEVKHURD,SUNEVKHURD,20,1125
BHARUCH,HANSOT,UTRAJ,UTRAJ,33,1504
BHARUCH,HANSOT,VAGHWAN,VAGHWAN,49,411
BHARUCH,HANSOT,VALNER,VALNER,19,697
BHARUCH,HANSOT,VAMLESHWAR,VAMLESHWAR,20,812
BHARUCH,HANSOT,VANSNOLI,VANSNOLI,35,170
BHARUCH,JHAGADIA,ACHHALIA,ACHHALIA,42,403
BHARUCH,JHAGADIA,AMALZAR,AMALZAR,12,326
BHARUCH,JHAGADIA,AMBAKHADI,AMBAKHADI,15,109
BHARUCH,JHAGADIA,AMBOS,AMBOS,31,186
BHARUCH,JHAGADIA,AMOD,AMOD,10,241
BHARUCH,JHAGADIA,ANADHARA,ANADHARA,14,368
BHARUCH,JHAGADIA,ANDHARKACHHALA,ANDHARKACHHALA,7,40
BHARUCH,JHAGADIA,ANJOLI,ANJOLI,5,277
BHARUCH,JHAGADIA,ASHA,ASHA,81,967
BHARUCH,JHAGADIA,ASHNAVI,ASHNAVI,48,238
BHARUCH,JHAGADIA,AVIDHA,AVIDHA,5,1090
BHARUCH,JHAGADIA,BALESHWAR,BALESHWAR,10,166
BHARUCH,JHAGADIA,BAMALLA,BAMALLA,25,727
BHARUCH,JHAGADIA,BHALOD,BHALOD,9,742
BHARUCH,JHAGADIA,BHIMPOR,BHIMPOR,5,310
BHARUCH,JHAGADIA,BHOJPOR,BHOJPOR,22,196
BHARUCH,JHAGADIA,BILATHA,BILATHA,31,115
BHARUCH,JHAGADIA,BILVADA,BILVADA,14,122
BHARUCH,JHAGADIA,BORIDARA (DUMALA),BORIDARADUMALA,9,324
BHARUCH,JHAGADIA,BORIDARA (SARKARI),BORIDARASARKARI,7,176
BHARUCH,JHAGADIA,BORJAI,BORJAI,15,303
BHARUCH,JHAGADIA,CHOKI,CHOKI,7,134
BHARUCH,JHAGADIA,DABHAL,DABHAL,19,408
BHARUCH,JHAGADIA,DADHEDA,DADHEDA,8,814
BHARUCH,JHAGADIA,DAMLAI,DAMLAI,18,272
BHARUCH,JHAGADIA,DEBAR,DEBAR,28,2270
BHARUCH,JHAGADIA,DHAROLI,DHAROLI,94,736
BHARUCH,JHAGADIA,DHOLAKUVA,DHOLAKUVA,8,184
BHARUCH,JHAGADIA,DHOLEKHAM,DHOLEKHAM,19,163
BHARUCH,JHAGADIA,DHOLI,DHOLI,12,141
BHARUCH,JHAGADIA,DHUNDHA,DHUNDHA,11,238
BHARUCH,JHAGADIA,FICHVADA (DUMALA),FICHVADADUMALA,12,88
BHARUCH,JHAGADIA,FICHWADA (SARKARI),FICHWADASARKARI,10,741
BHARUCH,JHAGADIA,FOKDI,FOKDI,13,107
BHARUCH,JHAGADIA,FULWADI,FULWADI,16,588
BHARUCH,JHAGADIA,GALIBA,GALIBA,52,229
BHARUCH,JHAGADIA,GAMBHIRPARA,GAMBHIRPARA,17,80
BHARUCH,JHAGADIA,GORATIA,GORATIA,8,51
BHARUCH,JHAGADIA,GOVALI,GOVALI,25,863
BHARUCH,JHAGADIA,GOVALI BET,GOVALIBET,2,839
BHARUCH,JHAGADIA,GUNDECHA,GUNDECHA,4,250
BHARUCH,JHAGADIA,HARIPARA,HARIPARA,5,67
BHARUCH,JHAGADIA,INDORE,INDORE,30,836
BHARUCH,JHAGADIA,JAGHADIA,JAGHADIA,19,491
BHARUCH,JHAGADIA,JAMBOI,JAMBOI,21,353
BHARUCH,JHAGADIA,JAMOLI,JAMOLI,8,116
BHARUCH,JHAGADIA,JARSAD,JARSAD,7,284
BHARUCH,JHAGADIA,JESPORE,JESPORE,11,268
BHARUCH,JHAGADIA,KADWALI,KADWALI,19,156
BHARUCH,JHAGADIA,KAKALPOR,KAKALPOR,9,98
BHARUCH,JHAGADIA,KANTIDARA,KANTIDARA,12,312
BHARUCH,JHAGADIA,KANTIPADA,KANTIPADA,115,482
BHARUCH,JHAGADIA,KANTOL,KANTOL,7,128
BHARUCH,JHAGADIA,KAPALSADI,KAPALSADI,17,734
BHARUCH,JHAGADIA,KAPAT,KAPAT,17,199
BHARUCH,JHAGADIA,KARAD,KARAD,18,411
BHARUCH,JHAGADIA,KESHARVA,KESHARVA,12,120
BHARUCH,JHAGADIA,KHADOLI,KHADOLI,15,213
BHARUCH,JHAGADIA,KHALAK,KHALAK,5,128
BHARUCH,JHAGADIA,KHARATA,KHARATA,19,193
BHARUCH,JHAGADIA,KHARCHI,KHARCHI,4,435
BHARUCH,JHAGADIA,KHARCHI BHILWADA,KHARCHIBHILWADA,7,150
BHARUCH,JHAGADIA,KHARIA,KHARIA,4,131
BHARUCH,JHAGADIA,KOCHBAR,KOCHBAR,12,318
BHARUCH,JHAGADIA,KOLIAPADA,KOLIAPADA,5,121
BHARUCH,JHAGADIA,KOLIVADA,KOLIVADA,9,98
BHARUCH,JHAGADIA,KOTIAMAU,KOTIAMAU,9,82
BHARUCH,JHAGADIA,KRUSHNAPURI,KRUSHNAPURI,1,273
BHARUCH,JHAGADIA,KUNVARPARA,KUNVARPARA,12,193
BHARUCH,JHAGADIA,KURI,KURI,7,139
BHARUCH,JHAGADIA,LIMET,LIMET,30,481
BHARUCH,JHAGADIA,LIMODARA,LIMODARA,12,369
BHARUCH,JHAGADIA,MACHAMADI,MACHAMADI,4,123
BHARUCH,JHAGADIA,MADHAVPARA,MADHAVPARA,10,360
BHARUCH,JHAGADIA,MAHUVADA,MAHUVADA,7,389
BHARUCH,JHAGADIA,MALIPIPAR,MALIPIPAR,6,224
BHARUCH,JHAGADIA,MALJIPARA,MALJIPARA,10,186
BHARUCH,JHAGADIA,MANDVI,MANDVI,5,61
BHARUCH,JHAGADIA,MORAN,MORAN,14,235
BHARUCH,JHAGADIA,MORIYANA,MORIYANA,2,99
BHARUCH,JHAGADIA,MOTA MALPOR,MOTAMALPOR,22,279
BHARUCH,JHAGADIA,MOTA SANJA,MOTASANJA,9,329
BHARUCH,JHAGADIA,MOTA SORVA,MOTASORVA,23,332
BHARUCH,JHAGADIA,MOTA VASNA,MOTAVASNA,4,299
BHARUCH,JHAGADIA,MOVI,MOVI,25,211
BHARUCH,JHAGADIA,MULAD,MULAD,27,335
BHARUCH,JHAGADIA,MUNGAJ,MUNGAJ,16,99
BHARUCH,JHAGADIA,NANA SANJA,NANASANJA,39,386
BHARUCH,JHAGADIA,NANA SORVA,NANASORVA,7,60
BHARUCH,JHAGADIA,NANA VASNA,NANAVASNA,13,235
BHARUCH,JHAGADIA,NAVAGAM MOTA,NAVAGAMMOTA,4,65
BHARUCH,JHAGADIA,NAVAPARA,NAVAPARA,6,60
BHARUCH,JHAGADIA,PADA,PADA,6,62
BHARUCH,JHAGADIA,PADAL,PADAL,20,542
BHARUCH,JHAGADIA,PADVANIYA,PADVANIYA,26,388
BHARUCH,JHAGADIA,PANETHA,PANETHA,25,1082
BHARUCH,JHAGADIA,PANVADI,PANVADI,12,157
BHARUCH,JHAGADIA,PARVATA,PARVATA,3,266
BHARUCH,JHAGADIA,PATAR,PATAR,1,141
BHARUCH,JHAGADIA,PIPALPAN,PIPALPAN,21,208
BHARUCH,JHAGADIA,PIPDARA,PIPDARA,12,305
BHARUCH,JHAGADIA,PORA,PORA,1,325
BHARUCH,JHAGADIA,PRANKAD,PRANKAD,2,202
BHARUCH,JHAGADIA,RAISANGPURA,RAISANGPURA,18,302
BHARUCH,JHAGADIA,RAJPARA,RAJPARA,5,113
BHARUCH,JHAGADIA,RAJPARDI,RAJPARDI,18,1211
BHARUCH,JHAGADIA,RAJPORE,RAJPORE,19,337
BHARUCH,JHAGADIA,RAMKOT,RAMKOT,12,123
BHARUCH,JHAGADIA,RAMPORE,RAMPORE,5,215
BHARUCH,JHAGADIA,RANDEDI,RANDEDI,27,171
BHARUCH,JHAGADIA,RANIPURA,RANIPURA,17,352
BHARUCH,JHAGADIA,RATANPURE,RATANPURE,28,1626
BHARUCH,JHAGADIA,RAZALWADA,RAZALWADA,10,239
BHARUCH,JHAGADIA,ROOMALPURA,ROOMALPURA,4,1564
BHARUCH,JHAGADIA,RUNDH,RUNDH,12,471
BHARUCH,JHAGADIA,RUPANIA,RUPANIA,30,255
BHARUCH,JHAGADIA,RUPGHAT,RUPGHAT,22,261
BHARUCH,JHAGADIA,SAJANVAV,SAJANVAV,7,52
BHARUCH,JHAGADIA,SAMARPARA,SAMARPARA,9,87
BHARUCH,JHAGADIA,SANJALI,SANJALI,25,1247
BHARUCH,JHAGADIA,SARDARPURA,SARDARPURA,1,220
BHARUCH,JHAGADIA,SARSA,SARSA,32,2162
BHARUCH,JHAGADIA,SARSAD,SARSAD,11,659
BHARUCH,JHAGADIA,SELOD,SELOD,67,558
BHARUCH,JHAGADIA,SHANKOI,SHANKOI,15,76
BHARUCH,JHAGADIA,SHIR,SHIR,3,68
BHARUCH,JHAGADIA,SHIYALI,SHIYALI,18,287
BHARUCH,JHAGADIA,SIMDHARA,SIMDHARA,5,124
BHARUCH,JHAGADIA,SULTANPURA,SULTANPURA,13,814
BHARUCH,JHAGADIA,TALODARA,TALODARA,26,971
BHARUCH,JHAGADIA,TARSALI,TARSALI,2,353
BHARUCH,JHAGADIA,TAVDI,TAVDI,10,216
BHARUCH,JHAGADIA,TEJPOR,TEJPOR,8,339
BHARUCH,JHAGADIA,TIMLA,TIMLA,11,99
BHARUCH,JHAGADIA,TOTHIDARA,TOTHIDARA,3,469
BHARUCH,JHAGADIA,UCHCHHAB,UCHCHHAB,6,148
BHARUCH,JHAGADIA,UCHEDIA,UCHEDIA,11,711
BHARUCH,JHAGADIA,UMADHARA,UMADHARA,5,508
BHARUCH,JHAGADIA,UMALLA,UMALLA,45,805
BHARUCH,JHAGADIA,UMARKHARDA,UMARKHARDA,5,87
BHARUCH,JHAGADIA,UNDI,UNDI,29,156
BHARUCH,JHAGADIA,UNTIA,UNTIA,3,180
BHARUCH,JHAGADIA,VADHAVANA,VADHAVANA,11,167
BHARUCH,JHAGADIA,VADKHUNTA,VADKHUNTA,25,165
BHARUCH,JHAGADIA,VADPAN,VADPAN,3,25
BHARUCH,JHAGADIA,VAGHPARA (DUMALA),VAGHPARADUMALA,22,260
BHARUCH,JHAGADIA,VAGHPARA (SARKARI),VAGHPARASARKARI,18,412
BHARUCH,JHAGADIA,VALA,VALA,4,187
BHARUCH,JHAGADIA,VALI,VALI,4,161
BHARUCH,JHAGADIA,VALPORE,VALPORE,2,124
BHARUCH,JHAGADIA,VANAKPORE,VANAKPORE,3,734
BHARUCH,JHAGADIA,VANDARVELI,VANDARVELI,13,67
BHARUCH,JHAGADIA,VANKOL,VANKOL,3,104
BHARUCH,JHAGADIA,VANTHEVAD,VANTHEVAD,21,207
BHARUCH,JHAGADIA,VARKHADI,VARKHADI,8,143
BHARUCH,JHAGADIA,VASNA,VASNA,31,342
BHARUCH,JHAGADIA,VELUGAM,VELUGAM,29,977
BHARUCH,JHAGADIA,YAL,YAL,7,387
BHARUCH,JHAGADIA,ZAZPOR,ZAZPOR,7,186
BHARUCH,Jambusar,AMANPOR MOTA,AMANPORMOTA,50,593
BHARUCH,Jambusar,AMANPOR NANA,AMANPORNANA,34,260
BHARUCH,Jambusar,ANAKHI,ANAKHI,105,1490
BHARUCH,Jambusar,ASANVAD,ASANVAD,14,264
BHARUCH,Jambusar,ASARSA,ASARSA,30,738
BHARUCH,Jambusar,AURANUPOR TIMBDI,AURANUPORTIMBDI,4,87
BHARUCH,Jambusar,BAKARPOR TIMBI,BAKARPORTIMBI,13,196
BHARUCH,Jambusar,BHADKODARA,BHADKODARA,101,1147
BHARUCH,Jambusar,BHANKHETAR,BHANKHETAR,21,167
BHARUCH,Jambusar,BHODAR,BHODAR,32,593
BHARUCH,Jambusar,BOJADRA,BOJADRA,80,700
BHARUCH,Jambusar,CHANDPOR BARA,CHANDPORBARA,6,107
BHARUCH,Jambusar,CHANDPOR MARVA,CHANDPORMARVA,33,163
BHARUCH,Jambusar,CHHIDRA,CHHIDRA,55,1000
BHARUCH,Jambusar,DABHA,DABHA,70,1255
BHARUCH,Jambusar,DAHEGAM,DAHEGAM,157,1792
BHARUCH,Jambusar,DAHRI,DAHRI,58,1401
BHARUCH,Jambusar,DEVLA,DEVLA,82,2346
BHARUCH,Jambusar,DOLIA,DOLIA,96,542
BHARUCH,Jambusar,GAJERA,GAJERA,88,2964
BHARUCH,Jambusar,GULAL,GULAL,51,330
BHARUCH,Jambusar,HAMADPOR KANTHARIYA,HAMADPORKANTHARIYA,23,122
BHARUCH,Jambusar,ISLAMPORE,ISLAMPORE,53,442
BHARUCH,Jambusar,JAFARPARA,JAFARPARA,21,202
BHARUCH,Jambusar,JAMBUSAR,JAMBUSAR,1,3700
BHARUCH,Jambusar,JANTRAN,JANTRAN,153,2677
BHARUCH,Jambusar,KAHANAVA,KAHANAVA,24,998
BHARUCH,Jambusar,KALAK,KALAK,85,991
BHARUCH,Jambusar,KALIARI,KALIARI,28,355
BHARUCH,Jambusar,KANGAM,KANGAM,100,1029
BHARUCH,Jambusar,KANSAGAR,KANSAGAR,11,313
BHARUCH,Jambusar,KAPURIA,KAPURIA,28,490
BHARUCH,Jambusar,KARELI,KARELI,76,1552
BHARUCH,Jambusar,KARMAD,KARMAD,124,7074
BHARUCH,Jambusar,KAVA,KAVA,140,1176
BHARUCH,Jambusar,KAVI,KAVI,144,5444
BHARUCH,Jambusar,KAVLI,KAVLI,55,645
BHARUCH,Jambusar,KHANPOR DEH,KHANPORDEH,30,1682
BHARUCH,Jambusar,KIMOJ,KIMOJ,39,605
BHARUCH,Jambusar,KORA,KORA,45,953
BHARUCH,Jambusar,KOTESHWAR,KOTESHWAR,46,220
BHARUCH,Jambusar,KUNDHAL,KUNDHAL,51,463
BHARUCH,Jambusar,LIMAJ,LIMAJ,21,238
BHARUCH,Jambusar,MAGNAD,MAGNAD,125,1712
BHARUCH,Jambusar,MAHAMADPOR KAMBOI,MAHAMADPORKAMBOI,37,300
BHARUCH,Jambusar,MAHAPARA,MAHAPARA,12,1243
BHARUCH,Jambusar,MALPURE,MALPURE,52,2815
BHARUCH,Jambusar,MODAFAR,MODAFAR,98,2516
BHARUCH,Jambusar,MURADPOR NEJA,MURADPORNEJA,48,999
BHARUCH,Jambusar,NADA,NADA,35,2237
BHARUCH,Jambusar,NADIAD,NADIAD,15,419
BHARUCH,Jambusar,NAHAR,NAHAR,58,488
BHARUCH,Jambusar,NOBAR,NOBAR,75,1892
BHARUCH,Jambusar,NONDHANA,NONDHANA,59,834
BHARUCH,Jambusar,PANCHAKADA,PANCHAKADA,40,430
BHARUCH,Jambusar,PANCHPIPLA,PANCHPIPLA,26,71
BHARUCH,Jambusar,PILUDARA,PILUDARA,89,1053
BHARUCH,Jambusar,RAMPORE,RAMPORE,42,360
BHARUCH,Jambusar,RUNAD,RUNAD,52,999
BHARUCH,Jambusar,SALEHPOR SANGDI,SALEHPORSANGDI,24,166
BHARUCH,Jambusar,SAMOJ,SAMOJ,28,786
BHARUCH,Jambusar,SARDARPURA,SARDARPURA,49,207
BHARUCH,Jambusar,SAROD,SAROD,144,1020
BHARUCH,Jambusar,SHAMBHA,SHAMBHA,31,448
BHARUCH,Jambusar,SIGAM,SIGAM,137,961
BHARUCH,Jambusar,SINDHAV,SINDHAV,30,894
BHARUCH,Jambusar,SINGARNA,SINGARNA,7,336
BHARUCH,Jambusar,TANKARI BANDAR,TANKARIBANDAR,127,2441
BHARUCH,Jambusar,THAKORE TALAVDI,THAKORETALAVDI,54,185
BHARUCH,Jambusar,THANAVA,THANAVA,8,301
BHARUCH,Jambusar,TUNDAJ,TUNDAJ,78,783
BHARUCH,Jambusar,UBER,UBER,58,3906
BHARUCH,Jambusar,UCHCHHAD,UCHCHHAD,40,3379
BHARUCH,Jambusar,UMRA,UMRA,103,453
BHARUCH,Jambusar,VAD,VAD,50,301
BHARUCH,Jambusar,VADADALA,VADADALA,35,668
BHARUCH,Jambusar,VAHELAM,VAHELAM,41,545
BHARUCH,Jambusar,VALIPORE,VALIPORE,18,282
BHARUCH,Jambusar,VANSETA,VANSETA,37,329
BHARUCH,Jambusar,VAVLI,VAVLI,35,509
BHARUCH,Jambusar,VEDACH,VEDACH,67,2005
BHARUCH,Jambusar,ZAMDI,ZAMDI,58,1015
BHARUCH,VAGRA,AKHOD,AKHOD,12,302
BHARUCH,VAGRA,ALADAR,ALADAR,58,479
BHARUCH,VAGRA,ALIABET,ALIABET,1,2
BHARUCH,VAGRA,AMBHEL,AMBHEL,36,398
BHARUCH,VAGRA,AMBHETA,AMBHETA,4,4230
BHARUCH,VAGRA,ANKOT,ANKOT,25,233
BHARUCH,VAGRA,ARAGAMA,ARAGAMA,33,560
BHARUCH,VAGRA,ATALI,ATALI,29,384
BHARUCH,VAGRA,BADALPURA,BADALPURA,33,251
BHARUCH,VAGRA,BHENSALI,BHENSALI,32,265
BHARUCH,VAGRA,BHERSAM,BHERSAM,13,1175
BHARUCH,VAGRA,CHANCHVEL,CHANCHVEL,68,1269
BHARUCH,VAGRA,DAHEJ,DAHEJ,88,1569
BHARUCH,VAGRA,GALENDA,GALENDA,15,258
BHARUCH,VAGRA,GANDHAR,GANDHAR,71,795
BHARUCH,VAGRA,GOLADARA,GOLADARA,30,403
BHARUCH,VAGRA,HARINAGAR,HARINAGAR,2,282
BHARUCH,VAGRA,JAGESHWAR,JAGESHWAR,1,417
BHARUCH,VAGRA,JANIADARA,JANIADARA,28,436
BHARUCH,VAGRA,JOLVA,JOLVA,30,392
BHARUCH,VAGRA,JUNED,JUNED,9,297
BHARUCH,VAGRA,KADODARA,KADODARA,51,988
BHARUCH,VAGRA,KALADARA,KALADARA,25,794
BHARUCH,VAGRA,KALAM,KALAM,62,602
BHARUCH,VAGRA,KESHWAN,KESHWAN,115,1201
BHARUCH,VAGRA,KHADKHANDALI,KHADKHANDALI,2,60
BHARUCH,VAGRA,KHOJBAL,KHOJBAL,6,426
BHARUCH,VAGRA,KOLIAD,KOLIAD,6,255
BHARUCH,VAGRA,KOTHIA,KOTHIA,9,192
BHARUCH,VAGRA,LAKHIGAM,LAKHIGAM,10,777
BHARUCH,VAGRA,LIMDI,LIMDI,44,377
BHARUCH,VAGRA,LUVARA,LUVARA,1,290
BHARUCH,VAGRA,MOSAM,MOSAM,4,365
BHARUCH,VAGRA,MULER,MULER,100,600
BHARUCH,VAGRA,NADARKHA,NADARKHA,14,249
BHARUCH,VAGRA,NANDIDA,NANDIDA,33,605
BHARUCH,VAGRA,NARANAVI,NARANAVI,40,284
BHARUCH,VAGRA,OCHCHHAN,OCHCHHAN,123,727
BHARUCH,VAGRA,ORA,ORA,13,499
BHARUCH,VAGRA,PADARIYA NEWRECORDS,PADARIYANEWRECORDS,23,248
BHARUCH,VAGRA,PAHAJ,PAHAJ,21,810
BHARUCH,VAGRA,PAKHAJAN,PAKHAJAN,75,701
BHARUCH,VAGRA,PALDI,PALDI,49,473
BHARUCH,VAGRA,PANIADARA,PANIADARA,46,1017
BHARUCH,VAGRA,PIPALIA,PIPALIA,25,321
BHARUCH,VAGRA,PISAD,PISAD,28,254
BHARUCH,VAGRA,RAHAD,RAHAD,6,240
BHARUCH,VAGRA,RAHIAD,RAHIAD,21,956
BHARUCH,VAGRA,SACHAN,SACHAN,33,348
BHARUCH,VAGRA,SADATHALA,SADATHALA,2,149
BHARUCH,VAGRA,SALADARA,SALADARA,8,272
BHARUCH,VAGRA,SAMATPOR,SAMATPOR,5,138
BHARUCH,VAGRA,SAMBHETI,SAMBHETI,25,170
BHARUCH,VAGRA,SARAN,SARAN,15,466
BHARUCH,VAGRA,SAYAKHA,SAYAKHA,4,410
BHARUCH,VAGRA,SUTREL,SUTREL,47,223
BHARUCH,VAGRA,SUVA,SUVA,13,779
BHARUCH,VAGRA,TRANKAL,TRANKAL,58,231
BHARUCH,VAGRA,VACHHNAD,VACHHNAD,17,253
BHARUCH,VAGRA,VADADLA,VADADLA,4,297
BHARUCH,VAGRA,VAGRA,VAGRA,60,1543
BHARUCH,VAGRA,VAHIYAL,VAHIYAL,25,758
BHARUCH,VAGRA,VASTIKHANDALI,VASTIKHANDALI,29,391
BHARUCH,VAGRA,VAV,VAV,17,247
BHARUCH,VAGRA,VENGANI,VENGANI,6,210
BHARUCH,VAGRA,VILAYAT,VILAYAT,87,1230
BHARUCH,VAGRA,VINCHHIYAD,VINCHHIYAD,12,182
BHARUCH,VAGRA,VORASAMNI,VORASAMNI,8,894
BHARUCH,Valia,ARETHI,ARETHI,10,883
BHARUCH,Valia,ATKHOL,ATKHOL,11,91
BHARUCH,Valia,BALADAVA,BALADAVA,17,101
BHARUCH,Valia,BEDOLI,BEDOLI,1,22
BHARUCH,Valia,BHAMADIYA,BHAMADIYA,9,198
BHARUCH,Valia,BHANGORIA,BHANGORIA,6,69
BHARUCH,Valia,BHARADIYA,BHARADIYA,2,164
BHARUCH,Valia,BHENS KHETAR,BHENSKHETAR,1,156
BHARUCH,Valia,BHILOD,BHILOD,43,662
BHARUCH,Valia,BILOTHI,BILOTHI,47,400
BHARUCH,Valia,BORKHADI,BORKHADI,8,46
BHARUCH,Valia,CHANDERIYA,CHANDERIYA,7,252
BHARUCH,Valia,CHANDRAVAN,CHANDRAVAN,11,203
BHARUCH,Valia,CHASVAD,CHASVAD,25,144
BHARUCH,Valia,CHIKHLI,CHIKHLI,11,119
BHARUCH,Valia,CHIKLOTA,CHIKLOTA,29,110
BHARUCH,Valia,CHORAMLA,CHORAMLA,11,58
BHARUCH,Valia,DAHELI,DAHELI,15,700
BHARUCH,Valia,DAJIPARA,DAJIPARA,6,79
BHARUCH,Valia,DANSOLI,DANSOLI,8,353
BHARUCH,Valia,DATT NAGAR,DATTNAGAR,2,106
BHARUCH,Valia,DESAD,DESAD,25,688
BHARUCH,Valia,DHOLGAM,DHOLGAM,31,2795
BHARUCH,Valia,DODWADA,DODWADA,3,264
BHARUCH,Valia,DOLATPUR,DOLATPUR,7,241
BHARUCH,Valia,DUNGARI,DUNGARI,8,639
BHARUCH,Valia,FULWADI,FULWADI,16,155
BHARUCH,Valia,GANDHU,GANDHU,16,428
BHARUCH,Valia,GHANIKHUNT,GHANIKHUNT,17,91
BHARUCH,Valia,GHODA,GHODA,3,416
BHARUCH,Valia,GUNDIA,GUNDIA,8,269
BHARUCH,Valia,HIRAPOR,HIRAPOR,74,349
BHARUCH,Valia,HOLA KOTAR,HOLAKOTAR,8,116
BHARUCH,Valia,ITKALA,ITKALA,9,315
BHARUCH,Valia,JABUGAM,JABUGAM,8,750
BHARUCH,Valia,JAMANIYA,JAMANIYA,12,144
BHARUCH,Valia,JOLI,JOLI,1,1674
BHARUCH,Valia,KAKAD KUI,KAKADKUI,39,178
BHARUCH,Valia,KAMALIYA,KAMALIYA,9,95
BHARUCH,Valia,KAMBODIYA,KAMBODIYA,31,474
BHARUCH,Valia,KANERAV,KANERAV,16,160
BHARUCH,Valia,KARA,KARA,19,354
BHARUCH,Valia,KARSAD,KARSAD,8,367
BHARUCH,Valia,KAVACHIA,KAVACHIA,17,328
BHARUCH,Valia,KELVIKUVA,KELVIKUVA,22,152
BHARUCH,Valia,KESARGAM,KESARGAM,7,175
BHARUCH,Valia,KODVAV,KODVAV,14,49
BHARUCH,Valia,KONDH,KONDH,69,2005
BHARUCH,Valia,KOSMADI,KOSMADI,4,163
BHARUCH,Valia,KOYALI MANDVI,KOYALIMANDVI,11,195
BHARUCH,Valia,KOYLIVAV,KOYLIVAV,20,121
BHARUCH,Valia,KUP,KUP,19,63
BHARUCH,Valia,LUNA,LUNA,12,720
BHARUCH,Valia,MAUZA,MAUZA,40,748
BHARUCH,Valia,MELA,MELA,4,328
BHARUCH,Valia,MIRAPOR,MIRAPOR,49,243
BHARUCH,Valia,MOKHADI,MOKHADI,11,192
BHARUCH,Valia,MORIYANA,MORIYANA,3,678
BHARUCH,Valia,MOTA JAMBUDA,MOTAJAMBUDA,8,253
BHARUCH,Valia,MOTIA,MOTIA,10,73
BHARUCH,Valia,NALDHARI,NALDHARI,26,275
BHARUCH,Valia,NANA JAMBUDA,NANAJAMBUDA,19,171
BHARUCH,Valia,NAVAPARA,NAVAPARA,2,38
BHARUCH,Valia,NETRANG,NETRANG,44,251
BHARUCH,Valia,NIKOLI,NIKOLI,11,137
BHARUCH,Valia,PANCHASIM,PANCHASIM,2,101
BHARUCH,Valia,PANSOLI,PANSOLI,6,418
BHARUCH,Valia,PATAL,PATAL,4,1425
BHARUCH,Valia,PATHAR,PATHAR,48,493
BHARUCH,Valia,PETIYA,PETIYA,6,267
BHARUCH,Valia,PINGOT,PINGOT,28,189
BHARUCH,Valia,PITHOR,PITHOR,13,251
BHARUCH,Valia,RAJGADH,RAJGADH,5,242
BHARUCH,Valia,RAJPARA,RAJPARA,29,292
BHARUCH,Valia,RUNDHA,RUNDHA,28,220
BHARUCH,Valia,SABARIYA,SABARIYA,3,275
BHARUCH,Valia,SAKVA,SAKVA,1,103
BHARUCH,Valia,SEVAD,SEVAD,10,292
BHARUCH,Valia,SHIR,SHIR,2,164
BHARUCH,Valia,SILUDI,SILUDI,23,587
BHARUCH,Valia,SINADA,SINADA,12,208
BHARUCH,Valia,SINGALVAN,SINGALVAN,2,93
BHARUCH,Valia,SINGLA,SINGLA,4,198
BHARUCH,Valia,SODGAM,SODGAM,17,406
BHARUCH,Valia,THAVA,THAVA,12,76
BHARUCH,Valia,TUNA,TUNA,20,645
BHARUCH,Valia,UMARGAM,UMARGAM,11,178
BHARUCH,Valia,VAGADKHOL,VAGADKHOL,12,386
BHARUCH,Valia,VALIA,VALIA,46,451
BHARUCH,Valia,VANDARIYA,VANDARIYA,10,284
BHARUCH,Valia,VATARIYA,VATARIYA,11,469
BHARUCH,Valia,VITTHALGAM,VITTHALGAM,17,221
BHARUCH,Valia,ZARNA,ZARNA,15,112
BHARUCH,Valia,ZARNAVADI,ZARNAVADI,6,137
BHAVNAGAR,BHAVNAGAR,ADHELAI,ADHELAI,28,237
BHAVNAGAR,BHAVNAGAR,ALAPAR,ALAPAR,7,106
BHAVNAGAR,BHAVNAGAR,BHADBHEDIYA,BHADBHEDIYA,3,82
BHAVNAGAR,BHAVNAGAR,BHADBHID,BHADBHID,28,247
BHAVNAGAR,BHAVNAGAR,BHADI,BHADI,45,196
BHAVNAGAR,BHAVNAGAR,BHANDARIYA,BHANDARIYA,90,411
BHAVNAGAR,BHAVNAGAR,BHOJPURA,BHOJPURA,37,279
BHAVNAGAR,BHAVNAGAR,DEVALIYA,DEVALIYA,15,85
BHAVNAGAR,BHAVNAGAR,GANESHGADH,GANESHGADH,29,172
BHAVNAGAR,BHAVNAGAR,GUNDALA,GUNDALA,4,113
BHAVNAGAR,BHAVNAGAR,GUNDI,GUNDI,42,125
BHAVNAGAR,BHAVNAGAR,HATHAB,HATHAB,74,1069
BHAVNAGAR,BHAVNAGAR,JASHAVANTPAR,JASHAVANTPAR,8,95
BHAVNAGAR,BHAVNAGAR,JUNA MADHIYA,JUNAMADHIYA,7,55
BHAVNAGAR,BHAVNAGAR,JUNA RATANPAR,JUNARATANPAR,33,79
BHAVNAGAR,BHAVNAGAR,KALATALAV,KALATALAV,61,486
BHAVNAGAR,BHAVNAGAR,KAMLEJ,KAMLEJ,31,325
BHAVNAGAR,BHAVNAGAR,KANATALAV,KANATALAV,9,209
BHAVNAGAR,BHAVNAGAR,KARDEJ,KARDEJ,76,386
BHAVNAGAR,BHAVNAGAR,KHADSALIYA,KHADSALIYA,76,509
BHAVNAGAR,BHAVNAGAR,KHETAKHATLI,KHETAKHATLI,24,67
BHAVNAGAR,BHAVNAGAR,KOBDI,KOBDI,60,214
BHAVNAGAR,BHAVNAGAR,KOLIYAK,KOLIYAK,39,866
BHAVNAGAR,BHAVNAGAR,KOTDA,KOTDA,4,147
BHAVNAGAR,BHAVNAGAR,LAKHANKA,LAKHANKA,82,345
BHAVNAGAR,BHAVNAGAR,MITHAPAR,MITHAPAR,15,322
BHAVNAGAR,BHAVNAGAR,NAGDHANIBA,NAGDHANIBA,29,202
BHAVNAGAR,BHAVNAGAR,NARBAD,NARBAD,28,232
BHAVNAGAR,BHAVNAGAR,NAVA MADHIYA,NAVAMADHIYA,60,113
BHAVNAGAR,BHAVNAGAR,NAVA RATANPAR,NAVARATANPAR,41,205
BHAVNAGAR,BHAVNAGAR,PALIYAD,PALIYAD,14,132
BHAVNAGAR,BHAVNAGAR,PITHALPAR,PITHALPAR,7,290
BHAVNAGAR,BHAVNAGAR,RAJGADH,RAJGADH,31,1216
BHAVNAGAR,BHAVNAGAR,RAMPAR,RAMPAR,16,140
BHAVNAGAR,BHAVNAGAR,SANES,SANES,77,462
BHAVNAGAR,BHAVNAGAR,SARTANPAR,SARTANPAR,28,137
BHAVNAGAR,BHAVNAGAR,SAVAIKOT,SAVAIKOT,18,75
BHAVNAGAR,BHAVNAGAR,SAVAINAGAR,SAVAINAGAR,38,83
BHAVNAGAR,BHAVNAGAR,SHAMPURA,SHAMPURA,54,478
BHAVNAGAR,BHAVNAGAR,SHEDHAVADAR,SHEDHAVADAR,5,94
BHAVNAGAR,BHAVNAGAR,SODVADRA,SODVADRA,43,244
BHAVNAGAR,BHAVNAGAR,SURKA,SURKA,29,74
BHAVNAGAR,BHAVNAGAR,THALSAR,THALSAR,57,1592
BHAVNAGAR,BHAVNAGAR,THORDI,THORDI,115,372
BHAVNAGAR,BHAVNAGAR,UNDEVI,UNDEVI,34,848
BHAVNAGAR,BHAVNAGAR,VAVDI,VAVDI,13,185
BHAVNAGAR,BHAVNAGAR,VELAVADAR,VELAVADAR,24,210
BHAVNAGAR,BOTAD,BABARKOT,BABARKOT,57,261
BHAVNAGAR,BOTAD,BHADLA,BHADLA,47,155
BHAVNAGAR,BOTAD,BHADRAVADI,BHADRAVADI,56,742
BHAVNAGAR,BOTAD,BHAMBHAN,BHAMBHAN,28,1370
BHAVNAGAR,BOTAD,BODI,BODI,44,260
BHAVNAGAR,BOTAD,CHAKAMPAR,CHAKAMPAR,25,68
BHAVNAGAR,BOTAD,DHANKANIYA,DHANKANIYA,34,165
BHAVNAGAR,BOTAD,DHINKWALI,DHINKWALI,19,166
BHAVNAGAR,BOTAD,GADHADIYA,GADHADIYA,55,193
BHAVNAGAR,BOTAD,HADADAD,HADADAD,146,335
BHAVNAGAR,BOTAD,JOTINGADA,JOTINGADA,36,120
BHAVNAGAR,BOTAD,KANIYAD,KANIYAD,10,363
BHAVNAGAR,BOTAD,KARIYANI D,KARIYANID,104,249
BHAVNAGAR,BOTAD,KERIYA NO.1,KERIYANO1,68,157
BHAVNAGAR,BOTAD,KERIYA NO.2,KERIYANO2,36,145
BHAVNAGAR,BOTAD,KHAKHOI,KHAKHOI,19,99
BHAVNAGAR,BOTAD,KUMBHARA,KUMBHARA,16,186
BHAVNAGAR,BOTAD,LAKHENI,LAKHENI,88,523
BHAVNAGAR,BOTAD,LATHIDAD,LATHIDAD,49,2576
BHAVNAGAR,BOTAD,LIMBODA,LIMBODA,62,197
BHAVNAGAR,BOTAD,MOTA CHHAIDA,MOTACHHAIDA,21,54
BHAVNAGAR,BOTAD,MOTA PALIYAD,MOTAPALIYAD,162,616
BHAVNAGAR,BOTAD,MOTI VIRVA,MOTIVIRVA,19,124
BHAVNAGAR,BOTAD,NAGALPAR,NAGALPAR,82,309
BHAVNAGAR,BOTAD,NANA CHHAIDA,NANACHHAIDA,45,140
BHAVNAGAR,BOTAD,NANA PALIYAD,NANAPALIYAD,77,316
BHAVNAGAR,BOTAD,NANI VIRVA,NANIVIRVA,5,73
BHAVNAGAR,BOTAD,PATI,PATI,39,163
BHAVNAGAR,BOTAD,PIPALIYA,PIPALIYA,30,182
BHAVNAGAR,BOTAD,PIPARADI,PIPARADI,54,228
BHAVNAGAR,BOTAD,RAJPARA,RAJPARA,23,122
BHAVNAGAR,BOTAD,RANGPAR,RANGPAR,79,297
BHAVNAGAR,BOTAD,RATANPAR,RATANPAR,34,146
BHAVNAGAR,BOTAD,RATANVAV,RATANVAV,16,91
BHAVNAGAR,BOTAD,ROHISHALA,ROHISHALA,76,410
BHAVNAGAR,BOTAD,SAJELI,SAJELI,3,33
BHAVNAGAR,BOTAD,SALAIYA,SALAIYA,8,72
BHAVNAGAR,BOTAD,SAMADHIYALA NO.1,SAMADHIYALANO1,135,391
BHAVNAGAR,BOTAD,SAMADHIYALA NO.2,SAMADHIYALANO2,52,174
BHAVNAGAR,BOTAD,SANGAVADAR,SANGAVADAR,36,190
BHAVNAGAR,BOTAD,SANKARDI,SANKARDI,46,111
BHAVNAGAR,BOTAD,SARVA,SARVA,71,584
BHAVNAGAR,BOTAD,SARVAI,SARVAI,78,213
BHAVNAGAR,BOTAD,SHERTHALI,SHERTHALI,58,202
BHAVNAGAR,BOTAD,SHIRVANIYA,SHIRVANIYA,82,170
BHAVNAGAR,BOTAD,TAJPAR,TAJPAR,24,226
BHAVNAGAR,BOTAD,TARGHARA,TARGHARA,88,632
BHAVNAGAR,BOTAD,TURKHA,TURKHA,33,2592
BHAVNAGAR,BOTAD,VAJELI,VAJELI,14,127
BHAVNAGAR,BOTAD,ZAMRALA,ZAMRALA,36,373
BHAVNAGAR,BOTAD,ZARIYA,ZARIYA,14,72
BHAVNAGAR,BOTAD,ZINZAVADAR,ZINZAVADAR,71,200
BHAVNAGAR,GADHADA,ADTALA,ADTALA,13,253
BHAVNAGAR,GADHADA,ANIDA,ANIDA,12,158
BHAVNAGAR,GADHADA,ANKADIYA,ANKADIYA,7,61
BHAVNAGAR,GADHADA,BHANDARIYA,BHANDARIYA,21,115
BHAVNAGAR,GADHADA,BHIMDAD,BHIMDAD,17,508
BHAVNAGAR,GADHADA,BODKI,BODKI,18,183
BHAVNAGAR,GADHADA,CHABHADIYA,CHABHADIYA,23,267
BHAVNAGAR,GADHADA,CHIRODA,CHIRODA,10,120
BHAVNAGAR,GADHADA,CHOSLA,CHOSLA,11,83
BHAVNAGAR,GADHADA,DERALA,DERALA,14,103
BHAVNAGAR,GADHADA,DHASA,DHASA,103,463
BHAVNAGAR,GADHADA,DHRUFANIYA,DHRUFANIYA,17,245
BHAVNAGAR,GADHADA,GADHALI,GADHALI,32,312
BHAVNAGAR,GADHADA,GALA,GALA,3,188
BHAVNAGAR,GADHADA,GHOGHA SAMDI,GHOGHASAMDI,3,120
BHAVNAGAR,GADHADA,GORADKA,GORADKA,47,138
BHAVNAGAR,GADHADA,GUNDALA,GUNDALA,92,272
BHAVNAGAR,GADHADA,HAMAPAR,HAMAPAR,41,95
BHAVNAGAR,GADHADA,HARIPAR,HARIPAR,20,70
BHAVNAGAR,GADHADA,HOLAYA,HOLAYA,5,115
BHAVNAGAR,GADHADA,INGORALA (KHALSA),INGORALAKHALSA,14,68
BHAVNAGAR,GADHADA,ISHVARIYA,ISHVARIYA,9,456
BHAVNAGAR,GADHADA,ITARIYA,ITARIYA,16,1337
BHAVNAGAR,GADHADA,JALALPUR,JALALPUR,12,279
BHAVNAGAR,GADHADA,JANADA,JANADA,39,675
BHAVNAGAR,GADHADA,JUNAVADAR,JUNAVADAR,3,1160
BHAVNAGAR,GADHADA,KAMPARADI,KAMPARADI,18,142
BHAVNAGAR,GADHADA,KERALA,KERALA,45,215
BHAVNAGAR,GADHADA,KHIJADIYA,KHIJADIYA,3,155
BHAVNAGAR,GADHADA,KHOPALA,KHOPALA,16,1286
BHAVNAGAR,GADHADA,LAKHANKA,LAKHANKA,18,370
BHAVNAGAR,GADHADA,LIMBADIYA,LIMBADIYA,18,258
BHAVNAGAR,GADHADA,LIMBALA,LIMBALA,29,80
BHAVNAGAR,GADHADA,LIMBALI,LIMBALI,48,176
BHAVNAGAR,GADHADA,MALPARA,MALPARA,20,57
BHAVNAGAR,GADHADA,MANDAVDHAR,MANDAVDHAR,27,427
BHAVNAGAR,GADHADA,MANDVA,MANDVA,40,271
BHAVNAGAR,GADHADA,MEGHVADIYA,MEGHVADIYA,26,123
BHAVNAGAR,GADHADA,MOTA UMARDA,MOTAUMARDA,16,106
BHAVNAGAR,GADHADA,MOTI KUNDAL,MOTIKUNDAL,14,1401
BHAVNAGAR,GADHADA,NANA UMARDA,NANAUMARDA,13,113
BHAVNAGAR,GADHADA,NINGALA,NINGALA,132,283
BHAVNAGAR,GADHADA,PADAPAN,PADAPAN,5,58
BHAVNAGAR,GADHADA,PADVADAR,PADVADAR,13,144
BHAVNAGAR,GADHADA,PATANA,PATANA,25,305
BHAVNAGAR,GADHADA,PIPAL,PIPAL,19,52
BHAVNAGAR,GADHADA,PIPALIYA,PIPALIYA,3,196
BHAVNAGAR,GADHADA,PIPARDI,PIPARDI,14,113
BHAVNAGAR,GADHADA,PRAHLADGADH,PRAHLADGADH,64,723
BHAVNAGAR,GADHADA,RAJPIPALA,RAJPIPALA,64,723
BHAVNAGAR,GADHADA,RALIYANA,RALIYANA,66,347
BHAVNAGAR,GADHADA,RAMPARA,RAMPARA,34,1078
BHAVNAGAR,GADHADA,RASNAL,RASNAL,7,307
BHAVNAGAR,GADHADA,RATANPAR,RATANPAR,10,197
BHAVNAGAR,GADHADA,RATANVAV,RATANVAV,2,40
BHAVNAGAR,GADHADA,RAYPAR,RAYPAR,4,225
BHAVNAGAR,GADHADA,ROJMAL,ROJMAL,18,58
BHAVNAGAR,GADHADA,SAKHPAR MOTA,SAKHPARMOTA,19,128
BHAVNAGAR,GADHADA,SAKHPAR NANA,SAKHPARNANA,11,315
BHAVNAGAR,GADHADA,SALANGPAR NANU,SALANGPARNANU,31,165
BHAVNAGAR,GADHADA,SAMADHIYALA,SAMADHIYALA,71,185
BHAVNAGAR,GADHADA,SANJANAVADAR,SANJANAVADAR,4,92
BHAVNAGAR,GADHADA,SHIYANAGAR,SHIYANAGAR,130,377
BHAVNAGAR,GADHADA,SITAPAR,SITAPAR,1,143
BHAVNAGAR,GADHADA,SURKA,SURKA,59,180
BHAVNAGAR,GADHADA,TATAM,TATAM,72,512
BHAVNAGAR,GADHADA,TATANA,TATANA,2,69
BHAVNAGAR,GADHADA,UGAMEDI,UGAMEDI,129,363
BHAVNAGAR,GADHADA,VANALI,VANALI,14,102
BHAVNAGAR,GADHADA,VAVDI,VAVDI,14,335
BHAVNAGAR,GADHADA,VIKALIYA,VIKALIYA,5,193
BHAVNAGAR,GADHADA,VIRAVADI,VIRAVADI,5,65
BHAVNAGAR,GADHADA,VIRDI,VIRDI,6,193
BHAVNAGAR,GADHADA,ZINZAVADAR,ZINZAVADAR,72,340
BHAVNAGAR,GARIADHAR,ANANDPUR,ANANDPUR,10,73
BHAVNAGAR,GARIADHAR,BELA,BELA,31,171
BHAVNAGAR,GARIADHAR,BHAMARIYA,BHAMARIYA,30,1160
BHAVNAGAR,GARIADHAR,BHANDARIYA,BHANDARIYA,35,1311
BHAVNAGAR,GARIADHAR,CHOMAL,CHOMAL,20,695
BHAVNAGAR,GARIADHAR,DAMRALA,DAMRALA,31,141
BHAVNAGAR,GARIADHAR,FACHARIYA,FACHARIYA,21,123
BHAVNAGAR,GARIADHAR,GANESHGADH,GANESHGADH,34,234
BHAVNAGAR,GARIADHAR,GUJARADA,GUJARADA,48,246
BHAVNAGAR,GARIADHAR,JALIYA,JALIYA,43,250
BHAVNAGAR,GARIADHAR,JALVADAR,JALVADAR,30,90
BHAVNAGAR,GARIADHAR,KHARADI,KHARADI,7,136
BHAVNAGAR,GARIADHAR,KHODVADARI,KHODVADARI,29,271
BHAVNAGAR,GARIADHAR,LUVARA,LUVARA,41,141
BHAVNAGAR,GARIADHAR,MANDVI,MANDVI,73,470
BHAVNAGAR,GARIADHAR,MANGADH,MANGADH,8,88
BHAVNAGAR,GARIADHAR,MANGUKA,MANGUKA,16,111
BHAVNAGAR,GARIADHAR,MANPUR,MANPUR,34,165
BHAVNAGAR,GARIADHAR,MANVILAS,MANVILAS,14,402
BHAVNAGAR,GARIADHAR,MESANKA,MESANKA,30,96
BHAVNAGAR,GARIADHAR,MORBA,MORBA,24,902
BHAVNAGAR,GARIADHAR,MOTA CHARODIYA,MOTACHARODIYA,45,762
BHAVNAGAR,GARIADHAR,MOTI VAVDI,MOTIVAVDI,84,639
BHAVNAGAR,GARIADHAR,NANA CHARODIYA,NANACHARODIYA,22,85
BHAVNAGAR,GARIADHAR,NANI VAVDI,NANIVAVDI,63,409
BHAVNAGAR,GARIADHAR,NAVAGAM,NAVAGAM,28,1119
BHAVNAGAR,GARIADHAR,PA,PA,11,204
BHAVNAGAR,GARIADHAR,PACHHEGAM,PACHHEGAM,29,367
BHAVNAGAR,GARIADHAR,PALDI,PALDI,27,223
BHAVNAGAR,GARIADHAR,PANASADA,PANASADA,22,95
BHAVNAGAR,GARIADHAR,PANCHTOBARA,PANCHTOBARA,50,281
BHAVNAGAR,GARIADHAR,PARAVDI,PARAVDI,149,3922
BHAVNAGAR,GARIADHAR,PIPALVA,PIPALVA,14,79
BHAVNAGAR,GARIADHAR,RANIGAM,RANIGAM,24,280
BHAVNAGAR,GARIADHAR,RATANVAV,RATANVAV,39,269
BHAVNAGAR,GARIADHAR,RUPAVATI,RUPAVATI,58,268
BHAVNAGAR,GARIADHAR,SAMADHIYALA,SAMADHIYALA,33,243
BHAVNAGAR,GARIADHAR,SANDH KHAKHARA,SANDHKHAKHARA,40,211
BHAVNAGAR,GARIADHAR,SARAMBHADA,SARAMBHADA,30,81
BHAVNAGAR,GARIADHAR,SARINGPUR,SARINGPUR,29,266
BHAVNAGAR,GARIADHAR,SATAPADA,SATAPADA,33,297
BHAVNAGAR,GARIADHAR,SHIVENDRANAGAR,SHIVENDRANAGAR,37,120
BHAVNAGAR,GARIADHAR,SITAPUR,SITAPUR,11,98
BHAVNAGAR,GARIADHAR,SUKHPUR,SUKHPUR,22,79
BHAVNAGAR,GARIADHAR,SURNAGAR,SURNAGAR,41,397
BHAVNAGAR,GARIADHAR,SURNIVAS,SURNIVAS,19,202
BHAVNAGAR,GARIADHAR,SURVILAS,SURVILAS,10,125
BHAVNAGAR,GARIADHAR,THANSA,THANSA,41,184
BHAVNAGAR,GARIADHAR,TIMBA,TIMBA,34,214
BHAVNAGAR,GARIADHAR,VELAVADAR,VELAVADAR,84,3131
BHAVNAGAR,GARIADHAR,VIRDI,VIRDI,69,245
BHAVNAGAR,GHOGHA,BADI,BADI,75,309
BHAVNAGAR,GHOGHA,BANBHANIYA,BANBHANIYA,5,32
BHAVNAGAR,GHOGHA,BHANDAR,BHANDAR,26,47
BHAVNAGAR,GHOGHA,BHANKHAL,BHANKHAL,10,156
BHAVNAGAR,GHOGHA,BHAVANIPARA,BHAVANIPARA,2,131
BHAVNAGAR,GHOGHA,BHINKADA,BHINKADA,37,277
BHAVNAGAR,GHOGHA,CHANIYALA,CHANIYALA,18,199
BHAVNAGAR,GHOGHA,CHHAYA,CHHAYA,6,49
BHAVNAGAR,GHOGHA,GARIBPURA,GARIBPURA,6,133
BHAVNAGAR,GHOGHA,GORIYALI,GORIYALI,5,116
BHAVNAGAR,GHOGHA,HOIDAD,HOIDAD,30,277
BHAVNAGAR,GHOGHA,KANKOT,KANKOT,15,114
BHAVNAGAR,GHOGHA,KANTALA,KANTALA,7,161
BHAVNAGAR,GHOGHA,KAREDA,KAREDA,7,187
BHAVNAGAR,GHOGHA,KHANTADI,KHANTADI,23,158
BHAVNAGAR,GHOGHA,KHARAKADI,KHARAKADI,25,303
BHAVNAGAR,GHOGHA,KUDA,KUDA,5,151
BHAVNAGAR,GHOGHA,KUKAD,KUKAD,15,345
BHAVNAGAR,GHOGHA,LAKADIYA,LAKADIYA,14,189
BHAVNAGAR,GHOGHA,LAKHANKA,LAKHANKA,16,99
BHAVNAGAR,GHOGHA,MALEKVADAR,MALEKVADAR,18,88
BHAVNAGAR,GHOGHA,MALPAR,MALPAR,84,222
BHAVNAGAR,GHOGHA,MAMSA,MAMSA,19,90
BHAVNAGAR,GHOGHA,MORCHAND,MORCHAND,55,588
BHAVNAGAR,GHOGHA,MOTA KHOKHARA,MOTAKHOKHARA,24,301
BHAVNAGAR,GHOGHA,NA PADAR,NAPADAR,21,70
BHAVNAGAR,GHOGHA,NANA KHOKHARA,NANAKHOKHARA,19,287
BHAVNAGAR,GHOGHA,NATHUGADH,NATHUGADH,42,163
BHAVNAGAR,GHOGHA,NAVAGAM(NANA),NAVAGAMNANA,13,238
BHAVNAGAR,GHOGHA,NESVAD,NESVAD,10,100
BHAVNAGAR,GHOGHA,ODARKA,ODARKA,13,1828
BHAVNAGAR,GHOGHA,PADVA,PADVA,55,267
BHAVNAGAR,GHOGHA,PANIYALA,PANIYALA,10,76
BHAVNAGAR,GHOGHA,PIPARALA,PIPARALA,11,72
BHAVNAGAR,GHOGHA,PIRAM,PIRAM,1,5
BHAVNAGAR,GHOGHA,PITHALPUR,PITHALPUR,4,63
BHAVNAGAR,GHOGHA,RAJPARA,RAJPARA,6,134
BHAVNAGAR,GHOGHA,SAMADHIYALA,SAMADHIYALA,4,14
BHAVNAGAR,GHOGHA,SANODAR,SANODAR,12,521
BHAVNAGAR,GHOGHA,SARVADAR,SARVADAR,11,61
BHAVNAGAR,GHOGHA,TAGDI,TAGDI,80,171
BHAVNAGAR,GHOGHA,TANASA,TANASA,122,653
BHAVNAGAR,GHOGHA,TRAMBAK,TRAMBAK,17,98
BHAVNAGAR,GHOGHA,UKHARALA,UKHARALA,69,453
BHAVNAGAR,GHOGHA,VALUKAD,VALUKAD,82,407
BHAVNAGAR,GHOGHA,VAVDI,VAVDI,34,428
BHAVNAGAR,MAHUVA,AKHEGADH,AKHEGADH,23,98
BHAVNAGAR,MAHUVA,AMRUTVEL,AMRUTVEL,32,132
BHAVNAGAR,MAHUVA,ANGANKA,ANGANKA,15,93
BHAVNAGAR,MAHUVA,BAGDANA,BAGDANA,56,214
BHAVNAGAR,MAHUVA,BAMBHANIYA,BAMBHANIYA,18,260
BHAVNAGAR,MAHUVA,BEDA,BEDA,95,243
BHAVNAGAR,MAHUVA,BELAMPAR,BELAMPAR,23,178
BHAVNAGAR,MAHUVA,BHADRA,BHADRA,32,273
BHAVNAGAR,MAHUVA,BHADROD,BHADROD,139,881
BHAVNAGAR,MAHUVA,BHAGUDA,BHAGUDA,13,131
BHAVNAGAR,MAHUVA,BHANAVAV,BHANAVAV,4,10
BHAVNAGAR,MAHUVA,BHANVAD,BHANVAD,39,205
BHAVNAGAR,MAHUVA,BHANVADIYA,BHANVADIYA,35,63
BHAVNAGAR,MAHUVA,BHATAKDA,BHATAKDA,27,488
BHAVNAGAR,MAHUVA,BILA,BILA,97,357
BHAVNAGAR,MAHUVA,BILDI,BILDI,44,179
BHAVNAGAR,MAHUVA,BODA,BODA,57,122
BHAVNAGAR,MAHUVA,BORDI,BORDI,80,396
BHAVNAGAR,MAHUVA,BORLA,BORLA,12,78
BHAVNAGAR,MAHUVA,CHADDIKA,CHADDIKA,36,300
BHAVNAGAR,MAHUVA,CHHAPARIYALI,CHHAPARIYALI,19,34
BHAVNAGAR,MAHUVA,CHHAPRI,CHHAPRI,43,111
BHAVNAGAR,MAHUVA,CHOKVA,CHOKVA,10,125
BHAVNAGAR,MAHUVA,CHUNA,CHUNA,68,259
BHAVNAGAR,MAHUVA,DAYAL,DAYAL,59,428
BHAVNAGAR,MAHUVA,DEGAVDA,DEGAVDA,21,115
BHAVNAGAR,MAHUVA,DEVALIYA,DEVALIYA,26,65
BHAVNAGAR,MAHUVA,DHARAI,DHARAI,35,1106
BHAVNAGAR,MAHUVA,DOLIYA,DOLIYA,17,67
BHAVNAGAR,MAHUVA,DUDANA,DUDANA,40,176
BHAVNAGAR,MAHUVA,DUDHALA NO.1,DUDHALANO1,37,103
BHAVNAGAR,MAHUVA,DUDHALA NO.2,DUDHALANO2,28,213
BHAVNAGAR,MAHUVA,DUDHERI,DUDHERI,22,240
BHAVNAGAR,MAHUVA,DUNDAS,DUNDAS,26,125
BHAVNAGAR,MAHUVA,DUNGARPAR,DUNGARPAR,37,184
BHAVNAGAR,MAHUVA,GADHADA,GADHADA,27,193
BHAVNAGAR,MAHUVA,GALTHAR,GALTHAR,51,351
BHAVNAGAR,MAHUVA,GORAS,GORAS,9,206
BHAVNAGAR,MAHUVA,GUJARDA,GUJARDA,56,2318
BHAVNAGAR,MAHUVA,GUNDARANA,GUNDARANA,38,187
BHAVNAGAR,MAHUVA,GUNDARANI,GUNDARANI,34,186
BHAVNAGAR,MAHUVA,HARIPARA,HARIPARA,20,152
BHAVNAGAR,MAHUVA,INTIYA,INTIYA,21,268
BHAVNAGAR,MAHUVA,JAMBUDA,JAMBUDA,19,148
BHAVNAGAR,MAHUVA,JESAR,JESAR,172,524
BHAVNAGAR,MAHUVA,KAKIDI,KAKIDI,42,201
BHAVNAGAR,MAHUVA,KALELA,KALELA,31,252
BHAVNAGAR,MAHUVA,KALMODAR,KALMODAR,16,73
BHAVNAGAR,MAHUVA,KALSAR,KALSAR,75,451
BHAVNAGAR,MAHUVA,KANKOT,KANKOT,12,72
BHAVNAGAR,MAHUVA,KANTASAR,KANTASAR,28,139
BHAVNAGAR,MAHUVA,KARJALA,KARJALA,10,45
BHAVNAGAR,MAHUVA,KARLA,KARLA,41,214
BHAVNAGAR,MAHUVA,KARMADIYA,KARMADIYA,77,155
BHAVNAGAR,MAHUVA,KASAN,KASAN,32,181
BHAVNAGAR,MAHUVA,KATAKDA,KATAKDA,41,191
BHAVNAGAR,MAHUVA,KATPAR,KATPAR,37,313
BHAVNAGAR,MAHUVA,KHADSALIYA,KHADSALIYA,6,73
BHAVNAGAR,MAHUVA,KHARED,KHARED,33,232
BHAVNAGAR,MAHUVA,KHARI,KHARI,28,362
BHAVNAGAR,MAHUVA,KHATSURA,KHATSURA,52,151
BHAVNAGAR,MAHUVA,KINKARIA,KINKARIA,56,844
BHAVNAGAR,MAHUVA,KOBADIYA,KOBADIYA,33,80
BHAVNAGAR,MAHUVA,KONJALI,KONJALI,83,399
BHAVNAGAR,MAHUVA,KOTAMOI,KOTAMOI,64,164
BHAVNAGAR,MAHUVA,KOTIYA,KOTIYA,59,178
BHAVNAGAR,MAHUVA,KUMBHAN,KUMBHAN,37,274
BHAVNAGAR,MAHUVA,KUMBHARIYA,KUMBHARIYA,20,62
BHAVNAGAR,MAHUVA,LAKHUPARA,LAKHUPARA,11,70
BHAVNAGAR,MAHUVA,LILVAN,LILVAN,7,174
BHAVNAGAR,MAHUVA,LONGDI,LONGDI,56,173
BHAVNAGAR,MAHUVA,LOYANGA,LOYANGA,42,2069
BHAVNAGAR,MAHUVA,LUSADI,LUSADI,36,100
BHAVNAGAR,MAHUVA,MADHIYA,MADHIYA,47,114
BHAVNAGAR,MAHUVA,MALIYA,MALIYA,31,102
BHAVNAGAR,MAHUVA,MALVAV,MALVAV,31,143
BHAVNAGAR,MAHUVA,MATALPAR,MATALPAR,17,148
BHAVNAGAR,MAHUVA,MODA,MODA,61,194
BHAVNAGAR,MAHUVA,MODALIYA,MODALIYA,6,69
BHAVNAGAR,MAHUVA,MONPAR,MONPAR,72,630
BHAVNAGAR,MAHUVA,MOTA ASRANA,MOTAASRANA,13,341
BHAVNAGAR,MAHUVA,MOTA JADRA,MOTAJADRA,48,334
BHAVNAGAR,MAHUVA,MOTA KHUNTAVADA,MOTAKHUNTAVADA,93,1275
BHAVNAGAR,MAHUVA,MOTA MALPARA,MOTAMALPARA,7,78
BHAVNAGAR,MAHUVA,MOTA PIPALVA,MOTAPIPALVA,18,188
BHAVNAGAR,MAHUVA,MOTI JAGDHAR,MOTIJAGDHAR,37,1155
BHAVNAGAR,MAHUVA,MOTI SODVADRI,MOTISODVADRI,11,32
BHAVNAGAR,MAHUVA,MOTI VADAL,MOTIVADAL,136,339
BHAVNAGAR,MAHUVA,NAIP,NAIP,35,205
BHAVNAGAR,MAHUVA,NANA ASRANA,NANAASRANA,49,198
BHAVNAGAR,MAHUVA,NANA JADRA,NANAJADRA,73,219
BHAVNAGAR,MAHUVA,NANA KHUNTVADA,NANAKHUNTVADA,31,335
BHAVNAGAR,MAHUVA,NANA MALPARA,NANAMALPARA,13,127
BHAVNAGAR,MAHUVA,NANA PIPALVA,NANAPIPALVA,8,53
BHAVNAGAR,MAHUVA,NANI JAGDHAR,NANIJAGDHAR,9,203
BHAVNAGAR,MAHUVA,NANI SODVADRI,NANISODVADRI,13,31
BHAVNAGAR,MAHUVA,NESVAD,NESVAD,59,199
BHAVNAGAR,MAHUVA,NICHA KOTADA,NICHAKOTADA,78,432
BHAVNAGAR,MAHUVA,NIKOL,NIKOL,24,112
BHAVNAGAR,MAHUVA,OTHA,OTHA,54,387
BHAVNAGAR,MAHUVA,PADHIYARKA,PADHIYARKA,15,704
BHAVNAGAR,MAHUVA,RAJAVADAR,RAJAVADAR,13,211
BHAVNAGAR,MAHUVA,RANIWADA,RANIWADA,39,1305
BHAVNAGAR,MAHUVA,RANPARDA,RANPARDA,58,261
BHAVNAGAR,MAHUVA,RATANPAR,RATANPAR,19,73
BHAVNAGAR,MAHUVA,RATOL,RATOL,82,281
BHAVNAGAR,MAHUVA,ROHISA,ROHISA,42,73
BHAVNAGAR,MAHUVA,RUPAVATI,RUPAVATI,26,78
BHAVNAGAR,MAHUVA,SALOLI,SALOLI,22,132
BHAVNAGAR,MAHUVA,SAMADHIYALA NO.3,SAMADHIYALANO3,15,69
BHAVNAGAR,MAHUVA,SANGANIYA,SANGANIYA,19,101
BHAVNAGAR,MAHUVA,SARERA,SARERA,41,246
BHAVNAGAR,MAHUVA,SATHARA,SATHARA,82,1177
BHAVNAGAR,MAHUVA,SEDARDA,SEDARDA,102,955
BHAVNAGAR,MAHUVA,SHANTINAGAR,SHANTINAGAR,57,161
BHAVNAGAR,MAHUVA,SHETRANA,SHETRANA,10,194
BHAVNAGAR,MAHUVA,TALGAJARADA,TALGAJARADA,166,2769
BHAVNAGAR,MAHUVA,TANTANIYA,TANTANIYA,126,210
BHAVNAGAR,MAHUVA,TARED,TARED,24,383
BHAVNAGAR,MAHUVA,TAREDI,TAREDI,32,120
BHAVNAGAR,MAHUVA,TAVIDA,TAVIDA,83,229
BHAVNAGAR,MAHUVA,THORALA,THORALA,9,212
BHAVNAGAR,MAHUVA,TITODIYA,TITODIYA,10,78
BHAVNAGAR,MAHUVA,TOL SALDI CHOTILA,TOLSALDICHOTILA,30,89
BHAVNAGAR,MAHUVA,UGALVAN,UGALVAN,82,358
BHAVNAGAR,MAHUVA,UMANIYAVADAR,UMANIYAVADAR,34,91
BHAVNAGAR,MAHUVA,UNCHA KOTDA,UNCHAKOTDA,78,432
BHAVNAGAR,MAHUVA,VADLI,VADLI,15,130
BHAVNAGAR,MAHUVA,VAGHNAGAR,VAGHNAGAR,59,388
BHAVNAGAR,MAHUVA,VAGHVADARDA,VAGHVADARDA,8,275
BHAVNAGAR,MAHUVA,VALAVAV,VALAVAV,33,88
BHAVNAGAR,MAHUVA,VANGAR,VANGAR,64,208
BHAVNAGAR,MAHUVA,VAVDI,VAVDI,18,93
BHAVNAGAR,MAHUVA,VISAVADAR,VISAVADAR,13,35
BHAVNAGAR,PALITANA,ADAPAR,ADAPAR,38,142
BHAVNAGAR,PALITANA,ANIDA(KUMBHAN),ANIDAKUMBHAN,17,53
BHAVNAGAR,PALITANA,ANIDA(LAKHAVAD),ANIDALAKHAVAD,5,1133
BHAVNAGAR,PALITANA,ANKOLALI,ANKOLALI,33,204
BHAVNAGAR,PALITANA,AYAVEJ,AYAVEJ,44,393
BHAVNAGAR,PALITANA,BADELI,BADELI,17,215
BHAVNAGAR,PALITANA,BAHADURGADH,BAHADURGADH,5,123
BHAVNAGAR,PALITANA,BAHADURPUR,BAHADURPUR,34,194
BHAVNAGAR,PALITANA,BHADAVAV,BHADAVAV,33,229
BHAVNAGAR,PALITANA,BHANDARIYA,BHANDARIYA,66,231
BHAVNAGAR,PALITANA,BHARATIMBA,BHARATIMBA,29,139
BHAVNAGAR,PALITANA,BHUNDARAKHA,BHUNDARAKHA,17,81
BHAVNAGAR,PALITANA,BHUTIYA,BHUTIYA,16,144
BHAVNAGAR,PALITANA,BODANA NES,BODANANES,25,70
BHAVNAGAR,PALITANA,CHIRODA,CHIRODA,33,146
BHAVNAGAR,PALITANA,CHOK,CHOK,16,144
BHAVNAGAR,PALITANA,CHOKIYAPATI,CHOKIYAPATI,5,32
BHAVNAGAR,PALITANA,CHONDA,CHONDA,46,212
BHAVNAGAR,PALITANA,DEDARADA,DEDARADA,81,263
BHAVNAGAR,PALITANA,DEPLA,DEPLA,22,539
BHAVNAGAR,PALITANA,DUDHALA,DUDHALA,51,473
BHAVNAGAR,PALITANA,DUNGARPUR,DUNGARPUR,7,34
BHAVNAGAR,PALITANA,GANDHOL,GANDHOL,15,113
BHAVNAGAR,PALITANA,GHETI,GHETI,117,602
BHAVNAGAR,PALITANA,HANOL,HANOL,25,256
BHAVNAGAR,PALITANA,HATHSANI,HATHSANI,13,298
BHAVNAGAR,PALITANA,JALIYA(AMARAJI),JALIYAAMARAJI,22,115
BHAVNAGAR,PALITANA,JALIYA(ANKOLALI),JALIYAANKOLALI,19,78
BHAVNAGAR,PALITANA,JALIYA(KHARANA),JALIYAKHARANA,19,48
BHAVNAGAR,PALITANA,JALIYA(MANAJI),JALIYAMANAJI,19,209
BHAVNAGAR,PALITANA,JAMANVAV,JAMANVAV,16,242
BHAVNAGAR,PALITANA,JAMWALI,JAMWALI,44,163
BHAVNAGAR,PALITANA,JIVAPUR,JIVAPUR,12,20
BHAVNAGAR,PALITANA,JUNA PADAR,JUNAPADAR,23,237
BHAVNAGAR,PALITANA,JUNA SAROD,JUNASAROD,30,58
BHAVNAGAR,PALITANA,KANJARADA,KANJARADA,36,91
BHAVNAGAR,PALITANA,KHAKHARIYA,KHAKHARIYA,19,201
BHAVNAGAR,PALITANA,KHIJADIYA (NONGHANVA,KHIJADIYANONGHANVA,38,281
BHAVNAGAR,PALITANA,KHIJADIYA(MOKHADAKA),KHIJADIYAMOKHADAKA,19,119
BHAVNAGAR,PALITANA,KUMBHAN,KUMBHAN,32,216
BHAVNAGAR,PALITANA,LAKHAVAD,LAKHAVAD,16,138
BHAVNAGAR,PALITANA,LAPALIYA,LAPALIYA,34,106
BHAVNAGAR,PALITANA,LILIVAV,LILIVAV,22,60
BHAVNAGAR,PALITANA,LOINCHADA,LOINCHADA,23,120
BHAVNAGAR,PALITANA,LUVARVAV,LUVARVAV,30,198
BHAVNAGAR,PALITANA,MAIDHAR,MAIDHAR,14,101
BHAVNAGAR,PALITANA,MALIYA,MALIYA,15,91
BHAVNAGAR,PALITANA,MALPARA,MALPARA,30,146
BHAVNAGAR,PALITANA,MANDAVDA,MANDAVDA,4,140
BHAVNAGAR,PALITANA,MANVAD (HADMATIYA),MANVADHADMATIYA,38,132
BHAVNAGAR,PALITANA,MENDHA,MENDHA,59,240
BHAVNAGAR,PALITANA,MOKHADAKA,MOKHADAKA,73,313
BHAVNAGAR,PALITANA,MORCHUPANA,MORCHUPANA,19,81
BHAVNAGAR,PALITANA,MOTA GARAJIYA,MOTAGARAJIYA,9,83
BHAVNAGAR,PALITANA,MOTI PANIYALI,MOTIPANIYALI,15,277
BHAVNAGAR,PALITANA,MOTI RAJASTHALI,MOTIRAJASTHALI,57,247
BHAVNAGAR,PALITANA,MOTISARI,MOTISARI,33,116
BHAVNAGAR,PALITANA,NANA GARAJIYA,NANAGARAJIYA,9,42
BHAVNAGAR,PALITANA,NANI PANIYALI,NANIPANIYALI,41,122
BHAVNAGAR,PALITANA,NANI RAJASTHALI,NANIRAJASTHALI,91,286
BHAVNAGAR,PALITANA,NANIMAL,NANIMAL,49,173
BHAVNAGAR,PALITANA,NAVA SARODA,NAVASARODA,36,93
BHAVNAGAR,PALITANA,NAVAGAM,NAVAGAM,27,209
BHAVNAGAR,PALITANA,NESADI,NESADI,26,78
BHAVNAGAR,PALITANA,NONDHANVADAR,NONDHANVADAR,84,327
BHAVNAGAR,PALITANA,PANCHPIPLA,PANCHPIPLA,23,102
BHAVNAGAR,PALITANA,PANDERIYA,PANDERIYA,18,62
BHAVNAGAR,PALITANA,PIPARADI,PIPARADI,27,104
BHAVNAGAR,PALITANA,PITHALPUR,PITHALPUR,12,83
BHAVNAGAR,PALITANA,RAJAPARA (CHOK),RAJAPARACHOK,9,171
BHAVNAGAR,PALITANA,RAJPARA (THADACH),RAJPARATHADACH,68,201
BHAVNAGAR,PALITANA,RANDOLA,RANDOLA,81,385
BHAVNAGAR,PALITANA,RANPARADA (KHARANA),RANPARADAKHARANA,35,208
BHAVNAGAR,PALITANA,RANPARDA (CHOK),RANPARDACHOK,21,302
BHAVNAGAR,PALITANA,RATANPUR,RATANPUR,27,157
BHAVNAGAR,PALITANA,ROHISHALA,ROHISHALA,30,154
BHAVNAGAR,PALITANA,SAGAPARA,SAGAPARA,43,216
BHAVNAGAR,PALITANA,SAMADHIYALA (MULANI),SAMADHIYALAMULANI,32,130
BHAVNAGAR,PALITANA,SANALA,SANALA,74,270
BHAVNAGAR,PALITANA,SANJANASAR,SANJANASAR,44,122
BHAVNAGAR,PALITANA,SATANA NES,SATANANES,30,124
BHAVNAGAR,PALITANA,SENJALIYA,SENJALIYA,18,295
BHAVNAGAR,PALITANA,SHEVADIVADAR,SHEVADIVADAR,29,228
BHAVNAGAR,PALITANA,SONPARI,SONPARI,60,99
BHAVNAGAR,PALITANA,THADACH,THADACH,108,318
BHAVNAGAR,PALITANA,THORALI,THORALI,22,73
BHAVNAGAR,PALITANA,VADAL,VADAL,17,254
BHAVNAGAR,PALITANA,VADIYA,VADIYA,27,166
BHAVNAGAR,PALITANA,VALUKAD,VALUKAD,46,1692
BHAVNAGAR,PALITANA,VIJANA NES,VIJANANES,5,105
BHAVNAGAR,PALITANA,VIRPUR (CHOK),VIRPURCHOK,4,104
BHAVNAGAR,SIHOR,AGIYALI,AGIYALI,33,326
BHAVNAGAR,SIHOR,AMARGADH,AMARGADH,75,223
BHAVNAGAR,SIHOR,AMBLA,AMBLA,53,199
BHAVNAGAR,SIHOR,BEKDI,BEKDI,23,49
BHAVNAGAR,SIHOR,BHADLI,BHADLI,69,273
BHAVNAGAR,SIHOR,BHANGADH,BHANGADH,10,44
BHAVNAGAR,SIHOR,BHANKHAL,BHANKHAL,21,77
BHAVNAGAR,SIHOR,BHOLAD,BHOLAD,6,32
BHAVNAGAR,SIHOR,BHUTIYA,BHUTIYA,59,225
BHAVNAGAR,SIHOR,BORDI,BORDI,36,94
BHAVNAGAR,SIHOR,BUDHANA,BUDHANA,81,948
BHAVNAGAR,SIHOR,CHORVADALA,CHORVADALA,27,83
BHAVNAGAR,SIHOR,DEVGANA,DEVGANA,46,363
BHAVNAGAR,SIHOR,DHANKAN KUNDA,DHANKANKUNDA,28,108
BHAVNAGAR,SIHOR,DHRUPKA,DHRUPKA,37,440
BHAVNAGAR,SIHOR,DHUNDHSAR,DHUNDHSAR,66,470
BHAVNAGAR,SIHOR,GADHULA,GADHULA,54,135
BHAVNAGAR,SIHOR,GHANGHALI,GHANGHALI,73,756
BHAVNAGAR,SIHOR,GUNDALA (TA),GUNDALATA,36,1342
BHAVNAGAR,SIHOR,ISHVARIYA,ISHVARIYA,23,671
BHAVNAGAR,SIHOR,JAMBALA,JAMBALA,25,80
BHAVNAGAR,SIHOR,JUNA JALIYA,JUNAJALIYA,37,72
BHAVNAGAR,SIHOR,KACHOTIYA,KACHOTIYA,7,46
BHAVNAGAR,SIHOR,KAJAVADAR,KAJAVADAR,43,182
BHAVNAGAR,SIHOR,KANAD,KANAD,136,455
BHAVNAGAR,SIHOR,KANTODIYA,KANTODIYA,25,181
BHAVNAGAR,SIHOR,KARKOLIYA,KARKOLIYA,47,88
BHAVNAGAR,SIHOR,KARMADIYA,KARMADIYA,15,41
BHAVNAGAR,SIHOR,KHAKHARIYA,KHAKHARIYA,19,87
BHAVNAGAR,SIHOR,KHAMBHA,KHAMBHA,45,176
BHAVNAGAR,SIHOR,KHARI,KHARI,24,232
BHAVNAGAR,SIHOR,LAVARDA,LAVARDA,46,138
BHAVNAGAR,SIHOR,LIMBADDHAR,LIMBADDHAR,18,82
BHAVNAGAR,SIHOR,MADHADA,MADHADA,85,411
BHAVNAGAR,SIHOR,MAGLANA,MAGLANA,43,430
BHAVNAGAR,SIHOR,MAHADEVPARA,MAHADEVPARA,16,45
BHAVNAGAR,SIHOR,MALVAN,MALVAN,32,97
BHAVNAGAR,SIHOR,MEGHVADAR,MEGHVADAR,39,112
BHAVNAGAR,SIHOR,MOTA SURKA,MOTASURKA,37,173
BHAVNAGAR,SIHOR,NANA SURKA,NANASURKA,26,128
BHAVNAGAR,SIHOR,NAVA JALIYA,NAVAJALIYA,33,105
BHAVNAGAR,SIHOR,NAVAGAM (MOTA),NAVAGAMMOTA,20,203
BHAVNAGAR,SIHOR,NESDA,NESDA,50,215
BHAVNAGAR,SIHOR,PADAPAN,PADAPAN,20,99
BHAVNAGAR,SIHOR,PALDI,PALDI,23,291
BHAVNAGAR,SIHOR,PANCH TALAVADA,PANCHTALAVADA,32,84
BHAVNAGAR,SIHOR,PANCHVADA,PANCHVADA,56,120
BHAVNAGAR,SIHOR,PIPALIYA,PIPALIYA,23,131
BHAVNAGAR,SIHOR,PIPARADI,PIPARADI,67,227
BHAVNAGAR,SIHOR,PIPARALA,PIPARALA,55,76
BHAVNAGAR,SIHOR,RABARIKA,RABARIKA,30,82
BHAVNAGAR,SIHOR,RAJPARA (KHODIYAR),RAJPARAKHODIYAR,40,162
BHAVNAGAR,SIHOR,RAJPARA (TANA),RAJPARATANA,25,122
BHAVNAGAR,SIHOR,RAMDHARI,RAMDHARI,44,290
BHAVNAGAR,SIHOR,RATANPAR,RATANPAR,16,35
BHAVNAGAR,SIHOR,SAKHVADAR,SAKHVADAR,44,169
BHAVNAGAR,SIHOR,SANDHIDA,SANDHIDA,33,53
BHAVNAGAR,SIHOR,SANOSARA,SANOSARA,131,369
BHAVNAGAR,SIHOR,SAR,SAR,10,131
BHAVNAGAR,SIHOR,SARKADIA (TANA),SARKADIATANA,27,117
BHAVNAGAR,SIHOR,SARKADIYA (SON),SARKADIYASON,28,87
BHAVNAGAR,SIHOR,SARVEDI,SARVEDI,55,205
BHAVNAGAR,SIHOR,SEDARDA,SEDARDA,37,181
BHAVNAGAR,SIHOR,SONGADH,SONGADH,48,269
BHAVNAGAR,SIHOR,TANA,TANA,77,501
BHAVNAGAR,SIHOR,TARAKPALDI,TARAKPALDI,15,95
BHAVNAGAR,SIHOR,THALA,THALA,17,29
BHAVNAGAR,SIHOR,THORALI,THORALI,11,171
BHAVNAGAR,SIHOR,TODA,TODA,40,101
BHAVNAGAR,SIHOR,TODI,TODI,23,95
BHAVNAGAR,SIHOR,UKHARLA,UKHARLA,20,1230
BHAVNAGAR,SIHOR,USRAD,USRAD,29,355
BHAVNAGAR,SIHOR,VADIYA,VADIYA,30,140
BHAVNAGAR,SIHOR,VALAVAD,VALAVAD,35,319
BHAVNAGAR,SIHOR,VARAL,VARAL,122,2950
BHAVNAGAR,SIHOR,VAV,VAV,36,174
BHAVNAGAR,SIHOR,VAVDI (GAJABHAI),VAVDIGAJABHAI,52,274
BHAVNAGAR,SIHOR,VAVDI (VACHHANI),VAVDIVACHHANI,25,230
BHAVNAGAR,SIHOR,ZARIYA,ZARIYA,32,557
BHAVNAGAR,TALAJA,ALANG,ALANG,4,328
BHAVNAGAR,TALAJA,AMBLA,AMBLA,11,124
BHAVNAGAR,TALAJA,BAKHALKA,BAKHALKA,3,118
BHAVNAGAR,TALAJA,BAMBHOR,BAMBHOR,16,69
BHAVNAGAR,TALAJA,BAPADA,BAPADA,11,114
BHAVNAGAR,TALAJA,BAPASARA,BAPASARA,25,67
BHAVNAGAR,TALAJA,BELA,BELA,11,147
BHAVNAGAR,TALAJA,BELADA,BELADA,2,59
BHAVNAGAR,TALAJA,BHADRAVAL,BHADRAVAL,66,333
BHAVNAGAR,TALAJA,BHALAR,BHALAR,14,357
BHAVNAGAR,TALAJA,BHARAPARA,BHARAPARA,5,140
BHAVNAGAR,TALAJA,BHAROLI,BHAROLI,3,323
BHAVNAGAR,TALAJA,BHEGALI,BHEGALI,6,86
BHAVNAGAR,TALAJA,BHENSAVADI,BHENSAVADI,14,23
BHAVNAGAR,TALAJA,BHUNGAR,BHUNGAR,5,101
BHAVNAGAR,TALAJA,BODKI,BODKI,4,373
BHAVNAGAR,TALAJA,BORDA,BORDA,101,616
BHAVNAGAR,TALAJA,BORDI,BORDI,16,118
BHAVNAGAR,TALAJA,BORLA,BORLA,3,123
BHAVNAGAR,TALAJA,CHOPADA,CHOPADA,4,115
BHAVNAGAR,TALAJA,CHUDI,CHUDI,8,201
BHAVNAGAR,TALAJA,DAKANA,DAKANA,37,170
BHAVNAGAR,TALAJA,DANTRAD,DANTRAD,7,104
BHAVNAGAR,TALAJA,DATHA,DATHA,27,764
BHAVNAGAR,TALAJA,DEVALIYA,DEVALIYA,55,260
BHAVNAGAR,TALAJA,DEVLI,DEVLI,25,174
BHAVNAGAR,TALAJA,DHARDI,DHARDI,10,85
BHAVNAGAR,TALAJA,DIHOR,DIHOR,70,509
BHAVNAGAR,TALAJA,FULSAR,FULSAR,21,108
BHAVNAGAR,TALAJA,GADHADA,GADHADA,11,162
BHAVNAGAR,TALAJA,GADHESAR,GADHESAR,5,319
BHAVNAGAR,TALAJA,GHANTARVALA,GHANTARVALA,13,115
BHAVNAGAR,TALAJA,GORKHI,GORKHI,39,508
BHAVNAGAR,TALAJA,HAJIPAR,HAJIPAR,22,127
BHAVNAGAR,TALAJA,HAMIRPARA,HAMIRPARA,5,128
BHAVNAGAR,TALAJA,HUBAKVAD,HUBAKVAD,14,139
BHAVNAGAR,TALAJA,ISORA,ISORA,36,138
BHAVNAGAR,TALAJA,JALVADAR,JALVADAR,24,116
BHAVNAGAR,TALAJA,JASPARA,JASPARA,89,323
BHAVNAGAR,TALAJA,JUNA SANGANA,JUNASANGANA,16,246
BHAVNAGAR,TALAJA,JUNI CHHAPARI,JUNICHHAPARI,50,713
BHAVNAGAR,TALAJA,JUNI KAMROL,JUNIKAMROL,12,250
BHAVNAGAR,TALAJA,KATHAVA,KATHAVA,37,76
BHAVNAGAR,TALAJA,KERALA,KERALA,37,172
BHAVNAGAR,TALAJA,KHADADPAR,KHADADPAR,39,362
BHAVNAGAR,TALAJA,KHANDHERA,KHANDHERA,8,188
BHAVNAGAR,TALAJA,KHARDI,KHARDI,18,317
BHAVNAGAR,TALAJA,KODIYA,KODIYA,4,455
BHAVNAGAR,TALAJA,KUNDAVI,KUNDAVI,16,114
BHAVNAGAR,TALAJA,KUNDHADA,KUNDHADA,4,159
BHAVNAGAR,TALAJA,KUNDHELI,KUNDHELI,28,236
BHAVNAGAR,TALAJA,LILIVAV,LILIVAV,3,65
BHAVNAGAR,TALAJA,MADHUVAN,MADHUVAN,7,239
BHAVNAGAR,TALAJA,MAHADEVPARA,MAHADEVPARA,7,84
BHAVNAGAR,TALAJA,MAHADEVPARA(TIMBO),MAHADEVPARATIMBO,21,74
BHAVNAGAR,TALAJA,MAKHANIYA,MAKHANIYA,41,146
BHAVNAGAR,TALAJA,MAMSI,MAMSI,15,280
BHAVNAGAR,TALAJA,MANAR,MANAR,10,114
BHAVNAGAR,TALAJA,MANDVA,MANDVA,71,169
BHAVNAGAR,TALAJA,MANGELA,MANGELA,7,274
BHAVNAGAR,TALAJA,MATHAVDA,MATHAVDA,18,688
BHAVNAGAR,TALAJA,METHLA,METHLA,9,230
BHAVNAGAR,TALAJA,MITHIVIRADI,MITHIVIRADI,39,362
BHAVNAGAR,TALAJA,MOTA GHANA,MOTAGHANA,8,491
BHAVNAGAR,TALAJA,MOTI BABRIYAT,MOTIBABRIYAT,2,286
BHAVNAGAR,TALAJA,MOTI MANDAVALI,MOTIMANDAVALI,22,101
BHAVNAGAR,TALAJA,NANA GHANA,NANAGHANA,6,105
BHAVNAGAR,TALAJA,NANI MANDAVALI,NANIMANDAVALI,22,152
BHAVNAGAR,TALAJA,NAVA SANGANA,NAVASANGANA,13,195
BHAVNAGAR,TALAJA,NAVAJUNA RAJPARA,NAVAJUNARAJPARA,1,119
BHAVNAGAR,TALAJA,NAVI CHHAPARI,NAVICHHAPARI,18,140
BHAVNAGAR,TALAJA,NAVI KAMROL,NAVIKAMROL,17,187
BHAVNAGAR,TALAJA,NESHIYA,NESHIYA,46,267
BHAVNAGAR,TALAJA,NESVAD,NESVAD,3,64
BHAVNAGAR,TALAJA,NICHADI,NICHADI,4,38
BHAVNAGAR,TALAJA,PADARGADH,PADARGADH,17,168
BHAVNAGAR,TALAJA,PADARI,PADARI,19,408
BHAVNAGAR,TALAJA,PADARI(GOHIL),PADARIGOHIL,19,292
BHAVNAGAR,TALAJA,PANCHPIPLA,PANCHPIPLA,53,110
BHAVNAGAR,TALAJA,PANIYALI,PANIYALI,28,199
BHAVNAGAR,TALAJA,PASAVI,PASAVI,112,355
BHAVNAGAR,TALAJA,PAVTHI,PAVTHI,102,222
BHAVNAGAR,TALAJA,PINGALI,PINGALI,64,203
BHAVNAGAR,TALAJA,PIPARLA,PIPARLA,30,342
BHAVNAGAR,TALAJA,PITHALPUR,PITHALPUR,84,264
BHAVNAGAR,TALAJA,PRATAPARA,PRATAPARA,25,117
BHAVNAGAR,TALAJA,RAJPARA NO.2,RAJPARANO2,58,265
BHAVNAGAR,TALAJA,RALGON,RALGON,39,344
BHAVNAGAR,TALAJA,RAMPARA,RAMPARA,14,176
BHAVNAGAR,TALAJA,RE.GADHULA,REGADHULA,72,296
BHAVNAGAR,TALAJA,ROJIYA,ROJIYA,4,287
BHAVNAGAR,TALAJA,ROYAL,ROYAL,22,170
BHAVNAGAR,TALAJA,SAKHVADAR,SAKHVADAR,28,181
BHAVNAGAR,TALAJA,SAMADHIYALA,SAMADHIYALA,22,222
BHAVNAGAR,TALAJA,SANKHADASAR NO.1,SANKHADASARNO1,37,100
BHAVNAGAR,TALAJA,SANKHADASAR NO.2,SANKHADASARNO2,29,173
BHAVNAGAR,TALAJA,SARTANPAR,SARTANPAR,9,308
BHAVNAGAR,TALAJA,SATHARA,SATHARA,40,231
BHAVNAGAR,TALAJA,SHELAVADAR,SHELAVADAR,14,155
BHAVNAGAR,TALAJA,SHEVALIYA,SHEVALIYA,14,129
BHAVNAGAR,TALAJA,SOBHAVAD,SOBHAVAD,58,198
BHAVNAGAR,TALAJA,SONSIYA,SONSIYA,56,201
BHAVNAGAR,TALAJA,TADHAVAD,TADHAVAD,7,144
BHAVNAGAR,TALAJA,TALLI,TALLI,32,184
BHAVNAGAR,TALAJA,TARSARA,TARSARA,19,258
BHAVNAGAR,TALAJA,THALIYA,THALIYA,92,268
BHAVNAGAR,TALAJA,TIMANA,TIMANA,4,319
BHAVNAGAR,TALAJA,TRAPAJ,TRAPAJ,150,557
BHAVNAGAR,TALAJA,UMARLA,UMARLA,6,64
BHAVNAGAR,TALAJA,UNCHDI,UNCHDI,106,336
BHAVNAGAR,TALAJA,VALAR,VALAR,11,362
BHAVNAGAR,TALAJA,VATALIYA,VATALIYA,10,166
BHAVNAGAR,TALAJA,VAVADI,VAVADI,20,62
BHAVNAGAR,TALAJA,VEJODARI,VEJODARI,9,194
BHAVNAGAR,TALAJA,VELAVADAR,VELAVADAR,42,163
BHAVNAGAR,TALAJA,ZANZMER,ZANZMER,33,518
BHAVNAGAR,UMRALA,ALAMPAR,ALAMPAR,19,408
BHAVNAGAR,UMRALA,BAJUD,BAJUD,31,290
BHAVNAGAR,UMRALA,BHOJAVADAR,BHOJAVADAR,40,281
BHAVNAGAR,UMRALA,BOCHADVA,BOCHADVA,5,87
BHAVNAGAR,UMRALA,CHITRAVAV,CHITRAVAV,14,264
BHAVNAGAR,UMRALA,CHOGATH (THAPNATH),CHOGATHTHAPNATH,40,720
BHAVNAGAR,UMRALA,DADVA (RANDALNA),DADVARANDALNA,91,420
BHAVNAGAR,UMRALA,DAMBHALIYA,DAMBHALIYA,7,72
BHAVNAGAR,UMRALA,DEDKADI,DEDKADI,8,120
BHAVNAGAR,UMRALA,DEVALIYA,DEVALIYA,30,205
BHAVNAGAR,UMRALA,DHAMNAKA,DHAMNAKA,6,64
BHAVNAGAR,UMRALA,DHARUKA,DHARUKA,25,571
BHAVNAGAR,UMRALA,DHARWALA,DHARWALA,44,239
BHAVNAGAR,UMRALA,DHOLA GODADJI,DHOLAGODADJI,5,227
BHAVNAGAR,UMRALA,DHOLAGAM,DHOLAGAM,41,144
BHAVNAGAR,UMRALA,GANGAVADA,GANGAVADA,3,89
BHAVNAGAR,UMRALA,GOLRAMA,GOLRAMA,43,223
BHAVNAGAR,UMRALA,HADMATALA,HADMATALA,15,82
BHAVNAGAR,UMRALA,HADMATIYA,HADMATIYA,8,77
BHAVNAGAR,UMRALA,INGORALA,INGORALA,26,171
BHAVNAGAR,UMRALA,JALIYA,JALIYA,29,205
BHAVNAGAR,UMRALA,KERIYA,KERIYA,26,144
BHAVNAGAR,UMRALA,KHIJADIYA,KHIJADIYA,17,137
BHAVNAGAR,UMRALA,LAKHAWAD,LAKHAWAD,10,124
BHAVNAGAR,UMRALA,LANGALA,LANGALA,29,245
BHAVNAGAR,UMRALA,LIMBDA,LIMBDA,73,333
BHAVNAGAR,UMRALA,MALPARA,MALPARA,18,91
BHAVNAGAR,UMRALA,PARWALA,PARWALA,78,240
BHAVNAGAR,UMRALA,PIPARALI,PIPARALI,41,366
BHAVNAGAR,UMRALA,RAMANKA,RAMANKA,47,310
BHAVNAGAR,UMRALA,RANGHOLA,RANGHOLA,91,672
BHAVNAGAR,UMRALA,RATANPAR,RATANPAR,42,337
BHAVNAGAR,UMRALA,REVA,REVA,17,201
BHAVNAGAR,UMRALA,SAMADHIYALA,SAMADHIYALA,9,239
BHAVNAGAR,UMRALA,TARPALA,TARPALA,6,81
BHAVNAGAR,UMRALA,THONDA,THONDA,7,41
BHAVNAGAR,UMRALA,TIMBA,TIMBA,6,116
BHAVNAGAR,UMRALA,TIMBI,TIMBI,72,241
BHAVNAGAR,UMRALA,UJALVAV,UJALVAV,25,151
BHAVNAGAR,UMRALA,UMRALA,UMRALA,36,365
BHAVNAGAR,UMRALA,VADOD,VADOD,27,443
BHAVNAGAR,UMRALA,VANGADHRA,VANGADHRA,57,184
BHAVNAGAR,UMRALA,ZANZAMER,ZANZAMER,14,99
BHAVNAGAR,VALLABHIPUR,ANANDPUR,ANANDPUR,16,252
BHAVNAGAR,VALLABHIPUR,BHOJPARA,BHOJPARA,10,122
BHAVNAGAR,VALLABHIPUR,BHORANIYA,BHORANIYA,5,140
BHAVNAGAR,VALLABHIPUR,CHADA,CHADA,12,223
BHAVNAGAR,VALLABHIPUR,CHAMARDI,CHAMARDI,46,1060
BHAVNAGAR,VALLABHIPUR,DARED,DARED,27,338
BHAVNAGAR,VALLABHIPUR,DATRETIYA,DATRETIYA,13,181
BHAVNAGAR,VALLABHIPUR,DUDADHAR,DUDADHAR,21,152
BHAVNAGAR,VALLABHIPUR,GHELDI,GHELDI,9,53
BHAVNAGAR,VALLABHIPUR,HADMATIYA,HADMATIYA,66,325
BHAVNAGAR,VALLABHIPUR,HALIYAD,HALIYAD,61,711
BHAVNAGAR,VALLABHIPUR,ITALIYA,ITALIYA,17,82
BHAVNAGAR,VALLABHIPUR,JALALPUR,JALALPUR,2,119
BHAVNAGAR,VALLABHIPUR,JALIYA(BHA),JALIYABHA,38,285
BHAVNAGAR,VALLABHIPUR,JUNA RAMPAR,JUNARAMPAR,23,247
BHAVNAGAR,VALLABHIPUR,JUNA RATANPUR,JUNARATANPUR,5,205
BHAVNAGAR,VALLABHIPUR,JUNI RAJASTHALI,JUNIRAJASTHALI,9,72
BHAVNAGAR,VALLABHIPUR,KALA TALAV,KALATALAV,21,257
BHAVNAGAR,VALLABHIPUR,KALYANPUR,KALYANPUR,7,460
BHAVNAGAR,VALLABHIPUR,KANPAR,KANPAR,25,179
BHAVNAGAR,VALLABHIPUR,KANTHARIYA,KANTHARIYA,46,403
BHAVNAGAR,VALLABHIPUR,KHETA TIMBI,KHETATIMBI,16,96
BHAVNAGAR,VALLABHIPUR,LAKHANKA,LAKHANKA,13,207
BHAVNAGAR,VALLABHIPUR,LIMBDA,LIMBDA,7,203
BHAVNAGAR,VALLABHIPUR,LOLIYANA,LOLIYANA,24,191
BHAVNAGAR,VALLABHIPUR,LUNDHARA,LUNDHARA,22,102
BHAVNAGAR,VALLABHIPUR,MALPARA,MALPARA,25,224
BHAVNAGAR,VALLABHIPUR,MEGHAVADAR,MEGHAVADAR,12,201
BHAVNAGAR,VALLABHIPUR,MELANA,MELANA,10,217
BHAVNAGAR,VALLABHIPUR,MEVASA,MEVASA,35,260
BHAVNAGAR,VALLABHIPUR,MONPUR,MONPUR,45,817
BHAVNAGAR,VALLABHIPUR,MOTI DHARAI,MOTIDHARAI,18,340
BHAVNAGAR,VALLABHIPUR,MUL DHARAI,MULDHARAI,9,1290
BHAVNAGAR,VALLABHIPUR,NASITPUR,NASITPUR,33,265
BHAVNAGAR,VALLABHIPUR,NAVA RAMPAR,NAVARAMPAR,10,72
BHAVNAGAR,VALLABHIPUR,NAVAGAM (GA),NAVAGAMGA,7,247
BHAVNAGAR,VALLABHIPUR,NAVAGAM NO.2,NAVAGAMNO2,43,1403
BHAVNAGAR,VALLABHIPUR,NAVANIYA,NAVANIYA,5,235
BHAVNAGAR,VALLABHIPUR,NAVI RAJASTHALI,NAVIRAJASTHALI,7,114
BHAVNAGAR,VALLABHIPUR,NAVIDHARAI,NAVIDHARAI,7,108
BHAVNAGAR,VALLABHIPUR,PACHHEGAM,PACHHEGAM,41,2160
BHAVNAGAR,VALLABHIPUR,PALANPUR,PALANPUR,11,87
BHAVNAGAR,VALLABHIPUR,PANVI,PANVI,56,293
BHAVNAGAR,VALLABHIPUR,PATANA,PATANA,49,366
BHAVNAGAR,VALLABHIPUR,PATI,PATI,11,130
BHAVNAGAR,VALLABHIPUR,PIPAL,PIPAL,12,58
BHAVNAGAR,VALLABHIPUR,PIPALI,PIPALI,13,131
BHAVNAGAR,VALLABHIPUR,PIPARIYA,PIPARIYA,1,225
BHAVNAGAR,VALLABHIPUR,RAJPARA (BHAL),RAJPARABHAL,11,219
BHAVNAGAR,VALLABHIPUR,RAJPARA (BHAYATI),RAJPARABHAYATI,27,161
BHAVNAGAR,VALLABHIPUR,RAJPIPLA,RAJPIPLA,3,37
BHAVNAGAR,VALLABHIPUR,RANGPUR,RANGPUR,14,177
BHAVNAGAR,VALLABHIPUR,RATANPUR (GA),RATANPURGA,19,434
BHAVNAGAR,VALLABHIPUR,SHAHPUR,SHAHPUR,10,295
BHAVNAGAR,VALLABHIPUR,TOTANIYALA,TOTANIYALA,5,245
BHAVNAGAR,VALLABHIPUR,UJALVAV,UJALVAV,28,67
BHAVNAGAR,VALLABHIPUR,VAVDI,VAVDI,9,235
BHAVNAGAR,VALLABHIPUR,VELAVADAR,VELAVADAR,21,216
BHAVNAGAR,VALLABHIPUR,VIRDI,VIRDI,14,99
DAHOD,DAHOD,AGAVADA,AGAVADA,77,306
DAHOD,DAHOD,BANDIBAR,BANDIBAR,14,32
DAHOD,DAHOD,BAWKA,BAWKA,161,910
DAHOD,DAHOD,BHAMBHORI,BHAMBHORI,33,148
DAHOD,DAHOD,BHATHIVADA,BHATHIVADA,83,819
DAHOD,DAHOD,BORDIENAMI,BORDIENAMI,18,738
DAHOD,DAHOD,BORDIKHURDH,BORDIKHURDH,26,271
DAHOD,DAHOD,BORKHEDA,BORKHEDA,34,263
DAHOD,DAHOD,BORVANI,BORVANI,47,256
DAHOD,DAHOD,BRAMAKEDA,BRAMAKEDA,90,471
DAHOD,DAHOD,BUTODI,BUTODI,47,301
DAHOD,DAHOD,CHAAYAN,CHAAYAN,20,96
DAHOD,DAHOD,CHANDHAVADA,CHANDHAVADA,21,208
DAHOD,DAHOD,CHANDVANA,CHANDVANA,46,389
DAHOD,DAHOD,CHAPRI,CHAPRI,49,243
DAHOD,DAHOD,CHOSALA,CHOSALA,26,787
DAHOD,DAHOD,DASHALA,DASHALA,63,414
DAHOD,DAHOD,DELSER,DELSER,20,81
DAHOD,DAHOD,DHAMARADA,DHAMARADA,41,466
DAHOD,DAHOD,DOKI,DOKI,39,134
DAHOD,DAHOD,DUNGARA,DUNGARA,58,2053
DAHOD,DAHOD,DUNGARPUR,DUNGARPUR,16,82
DAHOD,DAHOD,GADOI,GADOI,57,263
DAHOD,DAHOD,GHAMLA,GHAMLA,53,294
DAHOD,DAHOD,GUNDHIKHEDA,GUNDHIKHEDA,37,174
DAHOD,DAHOD,HIMALA,HIMALA,30,270
DAHOD,DAHOD,ITAVA,ITAVA,31,123
DAHOD,DAHOD,JALATH,JALATH,108,452
DAHOD,DAHOD,JARIKHURDH,JARIKHURDH,28,78
DAHOD,DAHOD,JEKOT,JEKOT,34,244
DAHOD,DAHOD,JUNAPANI,JUNAPANI,27,56
DAHOD,DAHOD,KALITALAI,KALITALAI,25,142
DAHOD,DAHOD,KAPARIA,KAPARIA,25,81
DAHOD,DAHOD,KARAMCHANDNUKHEDU,KARAMCHANDNUKHEDU,6,519
DAHOD,DAHOD,KATLA,KATLA,67,224
DAHOD,DAHOD,KATWARA,KATWARA,91,393
DAHOD,DAHOD,KHAJURI,KHAJURI,19,58
DAHOD,DAHOD,KHANGHALA,KHANGHALA,161,499
DAHOD,DAHOD,KHAREDI,KHAREDI,76,547
DAHOD,DAHOD,KHAROD,KHAROD,92,538
DAHOD,DAHOD,KHARODA,KHARODA,124,917
DAHOD,DAHOD,KHENG,KHENG,11,111
DAHOD,DAHOD,KHODVA,KHODVA,23,76
DAHOD,DAHOD,KHUNTKHEDA,KHUNTKHEDA,13,52
DAHOD,DAHOD,KOTADA BUJARGH,KOTADABUJARGH,7,185
DAHOD,DAHOD,KOTADAKHURDH,KOTADAKHURDH,14,146
DAHOD,DAHOD,LILAR,LILAR,65,298
DAHOD,DAHOD,LIMDABRA,LIMDABRA,46,224
DAHOD,DAHOD,MANDAVAV,MANDAVAV,36,487
DAHOD,DAHOD,MOTIKARAJ,MOTIKARAJ,80,324
DAHOD,DAHOD,MOTILACHELI,MOTILACHELI,12,130
DAHOD,DAHOD,MUVALIYA,MUVALIYA,66,177
DAHOD,DAHOD,NAGARALA,NAGARALA,72,1946
DAHOD,DAHOD,NANIKARAJ,NANIKARAJ,30,197
DAHOD,DAHOD,NANILACHELI,NANILACHELI,42,143
DAHOD,DAHOD,NASIRPUR,NASIRPUR,27,54
DAHOD,DAHOD,NAVAGHAM,NAVAGHAM,88,530
DAHOD,DAHOD,NEMNADIA,NEMNADIA,12,137
DAHOD,DAHOD,PUSIRI,PUSIRI,39,200
DAHOD,DAHOD,RABDAL,RABDAL,32,139
DAHOD,DAHOD,RACHARDA,RACHARDA,32,320
DAHOD,DAHOD,RAJPUR,RAJPUR,23,185
DAHOD,DAHOD,RAMPURA,RAMPURA,15,69
DAHOD,DAHOD,RANAPUR BUJARG,RANAPURBUJARG,13,191
DAHOD,DAHOD,RANAPUR KURD,RANAPURKURD,17,337
DAHOD,DAHOD,RAVALIKHEDA,RAVALIKHEDA,28,68
DAHOD,DAHOD,RETIYA,RETIYA,24,267
DAHOD,DAHOD,ROZAM,ROZAM,41,177
DAHOD,DAHOD,SAKARDA,SAKARDA,24,106
DAHOD,DAHOD,SALAPADA,SALAPADA,28,58
DAHOD,DAHOD,SIMALYAKHURD,SIMALYAKHURD,46,316
DAHOD,DAHOD,TANDA,TANDA,20,149
DAHOD,DAHOD,THANACHIYA,THANACHIYA,44,363
DAHOD,DAHOD,THARVADIA BAV,THARVADIABAV,17,101
DAHOD,DAHOD,THARVADIA HIMATH,THARVADIAHIMATH,28,200
DAHOD,DAHOD,THARVADIA VAJA,THARVADIAVAJA,5,113
DAHOD,DAHOD,TIMARADA,TIMARADA,33,179
DAHOD,DAHOD,UCHVANIYA,UCHVANIYA,37,278
DAHOD,DAHOD,UKARDI,UKARDI,30,2010
DAHOD,DAHOD,UNDARA,UNDARA,6,119
DAHOD,DAHOD,USARVAN,USARVAN,66,353
DAHOD,DAHOD,VADBARA,VADBARA,48,159
DAHOD,DAHOD,VANABHORI,VANABHORI,46,267
DAHOD,DAHOD,VANKIYA,VANKIYA,9,103
DAHOD,DAHOD,VIJAGAD,VIJAGAD,51,420
DAHOD,DEVGADH BARIA,AAKLI,AAKLI,56,363
DAHOD,DEVGADH BARIA,AAMLI ZOZ,AAMLIZOZ,10,20
DAHOD,DEVGADH BARIA,AAMLIPANICHOTRA,AAMLIPANICHOTRA,16,164
DAHOD,DEVGADH BARIA,ABHLOD,ABHLOD,32,178
DAHOD,DEVGADH BARIA,ANTELA,ANTELA,21,664
DAHOD,DEVGADH BARIA,ASAYADI,ASAYADI,45,257
DAHOD,DEVGADH BARIA,BAINA,BAINA,36,457
DAHOD,DEVGADH BARIA,BAMROLI,BAMROLI,29,438
DAHOD,DEVGADH BARIA,BARA,BARA,17,1132
DAHOD,DEVGADH BARIA,BHADBHA,BHADBHA,4,186
DAHOD,DEVGADH BARIA,BHATHWADA,BHATHWADA,57,489
DAHOD,DEVGADH BARIA,BHULAR,BHULAR,35,172
DAHOD,DEVGADH BARIA,BHUTPAGLA,BHUTPAGLA,21,180
DAHOD,DEVGADH BARIA,BHUVAL,BHUVAL,7,384
DAHOD,DEVGADH BARIA,BILIYA,BILIYA,23,126
DAHOD,DEVGADH BARIA,CHASIYA,CHASIYA,17,133
DAHOD,DEVGADH BARIA,CHENPUR,CHENPUR,11,298
DAHOD,DEVGADH BARIA,DABHAVA,DABHAVA,48,188
DAHOD,DEVGADH BARIA,DANGRIYA,DANGRIYA,86,436
DAHOD,DEVGADH BARIA,DEGAVADA,DEGAVADA,33,283
DAHOD,DEVGADH BARIA,DHUDHIYA,DHUDHIYA,29,466
DAHOD,DEVGADH BARIA,DIVYA,DIVYA,6,21
DAHOD,DEVGADH BARIA,DUKHALI,DUKHALI,28,261
DAHOD,DEVGADH BARIA,FHANGIA,FHANGIA,11,124
DAHOD,DEVGADH BARIA,GAMDI,GAMDI,11,191
DAHOD,DEVGADH BARIA,GUNA,GUNA,27,513
DAHOD,DEVGADH BARIA,HINDOLIYA,HINDOLIYA,10,136
DAHOD,DEVGADH BARIA,JAMBUSAR,JAMBUSAR,6,195
DAHOD,DEVGADH BARIA,JUNABARIA,JUNABARIA,49,344
DAHOD,DEVGADH BARIA,JUNIBEDI,JUNIBEDI,3,82
DAHOD,DEVGADH BARIA,KAKLPUR,KAKLPUR,10,169
DAHOD,DEVGADH BARIA,KALIDUNGRI,KALIDUNGRI,9,562
DAHOD,DEVGADH BARIA,KALIYAKOTA,KALIYAKOTA,32,339
DAHOD,DEVGADH BARIA,KALIYAKUVA,KALIYAKUVA,9,52
DAHOD,DEVGADH BARIA,KELIYA,KELIYA,16,309
DAHOD,DEVGADH BARIA,KELKUVA,KELKUVA,19,193
DAHOD,DEVGADH BARIA,KHANDANIYA,KHANDANIYA,13,139
DAHOD,DEVGADH BARIA,KOYDA,KOYDA,5,90
DAHOD,DEVGADH BARIA,KUVA,KUVA,42,469
DAHOD,DEVGADH BARIA,LAVARIYA,LAVARIYA,61,528
DAHOD,DEVGADH BARIA,MEGHAMUVADI,MEGHAMUVADI,9,126
DAHOD,DEVGADH BARIA,MENDRA,MENDRA,14,156
DAHOD,DEVGADH BARIA,MOTI MANGOI,MOTIMANGOI,9,250
DAHOD,DEVGADH BARIA,MOTIKHAJURI,MOTIKHAJURI,47,424
DAHOD,DEVGADH BARIA,MOTIZARI,MOTIZARI,37,277
DAHOD,DEVGADH BARIA,NADATOD,NADATOD,23,262
DAHOD,DEVGADH BARIA,NAGVAV,NAGVAV,12,168
DAHOD,DEVGADH BARIA,NANI MANGOI,NANIMANGOI,15,141
DAHOD,DEVGADH BARIA,NANIKHAJURI,NANIKHAJURI,19,270
DAHOD,DEVGADH BARIA,NANIZARI,NANIZARI,38,235
DAHOD,DEVGADH BARIA,NATHUDI,NATHUDI,10,97
DAHOD,DEVGADH BARIA,NAVIBEDI,NAVIBEDI,8,141
DAHOD,DEVGADH BARIA,PANCHELA,PANCHELA,58,287
DAHOD,DEVGADH BARIA,PANIVASAN,PANIVASAN,25,115
DAHOD,DEVGADH BARIA,PIPLOD,PIPLOD,56,672
DAHOD,DEVGADH BARIA,RAMA,RAMA,2,301
DAHOD,DEVGADH BARIA,RANIPURA,RANIPURA,7,157
DAHOD,DEVGADH BARIA,RATDIYA,RATDIYA,14,90
DAHOD,DEVGADH BARIA,RATHVANA MUWADA,RATHVANAMUWADA,20,138
DAHOD,DEVGADH BARIA,REBARI,REBARI,58,314
DAHOD,DEVGADH BARIA,REDHANA,REDHANA,28,290
DAHOD,DEVGADH BARIA,RUVABARI,RUVABARI,13,2427
DAHOD,DEVGADH BARIA,SAGTALA,SAGTALA,10,533
DAHOD,DEVGADH BARIA,SALIYA,SALIYA,39,356
DAHOD,DEVGADH BARIA,SANTKUNDA,SANTKUNDA,10,157
DAHOD,DEVGADH BARIA,SENGADI,SENGADI,22,537
DAHOD,DEVGADH BARIA,SEVNIYA,SEVNIYA,75,726
DAHOD,DEVGADH BARIA,SIMLAGHASI,SIMLAGHASI,15,336
DAHOD,DEVGADH BARIA,SINGOR,SINGOR,18,443
DAHOD,DEVGADH BARIA,TIDAKI,TIDAKI,5,343
DAHOD,DEVGADH BARIA,TIMARVA,TIMARVA,18,74
DAHOD,DEVGADH BARIA,TOYNI,TOYNI,19,328
DAHOD,DEVGADH BARIA,UCHVAN,UCHVAN,4,240
DAHOD,DEVGADH BARIA,UDHAVLA,UDHAVLA,23,355
DAHOD,DEVGADH BARIA,VADBHET,VADBHET,12,144
DAHOD,DEVGADH BARIA,VADODAR,VADODAR,12,218
DAHOD,DEVGADH BARIA,VANDAR,VANDAR,24,220
DAHOD,DEVGADH BARIA,VIROL,VIROL,10,181
DAHOD,DEVGADH BARIA,ZAAB,ZAAB,12,179
DAHOD,DEVGADH BARIA,ZABIYA,ZABIYA,24,188
DAHOD,DEVGADH BARIA,ZAMRAN,ZAMRAN,16,212
DAHOD,DHANPUR,ADALVADA,ADALVADA,15,54
DAHOD,DHANPUR,AGASVANI,AGASVANI,67,233
DAHOD,DHANPUR,ALINDRA,ALINDRA,6,45
DAHOD,DHANPUR,AMALI MENPUR,AMALIMENPUR,45,157
DAHOD,DHANPUR,ANBAKACH,ANBAKACH,28,125
DAHOD,DHANPUR,ANDARPURA,ANDARPURA,7,90
DAHOD,DHANPUR,BEDAT,BEDAT,22,229
DAHOD,DHANPUR,BHANPUR (KA),BHANPURKA,7,148
DAHOD,DHANPUR,BHINDOL,BHINDOL,33,210
DAHOD,DHANPUR,BHORAVA,BHORAVA,26,1848
DAHOD,DHANPUR,BHUVERO,BHUVERO,7,41
DAHOD,DHANPUR,BILIYA,BILIYA,11,21
DAHOD,DHANPUR,BODHADVA,BODHADVA,34,154
DAHOD,DHANPUR,BOR,BOR,10,57
DAHOD,DHANPUR,BUDHPUR,BUDHPUR,7,27
DAHOD,DHANPUR,CHARI,CHARI,22,126
DAHOD,DHANPUR,CHORBARIYA,CHORBARIYA,19,173
DAHOD,DHANPUR,DABHAVA,DABHAVA,15,106
DAHOD,DHANPUR,DHANAR PATIYA,DHANARPATIYA,26,102
DAHOD,DHANPUR,DHANPUR,DHANPUR,33,126
DAHOD,DHANPUR,DOLRIYA,DOLRIYA,4,27
DAHOD,DHANPUR,DUDHAMALI,DUDHAMALI,22,111
DAHOD,DHANPUR,DUMAKA,DUMAKA,37,307
DAHOD,DHANPUR,DUNGARPUR,DUNGARPUR,18,109
DAHOD,DHANPUR,GADHAVEL,GADHAVEL,8,87
DAHOD,DHANPUR,GAHELVAGHA,GAHELVAGHA,17,42
DAHOD,DHANPUR,GANGARDI FALIYA,GANGARDIFALIYA,2,94
DAHOD,DHANPUR,GHADA,GHADA,13,278
DAHOD,DHANPUR,GHODAZAR,GHODAZAR,56,136
DAHOD,DHANPUR,GUMALI (DHO),GUMALIDHO,17,133
DAHOD,DHANPUR,HARKHPUR,HARKHPUR,11,46
DAHOD,DHANPUR,KADVAL,KADVAL,4,18
DAHOD,DHANPUR,KAKADKHILA,KAKADKHILA,18,101
DAHOD,DHANPUR,KALAKUT,KALAKUT,14,93
DAHOD,DHANPUR,KALIYAVAD,KALIYAVAD,9,96
DAHOD,DHANPUR,KANA KUVA,KANAKUVA,10,19
DAHOD,DHANPUR,KANJAR,KANJAR,10,36
DAHOD,DHANPUR,KANJETA,KANJETA,13,157
DAHOD,DHANPUR,KANSETA,KANSETA,1,42
DAHOD,DHANPUR,KANTU,KANTU,17,40
DAHOD,DHANPUR,KAOTANBI,KAOTANBI,12,52
DAHOD,DHANPUR,KHADHADA (N),KHADHADAN,5,36
DAHOD,DHANPUR,KHAJURI,KHAJURI,18,100
DAHOD,DHANPUR,KHAKHARA,KHAKHARA,31,151
DAHOD,DHANPUR,KHALTA GARABDI,KHALTAGARABDI,33,214
DAHOD,DHANPUR,KHOKHABED,KHOKHABED,9,52
DAHOD,DHANPUR,KOTHARIYA,KOTHARIYA,14,117
DAHOD,DHANPUR,KUNDAVADA,KUNDAVADA,17,114
DAHOD,DHANPUR,LADVAVAD,LADVAVAD,14,246
DAHOD,DHANPUR,LAKHANA,LAKHANA,26,165
DAHOD,DHANPUR,LILIYA ANBA,LILIYAANBA,11,43
DAHOD,DHANPUR,LIMADI MENDRI,LIMADIMENDRI,60,256
DAHOD,DHANPUR,LUKHADIYA,LUKHADIYA,10,87
DAHOD,DHANPUR,MAHUNANA,MAHUNANA,8,87
DAHOD,DHANPUR,MANDAV,MANDAV,6,105
DAHOD,DHANPUR,MANDOR (KA),MANDORKA,19,192
DAHOD,DHANPUR,MODHAVA,MODHAVA,10,290
DAHOD,DHANPUR,MOTIMALU,MOTIMALU,11,86
DAHOD,DHANPUR,NAKATI,NAKATI,31,315
DAHOD,DHANPUR,NALU,NALU,65,424
DAHOD,DHANPUR,NANIMALU,NANIMALU,15,66
DAHOD,DHANPUR,NANSALAI,NANSALAI,8,86
DAHOD,DHANPUR,NAVANAGAR,NAVANAGAR,27,349
DAHOD,DHANPUR,PANAM,PANAM,44,206
DAHOD,DHANPUR,PAV,PAV,40,196
DAHOD,DHANPUR,PIPARGOTA,PIPARGOTA,1,1
DAHOD,DHANPUR,PIPARIYA,PIPARIYA,23,90
DAHOD,DHANPUR,PIPERO,PIPERO,83,276
DAHOD,DHANPUR,PIPODARA,PIPODARA,34,193
DAHOD,DHANPUR,PUNAKOTA,PUNAKOTA,10,30
DAHOD,DHANPUR,RACHAVA,RACHAVA,18,128
DAHOD,DHANPUR,REEYAVAN,REEYAVAN,10,77
DAHOD,DHANPUR,SAJOI,SAJOI,13,236
DAHOD,DHANPUR,SANGASAR,SANGASAR,5,27
DAHOD,DHANPUR,SHANKARPURA,SHANKARPURA,2,4
DAHOD,DHANPUR,SIMAMOE,SIMAMOE,27,331
DAHOD,DHANPUR,SINGAVALI,SINGAVALI,21,72
DAHOD,DHANPUR,SURPUR (U),SURPURU,5,18
DAHOD,DHANPUR,TARAMKACH,TARAMKACH,16,150
DAHOD,DHANPUR,TOKARVA,TOKARVA,32,304
DAHOD,DHANPUR,UGALMAHUDA,UGALMAHUDA,7,21
DAHOD,DHANPUR,UMRIYA,UMRIYA,13,59
DAHOD,DHANPUR,UNDAR,UNDAR,6,136
DAHOD,DHANPUR,VAKHASIYA,VAKHASIYA,8,164
DAHOD,DHANPUR,VAKOTA,VAKOTA,19,105
DAHOD,DHANPUR,VASIYA DUNGARI,VASIYADUNGARI,10,53
DAHOD,DHANPUR,VED,VED,48,143
DAHOD,DHANPUR,ZABU,ZABU,20,124
DAHOD,FATEPURA,APTHALAI,APTHALAI,1,60
DAHOD,FATEPURA,ASPUR,ASPUR,5,117
DAHOD,FATEPURA,BARSALEDA,BARSALEDA,3,139
DAHOD,FATEPURA,BHACHKHARIAPURV,BHACHKHARIAPURV,3,71
DAHOD,FATEPURA,BHALAIA,BHALAIA,1,168
DAHOD,FATEPURA,BHARINIKHATHOD,BHARINIKHATHOD,1,140
DAHOD,FATEPURA,BHATMUVADI,BHATMUVADI,1,49
DAHOD,FATEPURA,BHAVANIKHATHOD,BHAVANIKHATHOD,1,99
DAHOD,FATEPURA,BHETHODI,BHETHODI,2,324
DAHOD,FATEPURA,BHOJHELA,BHOJHELA,3,346
DAHOD,FATEPURA,BICHOR,BICHOR,3,110
DAHOD,FATEPURA,CHALOR,CHALOR,5,191
DAHOD,FATEPURA,CHICKLI,CHICKLI,4,90
DAHOD,FATEPURA,DADHELA,DADHELA,7,135
DAHOD,FATEPURA,DHABLARA,DHABLARA,8,88
DAHOD,FATEPURA,DUNGAR,DUNGAR,2,550
DAHOD,FATEPURA,DUNGARA,DUNGARA,3,96
DAHOD,FATEPURA,DUNGRANAPANI,DUNGRANAPANI,4,50
DAHOD,FATEPURA,FATEGADI,FATEGADI,5,73
DAHOD,FATEPURA,FATEPURA,FATEPURA,13,391
DAHOD,FATEPURA,GADARA,GADARA,4,125
DAHOD,FATEPURA,GANIKUT,GANIKUT,9,130
DAHOD,FATEPURA,GAVADUNGRA,GAVADUNGRA,2,227
DAHOD,FATEPURA,GHATAVADIAPURV,GHATAVADIAPURV,4,50
DAHOD,FATEPURA,GUGAS,GUGAS,11,884
DAHOD,FATEPURA,HADAMATH,HADAMATH,7,189
DAHOD,FATEPURA,HINDHOLIA,HINDHOLIA,4,299
DAHOD,FATEPURA,HINGHALA,HINGHALA,5,147
DAHOD,FATEPURA,ITA,ITA,2,1001
DAHOD,FATEPURA,JAGOLA,JAGOLA,5,189
DAHOD,FATEPURA,JALAI,JALAI,8,123
DAHOD,FATEPURA,JATHANAMUVADA,JATHANAMUVADA,4,71
DAHOD,FATEPURA,JVASI,JVASI,2,292
DAHOD,FATEPURA,KALIYA,KALIYA,3,191
DAHOD,FATEPURA,KANKASIA,KANKASIA,6,88
DAHOD,FATEPURA,KARMEL,KARMEL,5,299
DAHOD,FATEPURA,KHANTHAGHAR,KHANTHAGHAR,5,441
DAHOD,FATEPURA,KHATHPURNAMUVADA,KHATHPURNAMUVADA,3,120
DAHOD,FATEPURA,KUMANAMOVADA,KUMANAMOVADA,2,129
DAHOD,FATEPURA,KUNDALA,KUNDALA,5,181
DAHOD,FATEPURA,KUPADA,KUPADA,1,92
DAHOD,FATEPURA,LAKANPUR,LAKANPUR,5,385
DAHOD,FATEPURA,LIMADIA,LIMADIA,4,164
DAHOD,FATEPURA,MADHAVA,MADHAVA,7,204
DAHOD,FATEPURA,MAKHAVANAVARUN,MAKHAVANAVARUN,6,118
DAHOD,FATEPURA,MANAVALABORITHA,MANAVALABORITHA,4,27
DAHOD,FATEPURA,MARGALA,MARGALA,5,514
DAHOD,FATEPURA,MORMAGUDI,MORMAGUDI,1,32
DAHOD,FATEPURA,MOTABORITHA,MOTABORITHA,11,51
DAHOD,FATEPURA,MOTANTAVA,MOTANTAVA,3,382
DAHOD,FATEPURA,MOTIBHARA,MOTIBHARA,3,71
DAHOD,FATEPURA,MOTICHAROLI,MOTICHAROLI,2,56
DAHOD,FATEPURA,MOTIDADELI,MOTIDADELI,4,209
DAHOD,FATEPURA,MOTINADHUKAN,MOTINADHUKAN,4,262
DAHOD,FATEPURA,MOTIRAILPURV,MOTIRAILPURV,3,457
DAHOD,FATEPURA,MOTISERO,MOTISERO,2,63
DAHOD,FATEPURA,NANASERNIYA,NANASERNIYA,4,190
DAHOD,FATEPURA,NANIBHARA,NANIBHARA,4,31
DAHOD,FATEPURA,NANIBHORITHA,NANIBHORITHA,2,64
DAHOD,FATEPURA,NANICHAROLI,NANICHAROLI,1,101
DAHOD,FATEPURA,NANIDADELI,NANIDADELI,4,117
DAHOD,FATEPURA,NANINADHUKAN,NANINADHUKAN,3,124
DAHOD,FATEPURA,NANIRAILPURV,NANIRAILPURV,2,72
DAHOD,FATEPURA,NAVAGHAM,NAVAGHAM,3,153
DAHOD,FATEPURA,NAVATHAV,NAVATHAV,2,82
DAHOD,FATEPURA,NESHDHAMORNI,NESHDHAMORNI,1,36
DAHOD,FATEPURA,NIDKAPURV,NIDKAPURV,4,536
DAHOD,FATEPURA,PADLIA,PADLIA,15,106
DAHOD,FATEPURA,PATADIA,PATADIA,6,94
DAHOD,FATEPURA,PATAVEL,PATAVEL,15,630
DAHOD,FATEPURA,PATI,PATI,3,102
DAHOD,FATEPURA,PATISARA,PATISARA,3,98
DAHOD,FATEPURA,PIPALIA,PIPALIA,1,70
DAHOD,FATEPURA,PIPLAR,PIPLAR,2,126
DAHOD,FATEPURA,RATHANPURNES,RATHANPURNES,1,46
DAHOD,FATEPURA,RAVANA VARUN,RAVANAVARUN,13,118
DAHOD,FATEPURA,RUPAKHEDA,RUPAKHEDA,11,210
DAHOD,FATEPURA,SAGDAPADA,SAGDAPADA,5,367
DAHOD,FATEPURA,SALARA,SALARA,6,806
DAHOD,FATEPURA,SARASWAPURV,SARASWAPURV,1,256
DAHOD,FATEPURA,SUKHSAR,SUKHSAR,17,191
DAHOD,FATEPURA,TADIGOLA,TADIGOLA,5,92
DAHOD,FATEPURA,VADAVAS,VADAVAS,4,242
DAHOD,FATEPURA,VAGAD,VAGAD,4,290
DAHOD,FATEPURA,VAGVADLA,VAGVADLA,3,42
DAHOD,FATEPURA,VALUNDI,VALUNDI,5,225
DAHOD,FATEPURA,VANDHARIAPURV,VANDHARIAPURV,1,104
DAHOD,FATEPURA,VANKANER,VANKANER,2,128
DAHOD,FATEPURA,VASIAKUI,VASIAKUI,2,216
DAHOD,FATEPURA,VATALI,VATALI,6,357
DAHOD,FATEPURA,VAVDIPURV,VAVDIPURV,1,100
DAHOD,FATEPURA,ZER,ZER,2,62
DAHOD,GARBADA,ABHALOD,ABHALOD,88,1424
DAHOD,GARBADA,ANBALI,ANBALI,72,370
DAHOD,GARBADA,BHARSADA,BHARSADA,39,280
DAHOD,GARBADA,BHE,BHE,27,404
DAHOD,GARBADA,BHUTARDI,BHUTARDI,14,86
DAHOD,GARBADA,BORIYALA,BORIYALA,87,491
DAHOD,GARBADA,CHANDALA,CHANDALA,32,773
DAHOD,GARBADA,CHARCHODA,CHARCHODA,22,201
DAHOD,GARBADA,DADUR,DADUR,19,311
DAHOD,GARBADA,DEVDHA,DEVDHA,51,357
DAHOD,GARBADA,GANGARDA,GANGARDA,13,447
DAHOD,GARBADA,GANGARDI,GANGARDI,18,435
DAHOD,GARBADA,GARBADA,GARBADA,189,1260
DAHOD,GARBADA,GULBAR,GULBAR,8,68
DAHOD,GARBADA,JANBUA,JANBUA,13,164
DAHOD,GARBADA,JESAVADA,JESAVADA,50,456
DAHOD,GARBADA,MATVA,MATVA,29,405
DAHOD,GARBADA,MINAKYAR,MINAKYAR,26,310
DAHOD,GARBADA,NADHELAV,NADHELAV,35,526
DAHOD,GARBADA,NALVAI,NALVAI,16,191
DAHOD,GARBADA,NANDAVA,NANDAVA,24,70
DAHOD,GARBADA,NELSUR,NELSUR,23,384
DAHOD,GARBADA,NIMACH,NIMACH,5,56
DAHOD,GARBADA,PACHVADA,PACHVADA,37,182
DAHOD,GARBADA,PANDADI,PANDADI,56,518
DAHOD,GARBADA,PATIYA,PATIYA,32,352
DAHOD,GARBADA,PATIYAZOL,PATIYAZOL,13,282
DAHOD,GARBADA,SAHADA,SAHADA,53,203
DAHOD,GARBADA,SIMLIYA BUZARG,SIMLIYABUZARG,7,242
DAHOD,GARBADA,TUKI ANOP,TUKIANOP,20,321
DAHOD,GARBADA,VADVA,VADVA,31,1204
DAHOD,GARBADA,VAJELAV,VAJELAV,28,368
DAHOD,GARBADA,ZARIBUZARG,ZARIBUZARG,4,536
DAHOD,LIMKHEDA,AAMBA,AAMBA,69,271
DAHOD,LIMKHEDA,AARODA,AARODA,93,534
DAHOD,LIMKHEDA,ANDHARI,ANDHARI,47,114
DAHOD,LIMKHEDA,ANOPPURA,ANOPPURA,10,47
DAHOD,LIMKHEDA,BAR,BAR,41,159
DAHOD,LIMKHEDA,BARA,BARA,8,39
DAHOD,LIMKHEDA,BARELA,BARELA,17,86
DAHOD,LIMKHEDA,BARODA,BARODA,27,79
DAHOD,LIMKHEDA,BHILPANIYA,BHILPANIYA,8,58
DAHOD,LIMKHEDA,BHIMPURA,BHIMPURA,8,56
DAHOD,LIMKHEDA,BHUTKHEDI,BHUTKHEDI,6,42
DAHOD,LIMKHEDA,BORGOTA,BORGOTA,26,112
DAHOD,LIMKHEDA,CHACHAKPUR,CHACHAKPUR,8,60
DAHOD,LIMKHEDA,CHAPARI,CHAPARI,34,86
DAHOD,LIMKHEDA,CHAPARVAD,CHAPARVAD,11,372
DAHOD,LIMKHEDA,CHATAKI,CHATAKI,3,33
DAHOD,LIMKHEDA,CHEDIYA,CHEDIYA,16,117
DAHOD,LIMKHEDA,CHILACOTTA,CHILACOTTA,53,616
DAHOD,LIMKHEDA,CHOKI,CHOKI,10,31
DAHOD,LIMKHEDA,CHOPATPALLI,CHOPATPALLI,23,69
DAHOD,LIMKHEDA,CHUNDADI,CHUNDADI,9,128
DAHOD,LIMKHEDA,DABHDA,DABHDA,64,194
DAHOD,LIMKHEDA,DAKARA,DAKARA,6,36
DAHOD,LIMKHEDA,DANTIYA,DANTIYA,35,143
DAHOD,LIMKHEDA,DASA,DASA,25,89
DAHOD,LIMKHEDA,DEGAVADA,DEGAVADA,34,454
DAHOD,LIMKHEDA,DEVDHI,DEVDHI,18,32
DAHOD,LIMKHEDA,DHABUDI,DHABUDI,13,103
DAHOD,LIMKHEDA,DHADHELA,DHADHELA,24,97
DAHOD,LIMKHEDA,DHAMANBARI,DHAMANBARI,21,192
DAHOD,LIMKHEDA,DUDHIYA,DUDHIYA,34,167
DAHOD,LIMKHEDA,DUDHIYATHARA,DUDHIYATHARA,4,71
DAHOD,LIMKHEDA,DUNGARA,DUNGARA,16,62
DAHOD,LIMKHEDA,FATEPURA,FATEPURA,9,53
DAHOD,LIMKHEDA,GHUTIYA,GHUTIYA,14,53
DAHOD,LIMKHEDA,GORIYA,GORIYA,3,90
DAHOD,LIMKHEDA,GUMANI,GUMANI,19,62
DAHOD,LIMKHEDA,HADI,HADI,31,112
DAHOD,LIMKHEDA,HATHIYAVAN,HATHIYAVAN,10,79
DAHOD,LIMKHEDA,HIRAPUR,HIRAPUR,1,81
DAHOD,LIMKHEDA,HUMADPUR,HUMADPUR,3,114
DAHOD,LIMKHEDA,JADA KHERIYA,JADAKHERIYA,28,180
DAHOD,LIMKHEDA,JALIYAPADA,JALIYAPADA,13,73
DAHOD,LIMKHEDA,JAMDARA,JAMDARA,60,623
DAHOD,LIMKHEDA,JUNAVADIYA,JUNAVADIYA,17,62
DAHOD,LIMKHEDA,KALIYAGOTA,KALIYAGOTA,2,120
DAHOD,LIMKHEDA,KALIYARAI,KALIYARAI,15,55
DAHOD,LIMKHEDA,KAMBOE,KAMBOE,6,43
DAHOD,LIMKHEDA,KANKARIDUNGARI,KANKARIDUNGARI,15,73
DAHOD,LIMKHEDA,KARMADI,KARMADI,10,25
DAHOD,LIMKHEDA,KATARANI PALLI,KATARANIPALLI,12,70
DAHOD,LIMKHEDA,KATHOLIYA,KATHOLIYA,9,190
DAHOD,LIMKHEDA,KELKUWA,KELKUWA,6,17
DAHOD,LIMKHEDA,KESARPUR,KESARPUR,13,97
DAHOD,LIMKHEDA,KHADADA,KHADADA,3,34
DAHOD,LIMKHEDA,KHEERKHAI,KHEERKHAI,17,248
DAHOD,LIMKHEDA,KOTHARA,KOTHARA,7,28
DAHOD,LIMKHEDA,KUDARA,KUDARA,8,58
DAHOD,LIMKHEDA,KUMPUR,KUMPUR,2,73
DAHOD,LIMKHEDA,KUNDHA,KUNDHA,52,240
DAHOD,LIMKHEDA,KUNLI,KUNLI,44,271
DAHOD,LIMKHEDA,LIMBODAR,LIMBODAR,8,130
DAHOD,LIMKHEDA,LIMKHEDA,LIMKHEDA,26,116
DAHOD,LIMKHEDA,LUKHAVADA,LUKHAVADA,28,292
DAHOD,LIMKHEDA,MACHELAE,MACHELAE,11,220
DAHOD,LIMKHEDA,MALEKPUR,MALEKPUR,76,242
DAHOD,LIMKHEDA,MANGALMAHUDI,MANGALMAHUDI,5,110
DAHOD,LIMKHEDA,MANLI,MANLI,50,462
DAHOD,LIMKHEDA,MATANA PALLA,MATANAPALLA,23,85
DAHOD,LIMKHEDA,METHAN,METHAN,45,330
DAHOD,LIMKHEDA,MOTA AAMBALIYAR,MOTAAAMBALIYAR,18,82
DAHOD,LIMKHEDA,MOTA HATHIDHARA,MOTAHATHIDHARA,21,113
DAHOD,LIMKHEDA,MOTA MAAL,MOTAMAAL,13,102
DAHOD,LIMKHEDA,MOTI BANDIBAR,MOTIBANDIBAR,35,483
DAHOD,LIMKHEDA,MOTI VASVANI,MOTIVASVANI,11,35
DAHOD,LIMKHEDA,MOTI VAV,MOTIVAV,29,221
DAHOD,LIMKHEDA,MUNAVANI,MUNAVANI,14,78
DAHOD,LIMKHEDA,NANA AAMBALIYA,NANAAAMBALIYA,24,80
DAHOD,LIMKHEDA,NANA BANDIBAR,NANABANDIBAR,36,247
DAHOD,LIMKHEDA,NANA HATHIDHARA,NANAHATHIDHARA,13,94
DAHOD,LIMKHEDA,NANAMAL,NANAMAL,19,118
DAHOD,LIMKHEDA,NANI SANJELI,NANISANJELI,15,134
DAHOD,LIMKHEDA,NANI VASVANI,NANIVASVANI,4,28
DAHOD,LIMKHEDA,NANI VAV,NANIVAV,19,123
DAHOD,LIMKHEDA,NAVAGAM,NAVAGAM,6,92
DAHOD,LIMKHEDA,NAVAVADIYA,NAVAVADIYA,17,67
DAHOD,LIMKHEDA,NAVIPARI,NAVIPARI,8,51
DAHOD,LIMKHEDA,NINAMANA KHAKHRIYA,NINAMANAKHAKHRIYA,20,57
DAHOD,LIMKHEDA,NINAMANI VAV,NINAMANIVAV,10,34
DAHOD,LIMKHEDA,PADA,PADA,5,73
DAHOD,LIMKHEDA,PADALIYA,PADALIYA,8,67
DAHOD,LIMKHEDA,PADOLA,PADOLA,5,16
DAHOD,LIMKHEDA,PAHAD,PAHAD,17,128
DAHOD,LIMKHEDA,PALLA,PALLA,7,69
DAHOD,LIMKHEDA,PALLI,PALLI,47,154
DAHOD,LIMKHEDA,PANIYA,PANIYA,52,311
DAHOD,LIMKHEDA,PANPIVELA,PANPIVELA,6,100
DAHOD,LIMKHEDA,PARMARNA DUNGARPUR,PARMARNADUNGARPUR,12,59
DAHOD,LIMKHEDA,PARMARNA KHAKHARIYA,PARMARNAKHAKHARIYA,36,99
DAHOD,LIMKHEDA,PARPATA,PARPATA,24,58
DAHOD,LIMKHEDA,PATA,PATA,13,46
DAHOD,LIMKHEDA,PATANGADI,PATANGADI,30,1464
DAHOD,LIMKHEDA,PATDI,PATDI,9,34
DAHOD,LIMKHEDA,PATVAAN,PATVAAN,19,96
DAHOD,LIMKHEDA,PHOOLPARI,PHOOLPARI,13,36
DAHOD,LIMKHEDA,PHOPHAN,PHOPHAN,4,19
DAHOD,LIMKHEDA,PIPALAPANI,PIPALAPANI,4,16
DAHOD,LIMKHEDA,PIPALI,PIPALI,31,334
DAHOD,LIMKHEDA,PISOEE,PISOEE,43,103
DAHOD,LIMKHEDA,POLISIMAL,POLISIMAL,19,40
DAHOD,LIMKHEDA,PRATAPPURA,PRATAPPURA,80,280
DAHOD,LIMKHEDA,RAE,RAE,39,363
DAHOD,LIMKHEDA,RANDHIKPUR,RANDHIKPUR,54,183
DAHOD,LIMKHEDA,RANIPURA,RANIPURA,1,53
DAHOD,LIMKHEDA,RATHODNA DUNGARPUR,RATHODNADUNGARPUR,12,60
DAHOD,LIMKHEDA,SAKARIYA,SAKARIYA,18,125
DAHOD,LIMKHEDA,SANGIYA,SANGIYA,7,19
DAHOD,LIMKHEDA,SARJUMI,SARJUMI,20,129
DAHOD,LIMKHEDA,SASTAA,SASTAA,12,80
DAHOD,LIMKHEDA,SHAKTIFALIYA,SHAKTIFALIYA,11,81
DAHOD,LIMKHEDA,SINGAPUR,SINGAPUR,34,105
DAHOD,LIMKHEDA,SINVAD,SINVAD,54,161
DAHOD,LIMKHEDA,SUDIYA,SUDIYA,57,307
DAHOD,LIMKHEDA,TARMI,TARMI,26,130
DAHOD,LIMKHEDA,TIMBA,TIMBA,14,59
DAHOD,LIMKHEDA,TOYANI,TOYANI,5,142
DAHOD,LIMKHEDA,TUTAGHATI,TUTAGHATI,2,89
DAHOD,LIMKHEDA,UMEDPURA,UMEDPURA,16,102
DAHOD,LIMKHEDA,USARA,USARA,8,134
DAHOD,LIMKHEDA,VADA PIPALA,VADAPIPALA,12,29
DAHOD,LIMKHEDA,VADELA,VADELA,30,353
DAHOD,LIMKHEDA,VAGHNALA,VAGHNALA,11,81
DAHOD,LIMKHEDA,VALAGOTA,VALAGOTA,21,210
DAHOD,LIMKHEDA,VALUNDI,VALUNDI,8,73
DAHOD,LIMKHEDA,VANJARIYA,VANJARIYA,2,90
DAHOD,LIMKHEDA,VATEDA,VATEDA,19,83
DAHOD,LIMKHEDA,VISLANGA,VISLANGA,22,104
DAHOD,LIMKHEDA,ZAMRI,ZAMRI,28,144
DAHOD,LIMKHEDA,ZERJITGADH,ZERJITGADH,38,162
DAHOD,ZALOD,AABA,AABA,39,413
DAHOD,ZALOD,ABBJARAN,ABBJARAN,4,30
DAHOD,ZALOD,ANIKA,ANIKA,13,245
DAHOD,ZALOD,ANVARPURA,ANVARPURA,12,139
DAHOD,ZALOD,BABELA,BABELA,17,1079
DAHOD,ZALOD,BAJARVADA,BAJARVADA,9,335
DAHOD,ZALOD,BCHKRIYA,BCHKRIYA,10,318
DAHOD,ZALOD,BHAMAN,BHAMAN,5,158
DAHOD,ZALOD,BHAMELA,BHAMELA,21,110
DAHOD,ZALOD,BHANPUR,BHANPUR,9,84
DAHOD,ZALOD,BILVANI,BILVANI,12,211
DAHOD,ZALOD,BODADUNGAR,BODADUNGAR,7,60
DAHOD,ZALOD,BODIYABHIT,BODIYABHIT,6,73
DAHOD,ZALOD,CHAKISANA,CHAKISANA,17,454
DAHOD,ZALOD,CHAKLIYA,CHAKLIYA,28,793
DAHOD,ZALOD,CHANDANANA MUVADA,CHANDANANAMUVADA,16,74
DAHOD,ZALOD,CHASIYA,CHASIYA,12,148
DAHOD,ZALOD,CHATKA,CHATKA,6,92
DAHOD,ZALOD,CHAYAN,CHAYAN,23,304
DAHOD,ZALOD,CHITRODIYA,CHITRODIYA,20,376
DAHOD,ZALOD,CHMARIYA,CHMARIYA,29,327
DAHOD,ZALOD,DAGIRIYA,DAGIRIYA,17,188
DAHOD,ZALOD,DATIYA,DATIYA,9,147
DAHOD,ZALOD,DAVGINISASVANI,DAVGINISASVANI,8,80
DAHOD,ZALOD,DHADIYA,DHADIYA,3,172
DAHOD,ZALOD,DHADIYANO NALO,DHADIYANONALO,2,32
DAHOD,ZALOD,DHALSIMAL,DHALSIMAL,13,83
DAHOD,ZALOD,DHARADUNGAR,DHARADUNGAR,8,121
DAHOD,ZALOD,DHAVDIYA,DHAVDIYA,41,1023
DAHOD,ZALOD,DHAVDIYAFALIYA,DHAVDIYAFALIYA,5,34
DAHOD,ZALOD,DHMANA,DHMANA,22,234
DAHOD,ZALOD,DOKATALAVDI,DOKATALAVDI,7,56
DAHOD,ZALOD,DOKI,DOKI,5,42
DAHOD,ZALOD,DUGARI,DUGARI,35,371
DAHOD,ZALOD,DUNGARA,DUNGARA,6,213
DAHOD,ZALOD,ETADI,ETADI,10,112
DAHOD,ZALOD,FOOLPURA,FOOLPURA,13,1650
DAHOD,ZALOD,GALANAPAD,GALANAPAD,2,50
DAHOD,ZALOD,GAMDI,GAMDI,15,353
DAHOD,ZALOD,GARADIYA,GARADIYA,6,74
DAHOD,ZALOD,GARADU,GARADU,9,651
DAHOD,ZALOD,GASLI,GASLI,7,98
DAHOD,ZALOD,GHASVA,GHASVA,2,108
DAHOD,ZALOD,GHODIYA,GHODIYA,2,144
DAHOD,ZALOD,GOLANA,GOLANA,6,76
DAHOD,ZALOD,GOVIDATALI,GOVIDATALI,14,143
DAHOD,ZALOD,GULTORA,GULTORA,5,340
DAHOD,ZALOD,HADMTKHUTA,HADMTKHUTA,11,146
DAHOD,ZALOD,HIROLA,HIROLA,19,606
DAHOD,ZALOD,JAFARPURA,JAFARPURA,26,306
DAHOD,ZALOD,JAROR,JAROR,8,67
DAHOD,ZALOD,JASUNI,JASUNI,9,269
DAHOD,ZALOD,JATPUR,JATPUR,4,675
DAHOD,ZALOD,JITPURA,JITPURA,2,56
DAHOD,ZALOD,JUSA,JUSA,22,278
DAHOD,ZALOD,KACHLDHARA,KACHLDHARA,14,71
DAHOD,ZALOD,KADVAL,KADVAL,64,882
DAHOD,ZALOD,KADVANAPAD,KADVANAPAD,4,47
DAHOD,ZALOD,KAKRAKUVA,KAKRAKUVA,19,69
DAHOD,ZALOD,KAKRELI,KAKRELI,6,59
DAHOD,ZALOD,KALGINISARSVANI,KALGINISARSVANI,9,236
DAHOD,ZALOD,KALIGAM GURJAR,KALIGAMGURJAR,22,308
DAHOD,ZALOD,KALIYA TLAV,KALIYATLAV,4,67
DAHOD,ZALOD,KALIYAGAM INAMI,KALIYAGAMINAMI,18,163
DAHOD,ZALOD,KANGIKHADI,KANGIKHADI,7,368
DAHOD,ZALOD,KARMBA,KARMBA,27,449
DAHOD,ZALOD,KARTH,KARTH,96,1108
DAHOD,ZALOD,KAVDANAMUVADA,KAVDANAMUVADA,9,118
DAHOD,ZALOD,KHADA,KHADA,3,101
DAHOD,ZALOD,KHAKHRIYA,KHAKHRIYA,3,103
DAHOD,ZALOD,KHARSANA,KHARSANA,46,207
DAHOD,ZALOD,KHARVANI,KHARVANI,21,361
DAHOD,ZALOD,KLIYANPURA,KLIYANPURA,7,64
DAHOD,ZALOD,KOTA,KOTA,19,306
DAHOD,ZALOD,KOTDA,KOTDA,7,32
DAHOD,ZALOD,KUNDA,KUNDA,9,60
DAHOD,ZALOD,KUNI,KUNI,10,164
DAHOD,ZALOD,LAVARA,LAVARA,9,138
DAHOD,ZALOD,LILVA DEVA,LILVADEVA,15,227
DAHOD,ZALOD,LILVA POKAR,LILVAPOKAR,5,78
DAHOD,ZALOD,LILVATHAKOR,LILVATHAKOR,18,298
DAHOD,ZALOD,LIMDI,LIMDI,134,517
DAHOD,ZALOD,LUNJANA MUVADA,LUNJANAMUVADA,7,79
DAHOD,ZALOD,MAGHANISAR,MAGHANISAR,16,69
DAHOD,ZALOD,MALNIYA,MALNIYA,6,140
DAHOD,ZALOD,MALVASI,MALVASI,42,328
DAHOD,ZALOD,MANDLI,MANDLI,8,160
DAHOD,ZALOD,MHUDI,MHUDI,27,214
DAHOD,ZALOD,MIRAKHADI,MIRAKHADI,39,253
DAHOD,ZALOD,MOLI,MOLI,13,211
DAHOD,ZALOD,MOTA KALIYA,MOTAKALIYA,14,56
DAHOD,ZALOD,MOTIHADI,MOTIHADI,18,1642
DAHOD,ZALOD,MUMDHA,MUMDHA,32,296
DAHOD,ZALOD,MUNDAHEDA,MUNDAHEDA,41,444
DAHOD,ZALOD,MUNKHOSLA,MUNKHOSLA,28,405
DAHOD,ZALOD,NANA KALIYA,NANAKALIYA,6,163
DAHOD,ZALOD,NANIHADI,NANIHADI,5,93
DAHOD,ZALOD,NANSALAI,NANSALAI,32,449
DAHOD,ZALOD,NARIYANI MUVADI,NARIYANIMUVADI,10,47
DAHOD,ZALOD,NENKI,NENKI,16,224
DAHOD,ZALOD,NIMEVROD,NIMEVROD,23,109
DAHOD,ZALOD,PANIYA,PANIYA,3,82
DAHOD,ZALOD,PAPELA,PAPELA,3,57
DAHOD,ZALOD,PAREVA,PAREVA,11,217
DAHOD,ZALOD,PARTAPURA,PARTAPURA,15,131
DAHOD,ZALOD,PARTHMPUR,PARTHMPUR,17,652
DAHOD,ZALOD,PAVDI,PAVDI,46,529
DAHOD,ZALOD,PETHAPUR,PETHAPUR,45,870
DAHOD,ZALOD,PICHODA,PICHODA,23,292
DAHOD,ZALOD,PIPLET,PIPLET,10,88
DAHOD,ZALOD,PIPLIYA,PIPLIYA,9,230
DAHOD,ZALOD,RAJDIYA,RAJDIYA,5,57
DAHOD,ZALOD,RAJPUR,RAJPUR,19,153
DAHOD,ZALOD,RALIYATI BHURA,RALIYATIBHURA,20,219
DAHOD,ZALOD,RALIYATI GURJAR,RALIYATIGURJAR,10,132
DAHOD,ZALOD,RAMPURA,RAMPURA,15,81
DAHOD,ZALOD,RANIYAR ENAMI,RANIYARENAMI,26,385
DAHOD,ZALOD,RANIYAR SARKARI,RANIYARSARKARI,6,387
DAHOD,ZALOD,RAYPURA,RAYPURA,14,77
DAHOD,ZALOD,RUPAKHADA,RUPAKHADA,18,324
DAHOD,ZALOD,SABLI,SABLI,16,59
DAHOD,ZALOD,SANJALI,SANJALI,19,248
DAHOD,ZALOD,SANKRPURA,SANKRPURA,21,272
DAHOD,ZALOD,SAPOI,SAPOI,22,631
DAHOD,ZALOD,SARDA,SARDA,6,76
DAHOD,ZALOD,SARMARIYA,SARMARIYA,8,284
DAHOD,ZALOD,SARORI,SARORI,7,509
DAHOD,ZALOD,SIMALIYA,SIMALIYA,27,296
DAHOD,ZALOD,SITAVTLI,SITAVTLI,7,58
DAHOD,ZALOD,SUTHARVASA,SUTHARVASA,39,691
DAHOD,ZALOD,TADHAGOLA,TADHAGOLA,14,286
DAHOD,ZALOD,TANDI,TANDI,12,173
DAHOD,ZALOD,TARKDAMHUDI,TARKDAMHUDI,3,299
DAHOD,ZALOD,TARKDAMHUDINAMUVADA,TARKDAMHUDINAMUVADA,3,331
DAHOD,ZALOD,THALA SANJALI,THALASANJALI,7,180
DAHOD,ZALOD,THALALIMDI,THALALIMDI,32,123
DAHOD,ZALOD,THERKA,THERKA,9,125
DAHOD,ZALOD,THUNTHI KANKASIYA,THUNTHIKANKASIYA,14,112
DAHOD,ZALOD,TIMACHI,TIMACHI,13,89
DAHOD,ZALOD,TISANAMUVADA,TISANAMUVADA,7,50
DAHOD,ZALOD,TITRIYA,TITRIYA,16,104
DAHOD,ZALOD,VAGALA,VAGALA,15,722
DAHOD,ZALOD,VAKOL,VAKOL,26,197
DAHOD,ZALOD,VALPURA,VALPURA,19,121
DAHOD,ZALOD,VALUNDA,VALUNDA,2,44
DAHOD,ZALOD,VANIYAGHATI,VANIYAGHATI,13,36
DAHOD,ZALOD,VAROD,VAROD,50,568
DAHOD,ZALOD,VASIYA,VASIYA,16,203
DAHOD,ZALOD,VSTI,VSTI,18,68
DANG,DANG,AHERDI,AHERDI,9,31
DANG,DANG,AHIRPADA,AHIRPADA,4,56
DANG,DANG,AHWA,AHWA,27,229
DANG,DANG,AMBALIA,AMBALIA,9,77
DANG,DANG,AMBAPADA (VAGHAI),AMBAPADAVAGHAI,11,123
DANG,DANG,AMBUR,AMBUR,9,32
DANG,DANG,AMSARPADA,AMSARPADA,11,103
DANG,DANG,AMSARWALAN,AMSARWALAN,6,39
DANG,DANG,AMTHAWA,AMTHAWA,8,56
DANG,DANG,ANJANKUND,ANJANKUND,12,79
DANG,DANG,BADIGANVTHA,BADIGANVTHA,9,46
DANG,DANG,BAJ,BAJ,33,226
DANG,DANG,BANDHPADA,BANDHPADA,11,57
DANG,DANG,BARADPANI,BARADPANI,1,87
DANG,DANG,BARDA,BARDA,9,74
DANG,DANG,BARDA (MANMODISAJA),BARDAMANMODISAJA,3,140
DANG,DANG,BARDA(KHAMBHLA SAJA),BARDAKHAMBHLASAJA,5,72
DANG,DANG,BARDIPADA (SAJA),BARDIPADASAJA,11,65
DANG,DANG,BARDIPADA(NAKTYAHANW,BARDIPADANAKTYAHANW,10,54
DANG,DANG,BARIPADA,BARIPADA,4,46
DANG,DANG,BARKHANDHIA,BARKHANDHIA,13,241
DANG,DANG,BARMIAWAD,BARMIAWAD,1,215
DANG,DANG,BEHDUN,BEHDUN,2,29
DANG,DANG,BHADARPADA,BHADARPADA,10,238
DANG,DANG,BHALKHET,BHALKHET,10,60
DANG,DANG,BHAPKHAL,BHAPKHAL,2,41
DANG,DANG,BHAVANDAGAD,BHAVANDAGAD,23,138
DANG,DANG,BHAWADI,BHAWADI,10,120
DANG,DANG,BHENDMAL,BHENDMAL,11,146
DANG,DANG,BHISYA,BHISYA,15,114
DANG,DANG,BHONDVIHIR,BHONDVIHIR,5,57
DANG,DANG,BHONGDYA,BHONGDYA,5,36
DANG,DANG,BHUJAD,BHUJAD,9,69
DANG,DANG,BHURBHENDI,BHURBHENDI,1,8
DANG,DANG,BIBUPADA,BIBUPADA,7,81
DANG,DANG,BIJURPADA,BIJURPADA,7,92
DANG,DANG,BILBARI,BILBARI,10,70
DANG,DANG,BILIAMBA,BILIAMBA,11,55
DANG,DANG,BILMAL,BILMAL,2,193
DANG,DANG,BOKADMAL,BOKADMAL,4,31
DANG,DANG,BONDARMAL,BONDARMAL,9,125
DANG,DANG,BORDAHAD,BORDAHAD,8,51
DANG,DANG,BORIGAOTHA (WAGHAISA,BORIGAOTHAWAGHAISA,23,126
DANG,DANG,BORKHAL,BORKHAL,28,191
DANG,DANG,BORKHET,BORKHET,13,77
DANG,DANG,BORPADA,BORPADA,3,81
DANG,DANG,BURTHADI,BURTHADI,6,79
DANG,DANG,CHAMARPADA,CHAMARPADA,8,14
DANG,DANG,CHANKHAL,CHANKHAL,13,87
DANG,DANG,CHAUKIYA,CHAUKIYA,13,131
DANG,DANG,CHAVADVEL,CHAVADVEL,16,22
DANG,DANG,CHICHIGAONTHA,CHICHIGAONTHA,7,51
DANG,DANG,CHICHPADA (VADPADA),CHICHPADAVADPADA,1,54
DANG,DANG,CHIKAR (JHAVDASAJA),CHIKARJHAVDASAJA,12,67
DANG,DANG,CHIKAR(RAMBHAS SAJA),CHIKARRAMBHASSAJA,9,116
DANG,DANG,CHIKATIYA,CHIKATIYA,29,210
DANG,DANG,CHIKHALDA,CHIKHALDA,7,16
DANG,DANG,CHIKHALI (SAMGAHANSA,CHIKHALISAMGAHANSA,3,91
DANG,DANG,CHIKLI (LAVCHALISAJA,CHIKLILAVCHALISAJA,1,33
DANG,DANG,CHINCHDHARA,CHINCHDHARA,7,47
DANG,DANG,CHINCHLI,CHINCHLI,25,136
DANG,DANG,CHINCHOD,CHINCHOD,12,155
DANG,DANG,CHINCHPADA (GALKUND,CHINCHPADAGALKUND,12,103
DANG,DANG,CHINCHVIHIR,CHINCHVIHIR,7,54
DANG,DANG,CHIRAPADA,CHIRAPADA,9,202
DANG,DANG,DABDAR (WAGHAI),DABDARWAGHAI,5,132
DANG,DANG,DAGADIAMBA,DAGADIAMBA,4,62
DANG,DANG,DAGADPADA,DAGADPADA,1,91
DANG,DANG,DAGUNIYA,DAGUNIYA,16,356
DANG,DANG,DAHER,DAHER,8,147
DANG,DANG,DARAPADA,DARAPADA,18,125
DANG,DANG,DARDI,DARDI,3,10
DANG,DANG,DAVDAHAD,DAVDAHAD,12,123
DANG,DANG,DHADHRA,DHADHRA,25,121
DANG,DANG,DHANGDI,DHANGDI,9,157
DANG,DANG,DHAVALIDOD,DHAVALIDOD,18,199
DANG,DANG,DHODHALPADA,DHODHALPADA,15,199
DANG,DANG,DHOLIYAUMBAR(NARAYAN,DHOLIYAUMBARNARAYAN,11,112
DANG,DANG,DHUDA,DHUDA,12,76
DANG,DANG,DHULCHOND,DHULCHOND,5,74
DANG,DANG,DHULDA,DHULDA,9,39
DANG,DANG,DHUMKHAL,DHUMKHAL,25,194
DANG,DANG,DIVADYAWAN,DIVADYAWAN,8,63
DANG,DANG,DIWAN TEMBRUN,DIWANTEMBRUN,20,258
DANG,DANG,DODIPADA,DODIPADA,21,116
DANG,DANG,DOKPATAL,DOKPATAL,4,56
DANG,DANG,DON,DON,48,315
DANG,DANG,DUMARYA,DUMARYA,8,36
DANG,DANG,DUNGARDA,DUNGARDA,7,36
DANG,DANG,ENGINPADA (CALBARI),ENGINPADACALBARI,2,16
DANG,DANG,GADAD,GADAD,29,125
DANG,DANG,GADVIHIR,GADVIHIR,6,92
DANG,DANG,GALKUND,GALKUND,11,69
DANG,DANG,GARKHADI,GARKHADI,17,197
DANG,DANG,GARMAL,GARMAL,18,101
DANG,DANG,GAURYA,GAURYA,17,98
DANG,DANG,GAVDAHAD,GAVDAHAD,15,70
DANG,DANG,GAWHAN,GAWHAN,8,147
DANG,DANG,GAYGOTHAN,GAYGOTHAN,13,180
DANG,DANG,GAYKHAS,GAYKHAS,10,114
DANG,DANG,GHANA,GHANA,11,199
DANG,DANG,GHANIAMBA,GHANIAMBA,4,25
DANG,DANG,GHODI,GHODI,21,275
DANG,DANG,GHODWAHAL,GHODWAHAL,4,85
DANG,DANG,GHOGHLI,GHOGHLI,20,110
DANG,DANG,GHUBADIA,GHUBADIA,8,138
DANG,DANG,GHUBITA,GHUBITA,7,87
DANG,DANG,GIRA,GIRA,6,47
DANG,DANG,GIRMAL,GIRMAL,22,100
DANG,DANG,GOLASTA,GOLASTA,4,33
DANG,DANG,GONDALVIHIR,GONDALVIHIR,23,147
DANG,DANG,GOTIYAMAL,GOTIYAMAL,9,186
DANG,DANG,GUNDIA,GUNDIA,23,200
DANG,DANG,GUNDVAHAL,GUNDVAHAL,11,228
DANG,DANG,GUNJPEDA,GUNJPEDA,17,107
DANG,DANG,GURUDIYA,GURUDIYA,6,60
DANG,DANG,HADOL,HADOL,3,57
DANG,DANG,HANWATCHOND,HANWATCHOND,49,343
DANG,DANG,HANWATPADA(CHINCHLIS,HANWATPADACHINCHLIS,10,88
DANG,DANG,HANWATPADA(PIPALDAHA,HANWATPADAPIPALDAHA,6,92
DANG,DANG,HARPADA,HARPADA,15,81
DANG,DANG,HINDLA,HINDLA,8,77
DANG,DANG,HUMBAPADA,HUMBAPADA,6,108
DANG,DANG,ISDAR(BORKHALSAJA),ISDARBORKHALSAJA,7,72
DANG,DANG,ISKHANDI,ISKHANDI,12,65
DANG,DANG,JAKHANA,JAKHANA,35,367
DANG,DANG,JAMALPADA,JAMALPADA,6,56
DANG,DANG,JAMANPADA,JAMANPADA,22,50
DANG,DANG,JAMANSONDA,JAMANSONDA,9,85
DANG,DANG,JAMANVIHIR,JAMANVIHIR,9,68
DANG,DANG,JAMANYA,JAMANYA,11,53
DANG,DANG,JAMDAR,JAMDAR,4,123
DANG,DANG,JAMLA,JAMLA,3,65
DANG,DANG,JAMLAPADA(GADHVISAJA,JAMLAPADAGADHVISAJA,9,48
DANG,DANG,JAMNYAMAL,JAMNYAMAL,9,160
DANG,DANG,JARSOL,JARSOL,6,65
DANG,DANG,JAVTALA,JAVTALA,14,114
DANG,DANG,JHARAN,JHARAN,4,104
DANG,DANG,JHARI,JHARI,23,151
DANG,DANG,JHAVDA,JHAVDA,18,121
DANG,DANG,JOGBARI,JOGBARI,4,143
DANG,DANG,JOGTHAWA,JOGTHAWA,4,45
DANG,DANG,JUNNER,JUNNER,10,63
DANG,DANG,KADMAL(GADADSAJA),KADMALGADADSAJA,6,96
DANG,DANG,KADMAL(SUBIR),KADMALSUBIR,2,25
DANG,DANG,KAHANDOLGHODI,KAHANDOLGHODI,6,66
DANG,DANG,KAKADVIHIR,KAKADVIHIR,7,125
DANG,DANG,KAKARDA,KAKARDA,13,68
DANG,DANG,KAKSHALA,KAKSHALA,17,162
DANG,DANG,KALAMKHET,KALAMKHET,21,111
DANG,DANG,KALAMVIHIR,KALAMVIHIR,18,118
DANG,DANG,KALIBEL,KALIBEL,40,192
DANG,DANG,KAMAD,KAMAD,8,128
DANG,DANG,KAMDIAWAN,KAMDIAWAN,9,38
DANG,DANG,KANCHANPADA,KANCHANPADA,23,225
DANG,DANG,KANGARIYAMAL,KANGARIYAMAL,4,95
DANG,DANG,KARADIAMBA,KARADIAMBA,5,66
DANG,DANG,KARANJDA(LAVCHALISEJ,KARANJDALAVCHALISEJ,9,39
DANG,DANG,KARANJDI(GADADSAJA),KARANJDIGADADSAJA,3,41
DANG,DANG,KARANJPADA,KARANJPADA,10,27
DANG,DANG,KASADBARI,KASADBARI,12,79
DANG,DANG,KASAVDAHAD,KASAVDAHAD,7,29
DANG,DANG,KEL,KEL,15,101
DANG,DANG,KESHBANDH,KESHBANDH,11,168
DANG,DANG,KHAJURNA,KHAJURNA,13,83
DANG,DANG,KHAMBHLA,KHAMBHLA,11,94
DANG,DANG,KHAPRI,KHAPRI,3,33
DANG,DANG,KHATAL,KHATAL,5,43
DANG,DANG,KHERINDRA,KHERINDRA,9,135
DANG,DANG,KHIRMANI,KHIRMANI,20,169
DANG,DANG,KHOKHARI,KHOKHARI,11,36
DANG,DANG,KHOPRIAMBA,KHOPRIAMBA,3,28
DANG,DANG,KIRLI,KIRLI,8,51
DANG,DANG,KOSAMBIA,KOSAMBIA,1,57
DANG,DANG,KOSIMDA,KOSIMDA,4,50
DANG,DANG,KOSIMPATAL,KOSIMPATAL,8,97
DANG,DANG,KOTAMDAR,KOTAMDAR,3,86
DANG,DANG,KOTBA,KOTBA,15,252
DANG,DANG,KOYLIPADA,KOYLIPADA,17,99
DANG,DANG,KUDKAS,KUDKAS,19,148
DANG,DANG,KUKADNAKHI,KUKADNAKHI,8,75
DANG,DANG,KUMARBANDH,KUMARBANDH,8,95
DANG,DANG,KUNDA,KUNDA,11,120
DANG,DANG,KUSMAL,KUSMAL,10,176
DANG,DANG,KUTARNACHIYA,KUTARNACHIYA,7,43
DANG,DANG,LAHAN JHADADAR,LAHANJHADADAR,18,116
DANG,DANG,LAHAN KASAD,LAHANKASAD,3,33
DANG,DANG,LAHANCHARYA,LAHANCHARYA,33,195
DANG,DANG,LAHANDABDAR,LAHANDABDAR,12,209
DANG,DANG,LAHANDABHAS,LAHANDABHAS,7,149
DANG,DANG,LAHANMALUNGA,LAHANMALUNGA,11,168
DANG,DANG,LAVCHALI,LAVCHALI,12,44
DANG,DANG,LINGA,LINGA,1,64
DANG,DANG,MADALBARI,MADALBARI,16,55
DANG,DANG,MAHAL,MAHAL,19,75
DANG,DANG,MAHALPADA,MAHALPADA,18,81
DANG,DANG,MAHARAYCHOND,MAHARAYCHOND,4,83
DANG,DANG,MAHARDAR,MAHARDAR,6,66
DANG,DANG,MALEGAON,MALEGAON,10,145
DANG,DANG,MALGA,MALGA,33,151
DANG,DANG,MALIN,MALIN,5,135
DANG,DANG,MANMODI,MANMODI,20,88
DANG,DANG,MASLI,MASLI,14,75
DANG,DANG,MOGRA,MOGRA,30,115
DANG,DANG,MOHPADA(GALKUNDSAJA),MOHPADAGALKUNDSAJA,11,135
DANG,DANG,MORZIRA,MORZIRA,23,115
DANG,DANG,MOTA MALUNGA,MOTAMALUNGA,9,172
DANG,DANG,MOTACHARYA,MOTACHARYA,25,134
DANG,DANG,MOTI DABDAR,MOTIDABDAR,16,165
DANG,DANG,MOTI DABHAS,MOTIDABHAS,12,135
DANG,DANG,MOTI JHADADAR,MOTIJHADADAR,1,33
DANG,DANG,MOTI KASAD,MOTIKASAD,19,158
DANG,DANG,MULCHOND,MULCHOND,14,204
DANG,DANG,MURAMBI,MURAMBI,15,213
DANG,DANG,NADAGKHADI,NADAGKHADI,37,179
DANG,DANG,NADAKCHOND,NADAKCHOND,23,224
DANG,DANG,NAKATIA HANWAT,NAKATIAHANWAT,20,71
DANG,DANG,NANAPADA,NANAPADA,23,159
DANG,DANG,NANDANPEDA,NANDANPEDA,20,79
DANG,DANG,NILSAKIYA,NILSAKIYA,12,191
DANG,DANG,NIMBARPADA,NIMBARPADA,26,133
DANG,DANG,NIMPADA,NIMPADA,14,49
DANG,DANG,NIRGUDMAL,NIRGUDMAL,8,87
DANG,DANG,NISHANA,NISHANA,2,245
DANG,DANG,PADALKHADI,PADALKHADI,10,140
DANG,DANG,PALSAMAL,PALSAMAL,7,61
DANG,DANG,PANDHARMAL,PANDHARMAL,3,51
DANG,DANG,PANDHARPADA,PANDHARPADA,4,56
DANG,DANG,PANDVA,PANDVA,18,104
DANG,DANG,PATLI,PATLI,6,55
DANG,DANG,PAYARPADA,PAYARPADA,15,201
DANG,DANG,PIMPRI,PIMPRI,27,94
DANG,DANG,PIPALAIDEVI,PIPALAIDEVI,17,108
DANG,DANG,PIPALDAHAD,PIPALDAHAD,11,60
DANG,DANG,PIPALGHODI,PIPALGHODI,17,116
DANG,DANG,PIPALPADA,PIPALPADA,2,101
DANG,DANG,PIPALPADA(GALKUNDSAJ,PIPALPADAGALKUNDSAJ,16,179
DANG,DANG,PIPALYAMAL,PIPALYAMAL,7,92
DANG,DANG,RAMBHAS,RAMBHAS,16,79
DANG,DANG,RANPADA,RANPADA,9,179
DANG,DANG,RAVCHOND,RAVCHOND,6,112
DANG,DANG,SADADMAL,SADADMAL,12,148
DANG,DANG,SADADVIHIR,SADADVIHIR,7,56
DANG,DANG,SAJUPADA,SAJUPADA,15,76
DANG,DANG,SAKARPATAL,SAKARPATAL,14,90
DANG,DANG,SAMGAHAN,SAMGAHAN,11,147
DANG,DANG,SAPUTARA,SAPUTARA,2,45
DANG,DANG,SARWAR,SARWAR,34,118
DANG,DANG,SATBABLA,SATBABLA,13,122
DANG,DANG,SATI,SATI,9,104
DANG,DANG,SAWARDA,SAWARDA,11,80
DANG,DANG,SAWARDAKASAD,SAWARDAKASAD,3,22
DANG,DANG,SAWARKHADI,SAWARKHADI,11,33
DANG,DANG,SAWARPADA,SAWARPADA,10,63
DANG,DANG,SENDRIAMBA,SENDRIAMBA,7,80
DANG,DANG,SEPUAMBA,SEPUAMBA,5,38
DANG,DANG,SHIVARIMAL,SHIVARIMAL,6,72
DANG,DANG,SHIVBARA,SHIVBARA,8,36
DANG,DANG,SILOTMAL,SILOTMAL,13,228
DANG,DANG,SINBANDH,SINBANDH,12,51
DANG,DANG,SINGANA,SINGANA,10,94
DANG,DANG,SODMAL,SODMAL,25,136
DANG,DANG,SONGIR,SONGIR,2,61
DANG,DANG,SONUNIYA,SONUNIYA,17,208
DANG,DANG,SUBIR,SUBIR,12,222
DANG,DANG,SUKMAL,SUKMAL,19,199
DANG,DANG,SUNDA,SUNDA,8,73
DANG,DANG,SUPDAHAD,SUPDAHAD,18,156
DANG,DANG,SUSARDA,SUSARDA,12,175
DANG,DANG,TAKLIPADA(PIPLAIDEVI,TAKLIPADAPIPLAIDEVI,8,66
DANG,DANG,TEKPADA,TEKPADA,22,128
DANG,DANG,TEMBURGARTHA,TEMBURGARTHA,15,72
DANG,DANG,THORPADA,THORPADA,18,81
DANG,DANG,TIMBARTHAWA,TIMBARTHAWA,14,95
DANG,DANG,UGA(LAVCHALI),UGALAVCHALI,14,158
DANG,DANG,UGA(RAMBHASAJA),UGARAMBHASAJA,13,147
DANG,DANG,UKHATIYA,UKHATIYA,7,114
DANG,DANG,UMARYA,UMARYA,8,47
DANG,DANG,UMBARPADA,UMBARPADA,19,78
DANG,DANG,VADPADA,VADPADA,6,96
DANG,DANG,VAGHAI,VAGHAI,14,132
DANG,DANG,VANAR,VANAR,6,176
DANG,DANG,VANZARGHODI,VANZARGHODI,8,82
DANG,DANG,VANZAT AMBA,VANZATAMBA,5,63
DANG,DANG,VIHIRAMBA,VIHIRAMBA,20,76
DANG,DANG,WADIAWAN,WADIAWAN,37,218
DANG,DANG,WAGHMAL,WAGHMAL,21,149
DANG,DANG,WAHUTIYA,WAHUTIYA,4,78
DANG,DANG,WAIDUN,WAIDUN,20,49
DANG,DANG,WAKARYA,WAKARYA,13,97
DANG,DANG,WANGAN,WANGAN,10,129
DANG,DANG,WANKAN,WANKAN,3,21
DANG,DANG,WANKI,WANKI,11,68
DANG,DANG,WANZTTEMRUN,WANZTTEMRUN,13,39
DANG,DANG,WASURNA,WASURNA,6,40
DANG,DANG,WAWANDA,WAWANDA,14,159
DANG,DANG,WNARCHOND,WNARCHOND,1,53
DANG,DANGS,AHERDI,AHERDI,9,31
DANG,DANGS,AHIRPADA,AHIRPADA,4,56
DANG,DANGS,AHWA,AHWA,27,229
DANG,DANGS,AMBALIA,AMBALIA,9,77
DANG,DANGS,AMBAPADA (VAGHAI),AMBAPADAVAGHAI,11,123
DANG,DANGS,AMBUR,AMBUR,9,32
DANG,DANGS,AMSARPADA,AMSARPADA,11,103
DANG,DANGS,AMSARWALAN,AMSARWALAN,6,39
DANG,DANGS,AMTHAWA,AMTHAWA,8,56
DANG,DANGS,ANJANKUND,ANJANKUND,12,79
DANG,DANGS,BADIGANVTHA,BADIGANVTHA,9,46
DANG,DANGS,BAJ,BAJ,33,226
DANG,DANGS,BANDHPADA,BANDHPADA,11,57
DANG,DANGS,BARADPANI,BARADPANI,1,87
DANG,DANGS,BARDA,BARDA,9,74
DANG,DANGS,BARDA (MANMODISAJA),BARDAMANMODISAJA,3,140
DANG,DANGS,BARDA(KHAMBHLA SAJA),BARDAKHAMBHLASAJA,5,72
DANG,DANGS,BARDIPADA (SAJA),BARDIPADASAJA,11,65
DANG,DANGS,BARDIPADA(NAKTYAHANW,BARDIPADANAKTYAHANW,10,54
DANG,DANGS,BARIPADA,BARIPADA,4,46
DANG,DANGS,BARKHANDHIA,BARKHANDHIA,13,241
DANG,DANGS,BARMIAWAD,BARMIAWAD,1,215
DANG,DANGS,BEHDUN,BEHDUN,2,29
DANG,DANGS,BHADARPADA,BHADARPADA,10,238
DANG,DANGS,BHALKHET,BHALKHET,10,60
DANG,DANGS,BHAPKHAL,BHAPKHAL,2,41
DANG,DANGS,BHAVANDAGAD,BHAVANDAGAD,23,138
DANG,DANGS,BHAWADI,BHAWADI,10,120
DANG,DANGS,BHENDMAL,BHENDMAL,11,146
DANG,DANGS,BHISYA,BHISYA,15,114
DANG,DANGS,BHONDVIHIR,BHONDVIHIR,5,57
DANG,DANGS,BHONGDYA,BHONGDYA,5,36
DANG,DANGS,BHUJAD,BHUJAD,9,69
DANG,DANGS,BHURBHENDI,BHURBHENDI,1,8
DANG,DANGS,BIBUPADA,BIBUPADA,7,81
DANG,DANGS,BIJURPADA,BIJURPADA,7,92
DANG,DANGS,BILBARI,BILBARI,10,70
DANG,DANGS,BILIAMBA,BILIAMBA,11,55
DANG,DANGS,BILMAL,BILMAL,2,193
DANG,DANGS,BOKADMAL,BOKADMAL,4,31
DANG,DANGS,BONDARMAL,BONDARMAL,9,125
DANG,DANGS,BORDAHAD,BORDAHAD,8,51
DANG,DANGS,BORIGAOTHA (WAGHAISA,BORIGAOTHAWAGHAISA,23,126
DANG,DANGS,BORKHAL,BORKHAL,28,191
DANG,DANGS,BORKHET,BORKHET,13,77
DANG,DANGS,BORPADA,BORPADA,3,81
DANG,DANGS,BURTHADI,BURTHADI,6,79
DANG,DANGS,CHAMARPADA,CHAMARPADA,8,14
DANG,DANGS,CHANKHAL,CHANKHAL,13,87
DANG,DANGS,CHAUKIYA,CHAUKIYA,13,131
DANG,DANGS,CHAVADVEL,CHAVADVEL,16,22
DANG,DANGS,CHICHIGAONTHA,CHICHIGAONTHA,7,51
DANG,DANGS,CHICHPADA (VADPADA),CHICHPADAVADPADA,1,54
DANG,DANGS,CHIKAR (JHAVDASAJA),CHIKARJHAVDASAJA,12,67
DANG,DANGS,CHIKAR(RAMBHAS SAJA),CHIKARRAMBHASSAJA,9,116
DANG,DANGS,CHIKATIYA,CHIKATIYA,29,210
DANG,DANGS,CHIKHALDA,CHIKHALDA,7,16
DANG,DANGS,CHIKHALI (SAMGAHANSA,CHIKHALISAMGAHANSA,3,91
DANG,DANGS,CHIKLI (LAVCHALISAJA,CHIKLILAVCHALISAJA,1,33
DANG,DANGS,CHINCHDHARA,CHINCHDHARA,7,47
DANG,DANGS,CHINCHLI,CHINCHLI,25,136
DANG,DANGS,CHINCHOD,CHINCHOD,12,155
DANG,DANGS,CHINCHPADA (GALKUND,CHINCHPADAGALKUND,12,103
DANG,DANGS,CHINCHVIHIR,CHINCHVIHIR,7,54
DANG,DANGS,CHIRAPADA,CHIRAPADA,9,202
DANG,DANGS,DABDAR (WAGHAI),DABDARWAGHAI,5,132
DANG,DANGS,DAGADIAMBA,DAGADIAMBA,4,62
DANG,DANGS,DAGADPADA,DAGADPADA,1,91
DANG,DANGS,DAGUNIYA,DAGUNIYA,16,356
DANG,DANGS,DAHER,DAHER,8,147
DANG,DANGS,DARAPADA,DARAPADA,18,125
DANG,DANGS,DARDI,DARDI,3,10
DANG,DANGS,DAVDAHAD,DAVDAHAD,12,123
DANG,DANGS,DHADHRA,DHADHRA,25,121
DANG,DANGS,DHANGDI,DHANGDI,9,157
DANG,DANGS,DHAVALIDOD,DHAVALIDOD,18,199
DANG,DANGS,DHODHALPADA,DHODHALPADA,15,199
DANG,DANGS,DHOLIYAUMBAR(NARAYAN,DHOLIYAUMBARNARAYAN,11,112
DANG,DANGS,DHUDA,DHUDA,12,76
DANG,DANGS,DHULCHOND,DHULCHOND,5,74
DANG,DANGS,DHULDA,DHULDA,9,39
DANG,DANGS,DHUMKHAL,DHUMKHAL,25,194
DANG,DANGS,DIVADYAWAN,DIVADYAWAN,8,63
DANG,DANGS,DIWAN TEMBRUN,DIWANTEMBRUN,20,258
DANG,DANGS,DODIPADA,DODIPADA,21,116
DANG,DANGS,DOKPATAL,DOKPATAL,4,56
DANG,DANGS,DON,DON,48,315
DANG,DANGS,DUMARYA,DUMARYA,8,36
DANG,DANGS,DUNGARDA,DUNGARDA,7,36
DANG,DANGS,ENGINPADA (CALBARI),ENGINPADACALBARI,2,16
DANG,DANGS,GADAD,GADAD,29,125
DANG,DANGS,GADVIHIR,GADVIHIR,6,92
DANG,DANGS,GALKUND,GALKUND,11,69
DANG,DANGS,GARKHADI,GARKHADI,17,197
DANG,DANGS,GARMAL,GARMAL,18,101
DANG,DANGS,GAURYA,GAURYA,17,98
DANG,DANGS,GAVDAHAD,GAVDAHAD,15,70
DANG,DANGS,GAWHAN,GAWHAN,8,147
DANG,DANGS,GAYGOTHAN,GAYGOTHAN,13,180
DANG,DANGS,GAYKHAS,GAYKHAS,10,114
DANG,DANGS,GHANA,GHANA,11,199
DANG,DANGS,GHANIAMBA,GHANIAMBA,4,25
DANG,DANGS,GHODI,GHODI,21,275
DANG,DANGS,GHODWAHAL,GHODWAHAL,4,85
DANG,DANGS,GHOGHLI,GHOGHLI,20,110
DANG,DANGS,GHUBADIA,GHUBADIA,8,138
DANG,DANGS,GHUBITA,GHUBITA,7,87
DANG,DANGS,GIRA,GIRA,6,47
DANG,DANGS,GIRMAL,GIRMAL,22,100
DANG,DANGS,GOLASTA,GOLASTA,4,33
DANG,DANGS,GONDALVIHIR,GONDALVIHIR,23,147
DANG,DANGS,GOTIYAMAL,GOTIYAMAL,9,186
DANG,DANGS,GUNDIA,GUNDIA,23,200
DANG,DANGS,GUNDVAHAL,GUNDVAHAL,11,228
DANG,DANGS,GUNJPEDA,GUNJPEDA,17,107
DANG,DANGS,GURUDIYA,GURUDIYA,6,60
DANG,DANGS,HADOL,HADOL,3,57
DANG,DANGS,HANWATCHOND,HANWATCHOND,49,343
DANG,DANGS,HANWATPADA(CHINCHLIS,HANWATPADACHINCHLIS,10,88
DANG,DANGS,HANWATPADA(PIPALDAHA,HANWATPADAPIPALDAHA,6,92
DANG,DANGS,HARPADA,HARPADA,15,81
DANG,DANGS,HINDLA,HINDLA,8,77
DANG,DANGS,HUMBAPADA,HUMBAPADA,6,108
DANG,DANGS,ISDAR(BORKHALSAJA),ISDARBORKHALSAJA,7,72
DANG,DANGS,ISKHANDI,ISKHANDI,12,65
DANG,DANGS,JAKHANA,JAKHANA,35,367
DANG,DANGS,JAMALPADA,JAMALPADA,6,56
DANG,DANGS,JAMANPADA,JAMANPADA,22,50
DANG,DANGS,JAMANSONDA,JAMANSONDA,9,85
DANG,DANGS,JAMANVIHIR,JAMANVIHIR,9,68
DANG,DANGS,JAMANYA,JAMANYA,11,53
DANG,DANGS,JAMDAR,JAMDAR,4,123
DANG,DANGS,JAMLA,JAMLA,3,65
DANG,DANGS,JAMLAPADA(GADHVISAJA,JAMLAPADAGADHVISAJA,9,48
DANG,DANGS,JAMNYAMAL,JAMNYAMAL,9,160
DANG,DANGS,JARSOL,JARSOL,6,65
DANG,DANGS,JAVTALA,JAVTALA,14,114
DANG,DANGS,JHARAN,JHARAN,4,104
DANG,DANGS,JHARI,JHARI,23,151
DANG,DANGS,JHAVDA,JHAVDA,18,121
DANG,DANGS,JOGBARI,JOGBARI,4,143
DANG,DANGS,JOGTHAWA,JOGTHAWA,4,45
DANG,DANGS,JUNNER,JUNNER,10,63
DANG,DANGS,KADMAL(GADADSAJA),KADMALGADADSAJA,6,96
DANG,DANGS,KADMAL(SUBIR),KADMALSUBIR,2,25
DANG,DANGS,KAHANDOLGHODI,KAHANDOLGHODI,6,66
DANG,DANGS,KAKADVIHIR,KAKADVIHIR,7,125
DANG,DANGS,KAKARDA,KAKARDA,13,68
DANG,DANGS,KAKSHALA,KAKSHALA,17,162
DANG,DANGS,KALAMKHET,KALAMKHET,21,111
DANG,DANGS,KALAMVIHIR,KALAMVIHIR,18,118
DANG,DANGS,KALIBEL,KALIBEL,40,192
DANG,DANGS,KAMAD,KAMAD,8,128
DANG,DANGS,KAMDIAWAN,KAMDIAWAN,9,38
DANG,DANGS,KANCHANPADA,KANCHANPADA,23,225
DANG,DANGS,KANGARIYAMAL,KANGARIYAMAL,4,95
DANG,DANGS,KARADIAMBA,KARADIAMBA,5,66
DANG,DANGS,KARANJDA(LAVCHALISEJ,KARANJDALAVCHALISEJ,9,39
DANG,DANGS,KARANJDI(GADADSAJA),KARANJDIGADADSAJA,3,41
DANG,DANGS,KARANJPADA,KARANJPADA,10,27
DANG,DANGS,KASADBARI,KASADBARI,12,79
DANG,DANGS,KASAVDAHAD,KASAVDAHAD,7,29
DANG,DANGS,KEL,KEL,15,101
DANG,DANGS,KESHBANDH,KESHBANDH,11,168
DANG,DANGS,KHAJURNA,KHAJURNA,13,83
DANG,DANGS,KHAMBHLA,KHAMBHLA,11,94
DANG,DANGS,KHAPRI,KHAPRI,3,33
DANG,DANGS,KHATAL,KHATAL,5,43
DANG,DANGS,KHERINDRA,KHERINDRA,9,135
DANG,DANGS,KHIRMANI,KHIRMANI,20,169
DANG,DANGS,KHOKHARI,KHOKHARI,11,36
DANG,DANGS,KHOPRIAMBA,KHOPRIAMBA,3,28
DANG,DANGS,KIRLI,KIRLI,8,51
DANG,DANGS,KOSAMBIA,KOSAMBIA,1,57
DANG,DANGS,KOSIMDA,KOSIMDA,4,50
DANG,DANGS,KOSIMPATAL,KOSIMPATAL,8,97
DANG,DANGS,KOTAMDAR,KOTAMDAR,3,86
DANG,DANGS,KOTBA,KOTBA,15,252
DANG,DANGS,KOYLIPADA,KOYLIPADA,17,99
DANG,DANGS,KUDKAS,KUDKAS,19,148
DANG,DANGS,KUKADNAKHI,KUKADNAKHI,8,75
DANG,DANGS,KUMARBANDH,KUMARBANDH,8,95
DANG,DANGS,KUNDA,KUNDA,11,120
DANG,DANGS,KUSMAL,KUSMAL,10,176
DANG,DANGS,KUTARNACHIYA,KUTARNACHIYA,7,43
DANG,DANGS,LAHAN JHADADAR,LAHANJHADADAR,18,116
DANG,DANGS,LAHAN KASAD,LAHANKASAD,3,33
DANG,DANGS,LAHANCHARYA,LAHANCHARYA,33,195
DANG,DANGS,LAHANDABDAR,LAHANDABDAR,12,209
DANG,DANGS,LAHANDABHAS,LAHANDABHAS,7,149
DANG,DANGS,LAHANMALUNGA,LAHANMALUNGA,11,168
DANG,DANGS,LAVCHALI,LAVCHALI,12,44
DANG,DANGS,LINGA,LINGA,1,64
DANG,DANGS,MADALBARI,MADALBARI,16,55
DANG,DANGS,MAHAL,MAHAL,19,75
DANG,DANGS,MAHALPADA,MAHALPADA,18,81
DANG,DANGS,MAHARAYCHOND,MAHARAYCHOND,4,83
DANG,DANGS,MAHARDAR,MAHARDAR,6,66
DANG,DANGS,MALEGAON,MALEGAON,10,145
DANG,DANGS,MALGA,MALGA,33,151
DANG,DANGS,MALIN,MALIN,5,135
DANG,DANGS,MANMODI,MANMODI,20,88
DANG,DANGS,MASLI,MASLI,14,75
DANG,DANGS,MOGRA,MOGRA,30,115
DANG,DANGS,MOHPADA(GALKUNDSAJA),MOHPADAGALKUNDSAJA,11,135
DANG,DANGS,MORZIRA,MORZIRA,23,115
DANG,DANGS,MOTA MALUNGA,MOTAMALUNGA,9,172
DANG,DANGS,MOTACHARYA,MOTACHARYA,25,134
DANG,DANGS,MOTI DABDAR,MOTIDABDAR,16,165
DANG,DANGS,MOTI DABHAS,MOTIDABHAS,12,135
DANG,DANGS,MOTI JHADADAR,MOTIJHADADAR,1,33
DANG,DANGS,MOTI KASAD,MOTIKASAD,19,158
DANG,DANGS,MULCHOND,MULCHOND,14,204
DANG,DANGS,MURAMBI,MURAMBI,15,213
DANG,DANGS,NADAGKHADI,NADAGKHADI,37,179
DANG,DANGS,NADAKCHOND,NADAKCHOND,23,224
DANG,DANGS,NAKATIA HANWAT,NAKATIAHANWAT,20,71
DANG,DANGS,NANAPADA,NANAPADA,23,159
DANG,DANGS,NANDANPEDA,NANDANPEDA,20,79
DANG,DANGS,NILSAKIYA,NILSAKIYA,12,191
DANG,DANGS,NIMBARPADA,NIMBARPADA,26,133
DANG,DANGS,NIMPADA,NIMPADA,14,49
DANG,DANGS,NIRGUDMAL,NIRGUDMAL,8,87
DANG,DANGS,NISHANA,NISHANA,2,245
DANG,DANGS,PADALKHADI,PADALKHADI,10,140
DANG,DANGS,PALSAMAL,PALSAMAL,7,61
DANG,DANGS,PANDHARMAL,PANDHARMAL,3,51
DANG,DANGS,PANDHARPADA,PANDHARPADA,4,56
DANG,DANGS,PANDVA,PANDVA,18,104
DANG,DANGS,PATLI,PATLI,6,55
DANG,DANGS,PAYARPADA,PAYARPADA,15,201
DANG,DANGS,PIMPRI,PIMPRI,27,94
DANG,DANGS,PIPALAIDEVI,PIPALAIDEVI,17,108
DANG,DANGS,PIPALDAHAD,PIPALDAHAD,11,60
DANG,DANGS,PIPALGHODI,PIPALGHODI,17,116
DANG,DANGS,PIPALPADA,PIPALPADA,2,101
DANG,DANGS,PIPALPADA(GALKUNDSAJ,PIPALPADAGALKUNDSAJ,16,179
DANG,DANGS,PIPALYAMAL,PIPALYAMAL,7,92
DANG,DANGS,RAMBHAS,RAMBHAS,16,79
DANG,DANGS,RANPADA,RANPADA,9,179
DANG,DANGS,RAVCHOND,RAVCHOND,6,112
DANG,DANGS,SADADMAL,SADADMAL,12,148
DANG,DANGS,SADADVIHIR,SADADVIHIR,7,56
DANG,DANGS,SAJUPADA,SAJUPADA,15,76
DANG,DANGS,SAKARPATAL,SAKARPATAL,14,90
DANG,DANGS,SAMGAHAN,SAMGAHAN,11,147
DANG,DANGS,SAPUTARA,SAPUTARA,2,45
DANG,DANGS,SARWAR,SARWAR,34,118
DANG,DANGS,SATBABLA,SATBABLA,13,122
DANG,DANGS,SATI,SATI,9,104
DANG,DANGS,SAWARDA,SAWARDA,11,80
DANG,DANGS,SAWARDAKASAD,SAWARDAKASAD,3,22
DANG,DANGS,SAWARKHADI,SAWARKHADI,11,33
DANG,DANGS,SAWARPADA,SAWARPADA,10,63
DANG,DANGS,SENDRIAMBA,SENDRIAMBA,7,80
DANG,DANGS,SEPUAMBA,SEPUAMBA,5,38
DANG,DANGS,SHIVARIMAL,SHIVARIMAL,6,72
DANG,DANGS,SHIVBARA,SHIVBARA,8,36
DANG,DANGS,SILOTMAL,SILOTMAL,13,228
DANG,DANGS,SINBANDH,SINBANDH,12,51
DANG,DANGS,SINGANA,SINGANA,10,94
DANG,DANGS,SODMAL,SODMAL,25,136
DANG,DANGS,SONGIR,SONGIR,2,61
DANG,DANGS,SONUNIYA,SONUNIYA,17,208
DANG,DANGS,SUBIR,SUBIR,12,222
DANG,DANGS,SUKMAL,SUKMAL,19,199
DANG,DANGS,SUNDA,SUNDA,8,73
DANG,DANGS,SUPDAHAD,SUPDAHAD,18,156
DANG,DANGS,SUSARDA,SUSARDA,12,175
DANG,DANGS,TAKLIPADA(PIPLAIDEVI,TAKLIPADAPIPLAIDEVI,8,66
DANG,DANGS,TEKPADA,TEKPADA,22,128
DANG,DANGS,TEMBURGARTHA,TEMBURGARTHA,15,72
DANG,DANGS,THORPADA,THORPADA,18,81
DANG,DANGS,TIMBARTHAWA,TIMBARTHAWA,14,95
DANG,DANGS,UGA(LAVCHALI),UGALAVCHALI,14,158
DANG,DANGS,UGA(RAMBHASAJA),UGARAMBHASAJA,13,147
DANG,DANGS,UKHATIYA,UKHATIYA,7,114
DANG,DANGS,UMARYA,UMARYA,8,47
DANG,DANGS,UMBARPADA,UMBARPADA,19,78
DANG,DANGS,VADPADA,VADPADA,6,96
DANG,DANGS,VAGHAI,VAGHAI,14,132
DANG,DANGS,VANAR,VANAR,6,176
DANG,DANGS,VANZARGHODI,VANZARGHODI,8,82
DANG,DANGS,VANZAT AMBA,VANZATAMBA,5,63
DANG,DANGS,VIHIRAMBA,VIHIRAMBA,20,76
DANG,DANGS,WADIAWAN,WADIAWAN,37,218
DANG,DANGS,WAGHMAL,WAGHMAL,21,149
DANG,DANGS,WAHUTIYA,WAHUTIYA,4,78
DANG,DANGS,WAIDUN,WAIDUN,20,49
DANG,DANGS,WAKARYA,WAKARYA,13,97
DANG,DANGS,WANGAN,WANGAN,10,129
DANG,DANGS,WANKAN,WANKAN,3,21
DANG,DANGS,WANKI,WANKI,11,68
DANG,DANGS,WANZTTEMRUN,WANZTTEMRUN,13,39
DANG,DANGS,WASURNA,WASURNA,6,40
DANG,DANGS,WAWANDA,WAWANDA,14,159
DANG,DANGS,WNARCHOND,WNARCHOND,1,53
GANDHINAGAR,DEHGAM,AANTROLI,AANTROLI,17,148
GANDHINAGAR,DEHGAM,AHMEDPURA,AHMEDPURA,45,406
GANDHINAGAR,DEHGAM,AMRAJINA MUVADA,AMRAJINAMUVADA,107,1318
GANDHINAGAR,DEHGAM,ANGUTHALA,ANGUTHALA,30,365
GANDHINAGAR,DEHGAM,ANTOLI,ANTOLI,36,232
GANDHINAGAR,DEHGAM,ARJANJINA MUVADA,ARJANJINAMUVADA,20,394
GANDHINAGAR,DEHGAM,BABRA,BABRA,30,343
GANDHINAGAR,DEHGAM,BADPUR,BADPUR,31,149
GANDHINAGAR,DEHGAM,BAHIYAL,BAHIYAL,53,2359
GANDHINAGAR,DEHGAM,BARDOLI BARIYA,BARDOLIBARIYA,45,535
GANDHINAGAR,DEHGAM,BARDOLIKOTHI,BARDOLIKOTHI,19,372
GANDHINAGAR,DEHGAM,BARIYA,BARIYA,56,793
GANDHINAGAR,DEHGAM,BHADRODA,BHADRODA,24,275
GANDHINAGAR,DEHGAM,BILMANA,BILMANA,50,298
GANDHINAGAR,DEHGAM,CHAMLA,CHAMLA,12,411
GANDHINAGAR,DEHGAM,CHANDA/JESANA MUVADA,CHANDAJESANAMUVADA,23,174
GANDHINAGAR,DEHGAM,CHEKHLA PAGI,CHEKHLAPAGI,23,510
GANDHINAGAR,DEHGAM,CHISKARI,CHISKARI,50,1034
GANDHINAGAR,DEHGAM,DEMALIYA,DEMALIYA,8,1648
GANDHINAGAR,DEHGAM,DEVKARANNA MUVADA,DEVKARANNAMUVADA,123,925
GANDHINAGAR,DEHGAM,DHAMIJ,DHAMIJ,33,1341
GANDHINAGAR,DEHGAM,DHARISANA,DHARISANA,134,987
GANDHINAGAR,DEHGAM,DOD,DOD,4,100
GANDHINAGAR,DEHGAM,DUMECHA,DUMECHA,34,214
GANDHINAGAR,DEHGAM,HALISA,HALISA,35,994
GANDHINAGAR,DEHGAM,HARAKHJINA MUVADA,HARAKHJINAMUVADA,70,805
GANDHINAGAR,DEHGAM,HARSOLI,HARSOLI,21,841
GANDHINAGAR,DEHGAM,HATHIJAN,HATHIJAN,49,1014
GANDHINAGAR,DEHGAM,HILOL,HILOL,64,1562
GANDHINAGAR,DEHGAM,HILOL VASANA,HILOLVASANA,41,506
GANDHINAGAR,DEHGAM,ISANPUR DODIYA,ISANPURDODIYA,29,627
GANDHINAGAR,DEHGAM,JALIYA MATH,JALIYAMATH,46,200
GANDHINAGAR,DEHGAM,JALUNDRA MOTA,JALUNDRAMOTA,52,614
GANDHINAGAR,DEHGAM,JALUNDRA NANA,JALUNDRANANA,22,263
GANDHINAGAR,DEHGAM,JINDWA,JINDWA,53,2605
GANDHINAGAR,DEHGAM,JIVAJINI MUVADI,JIVAJINIMUVADI,5,75
GANDHINAGAR,DEHGAM,KADADARA,KADADARA,84,839
GANDHINAGAR,DEHGAM,KADJODRA,KADJODRA,126,3245
GANDHINAGAR,DEHGAM,KALYANJINA MUVADA,KALYANJINAMUVADA,23,284
GANDHINAGAR,DEHGAM,KAMALBANDH VASANA,KAMALBANDHVASANA,64,4357
GANDHINAGAR,DEHGAM,KANIPUR,KANIPUR,34,1174
GANDHINAGAR,DEHGAM,KANTHARPURA,KANTHARPURA,14,1617
GANDHINAGAR,DEHGAM,KAROLI,KAROLI,14,1352
GANDHINAGAR,DEHGAM,KHADIYA,KHADIYA,18,143
GANDHINAGAR,DEHGAM,KHAKHRA,KHAKHRA,10,145
GANDHINAGAR,DEHGAM,KHANPUR,KHANPUR,50,782
GANDHINAGAR,DEHGAM,KODRALI,KODRALI,10,257
GANDHINAGAR,DEHGAM,KRISHNANAGAR,KRISHNANAGAR,15,471
GANDHINAGAR,DEHGAM,LAWAD,LAWAD,22,1361
GANDHINAGAR,DEHGAM,LIHODA,LIHODA,66,1484
GANDHINAGAR,DEHGAM,MACHHANG MOTI,MACHHANGMOTI,27,177
GANDHINAGAR,DEHGAM,MACHHANG NANI,MACHHANGNANI,7,80
GANDHINAGAR,DEHGAM,MAHUDIYA,MAHUDIYA,12,77
GANDHINAGAR,DEHGAM,MEGHRAJNA MUVADA,MEGHRAJNAMUVADA,9,46
GANDHINAGAR,DEHGAM,MIRAPUR,MIRAPUR,17,521
GANDHINAGAR,DEHGAM,MIRZAPUR,MIRZAPUR,14,55
GANDHINAGAR,DEHGAM,MITHANA MUVADA,MITHANAMUVADA,25,173
GANDHINAGAR,DEHGAM,MORALI MOTI,MORALIMOTI,26,223
GANDHINAGAR,DEHGAM,MOSAMPUR,MOSAMPUR,14,63
GANDHINAGAR,DEHGAM,MOTI PAVTHI,MOTIPAVTHI,22,167
GANDHINAGAR,DEHGAM,MOTIPURA,MOTIPURA,12,121
GANDHINAGAR,DEHGAM,NAJUPURA,NAJUPURA,16,107
GANDHINAGAR,DEHGAM,NANDOL,NANDOL,80,1065
GANDHINAGAR,DEHGAM,NAVANAGAR,NAVANAGAR,29,607
GANDHINAGAR,DEHGAM,OTAMPURA,OTAMPURA,10,109
GANDHINAGAR,DEHGAM,PAHADIYA,PAHADIYA,2,8
GANDHINAGAR,DEHGAM,PALAIYA,PALAIYA,46,282
GANDHINAGAR,DEHGAM,PALLANA MATH,PALLANAMATH,8,206
GANDHINAGAR,DEHGAM,PALUNDRA,PALUNDRA,59,1584
GANDHINAGAR,DEHGAM,PASUNIYA,PASUNIYA,10,616
GANDHINAGAR,DEHGAM,PATNA KUVA,PATNAKUVA,41,515
GANDHINAGAR,DEHGAM,PIPLAJ,PIPLAJ,45,505
GANDHINAGAR,DEHGAM,RAKHIYAL,RAKHIYAL,69,1039
GANDHINAGAR,DEHGAM,RAMNAGAR,RAMNAGAR,3,115
GANDHINAGAR,DEHGAM,SAGADALPUR,SAGADALPUR,38,249
GANDHINAGAR,DEHGAM,SAHEBJINA MUVADA,SAHEBJINAMUVADA,16,92
GANDHINAGAR,DEHGAM,SALAKI,SALAKI,18,368
GANDHINAGAR,DEHGAM,SAMBELA,SAMBELA,9,71
GANDHINAGAR,DEHGAM,SAMETRI,SAMETRI,30,821
GANDHINAGAR,DEHGAM,SANODA,SANODA,13,716
GANDHINAGAR,DEHGAM,SANPA,SANPA,131,862
GANDHINAGAR,DEHGAM,SHIYAPURA,SHIYAPURA,6,70
GANDHINAGAR,DEHGAM,SHIYAWADA,SHIYAWADA,20,799
GANDHINAGAR,DEHGAM,SUJANA MUVADA,SUJANAMUVADA,38,142
GANDHINAGAR,DEHGAM,THADAKUVA,THADAKUVA,6,52
GANDHINAGAR,DEHGAM,UDAN,UDAN,55,623
GANDHINAGAR,DEHGAM,VADOD,VADOD,17,161
GANDHINAGAR,DEHGAM,VADVASA,VADVASA,50,718
GANDHINAGAR,DEHGAM,VARDHANA MUVADA,VARDHANAMUVADA,26,210
GANDHINAGAR,DEHGAM,VASANA CHAUDHARI,VASANACHAUDHARI,59,770
GANDHINAGAR,DEHGAM,VASANA RATHOD,VASANARATHOD,5,794
GANDHINAGAR,DEHGAM,VASANA SOGTHI,VASANASOGTHI,61,556
GANDHINAGAR,DEHGAM,VATVA,VATVA,11,471
GANDHINAGAR,DEHGAM,VELPURA,VELPURA,22,69
GANDHINAGAR,DEHGAM,ZANK,ZANK,36,339
GANDHINAGAR,GANDHINAGAR,ADRAJ MOTI,ADRAJMOTI,122,3371
GANDHINAGAR,GANDHINAGAR,ALAMPUR,ALAMPUR,43,432
GANDHINAGAR,GANDHINAGAR,AMBAPUR,AMBAPUR,52,690
GANDHINAGAR,GANDHINAGAR,BASAN,BASAN,11,277
GANDHINAGAR,GANDHINAGAR,BHOYAN RATHOD,BHOYANRATHOD,63,749
GANDHINAGAR,GANDHINAGAR,BHUNDIYA,BHUNDIYA,11,183
GANDHINAGAR,GANDHINAGAR,CHANDRALA,CHANDRALA,18,900
GANDHINAGAR,GANDHINAGAR,CHEKHALARANI,CHEKHALARANI,6,171
GANDHINAGAR,GANDHINAGAR,CHHALA,CHHALA,128,3355
GANDHINAGAR,GANDHINAGAR,DABHODA,DABHODA,72,2380
GANDHINAGAR,GANDHINAGAR,DANTALI,DANTALI,14,684
GANDHINAGAR,GANDHINAGAR,DASHELA,DASHELA,63,1007
GANDHINAGAR,GANDHINAGAR,DHANAP,DHANAP,58,634
GANDHINAGAR,GANDHINAGAR,DOLARANA VASANA,DOLARANAVASANA,12,733
GANDHINAGAR,GANDHINAGAR,GALUDAN,GALUDAN,61,660
GANDHINAGAR,GANDHINAGAR,GIYOD,GIYOD,19,792
GANDHINAGAR,GANDHINAGAR,ISANPUR MOTA,ISANPURMOTA,64,1628
GANDHINAGAR,GANDHINAGAR,JAKHORA,JAKHORA,3,452
GANDHINAGAR,GANDHINAGAR,JALUND,JALUND,13,661
GANDHINAGAR,GANDHINAGAR,JAMIYATPUR,JAMIYATPUR,46,441
GANDHINAGAR,GANDHINAGAR,KARAI,KARAI,15,175
GANDHINAGAR,GANDHINAGAR,KUDASAN,KUDASAN,27,752
GANDHINAGAR,GANDHINAGAR,LAVARPUR,LAVARPUR,35,553
GANDHINAGAR,GANDHINAGAR,LEKAWADA,LEKAWADA,33,379
GANDHINAGAR,GANDHINAGAR,LIMBADIA,LIMBADIA,10,163
GANDHINAGAR,GANDHINAGAR,MADHAVGADH,MADHAVGADH,15,501
GANDHINAGAR,GANDHINAGAR,MAGODI,MAGODI,49,1183
GANDHINAGAR,GANDHINAGAR,MAHUNDRA,MAHUNDRA,12,746
GANDHINAGAR,GANDHINAGAR,MEDRA,MEDRA,18,298
GANDHINAGAR,GANDHINAGAR,PALAJ,PALAJ,5,910
GANDHINAGAR,GANDHINAGAR,PINDHARADA,PINDHARADA,46,3497
GANDHINAGAR,GANDHINAGAR,PIPLAJ,PIPLAJ,72,1046
GANDHINAGAR,GANDHINAGAR,PIROJPUR,PIROJPUR,43,338
GANDHINAGAR,GANDHINAGAR,POR,POR,30,714
GANDHINAGAR,GANDHINAGAR,PRANTIYA,PRANTIYA,27,452
GANDHINAGAR,GANDHINAGAR,PUNDARASAN,PUNDARASAN,19,441
GANDHINAGAR,GANDHINAGAR,RAIPUR,RAIPUR,50,797
GANDHINAGAR,GANDHINAGAR,RAJPUR,RAJPUR,2,82
GANDHINAGAR,GANDHINAGAR,RANASAN,RANASAN,16,153
GANDHINAGAR,GANDHINAGAR,RANDESAN,RANDESAN,33,291
GANDHINAGAR,GANDHINAGAR,RANDHEJA,RANDHEJA,74,1940
GANDHINAGAR,GANDHINAGAR,RATANPUR,RATANPUR,12,267
GANDHINAGAR,GANDHINAGAR,RUPAL,RUPAL,91,2394
GANDHINAGAR,GANDHINAGAR,SADRA,SADRA,50,823
GANDHINAGAR,GANDHINAGAR,SARDHAV,SARDHAV,84,1857
GANDHINAGAR,GANDHINAGAR,SHAHPUR,SHAHPUR,24,526
GANDHINAGAR,GANDHINAGAR,SHIHOLI MOTI,SHIHOLIMOTI,61,726
GANDHINAGAR,GANDHINAGAR,SONARDA,SONARDA,39,556
GANDHINAGAR,GANDHINAGAR,SONIPUR,SONIPUR,2,328
GANDHINAGAR,GANDHINAGAR,TARAPUR,TARAPUR,12,264
GANDHINAGAR,GANDHINAGAR,TITODA,TITODA,92,962
GANDHINAGAR,GANDHINAGAR,UNAVA,UNAVA,106,2007
GANDHINAGAR,GANDHINAGAR,UNVARSAD,UNVARSAD,127,1390
GANDHINAGAR,GANDHINAGAR,VADODARA,VADODARA,49,1227
GANDHINAGAR,GANDHINAGAR,VALAD,VALAD,82,886
GANDHINAGAR,GANDHINAGAR,VANKANERDA,VANKANERDA,26,337
GANDHINAGAR,GANDHINAGAR,VASAN,VASAN,38,1010
GANDHINAGAR,GANDHINAGAR,VASANA HADMATIA,VASANAHADMATIA,1,36
GANDHINAGAR,GANDHINAGAR,VIRA TALAVDI,VIRATALAVDI,13,182
GANDHINAGAR,GANDHINAGAR,ZUNDAL,ZUNDAL,15,522
GANDHINAGAR,KALOL,AAMJA,AAMJA,8,381
GANDHINAGAR,KALOL,ADHANA,ADHANA,16,486
GANDHINAGAR,KALOL,ALUVA,ALUVA,23,598
GANDHINAGAR,KALOL,ARASODIYA,ARASODIYA,8,415
GANDHINAGAR,KALOL,BALVA,BALVA,36,1250
GANDHINAGAR,KALOL,BHADOL,BHADOL,39,434
GANDHINAGAR,KALOL,BHAUPURA,BHAUPURA,5,168
GANDHINAGAR,KALOL,BHIMASAN,BHIMASAN,17,151
GANDHINAGAR,KALOL,BHOYAN MOTI,BHOYANMOTI,8,2000
GANDHINAGAR,KALOL,BILESWARPURA,BILESWARPURA,7,251
GANDHINAGAR,KALOL,BORISANA,BORISANA,81,1008
GANDHINAGAR,KALOL,CHANDISANA,CHANDISANA,4,349
GANDHINAGAR,KALOL,CHHTRAL,CHHTRAL,145,2314
GANDHINAGAR,KALOL,DANTALI,DANTALI,9,264
GANDHINAGAR,KALOL,DHAMASANA,DHAMASANA,88,1354
GANDHINAGAR,KALOL,DHANAJ,DHANAJ,20,602
GANDHINAGAR,KALOL,DHANOT,DHANOT,6,323
GANDHINAGAR,KALOL,DHENDHU,DHENDHU,5,270
GANDHINAGAR,KALOL,DINGUCHA,DINGUCHA,50,4991
GANDHINAGAR,KALOL,GANPATPURA,GANPATPURA,11,249
GANDHINAGAR,KALOL,GOLTHARA,GOLTHARA,15,1249
GANDHINAGAR,KALOL,HAJIPUR,HAJIPUR,100,2073
GANDHINAGAR,KALOL,ISAND,ISAND,47,999
GANDHINAGAR,KALOL,ITLA,ITLA,16,336
GANDHINAGAR,KALOL,JAMLA,JAMLA,27,764
GANDHINAGAR,KALOL,JASPUR,JASPUR,111,890
GANDHINAGAR,KALOL,JETHLAJ,JETHLAJ,60,629
GANDHINAGAR,KALOL,KANTHA,KANTHA,60,694
GANDHINAGAR,KALOL,KAROLI,KAROLI,12,402
GANDHINAGAR,KALOL,KHATRAJ,KHATRAJ,36,2039
GANDHINAGAR,KALOL,KHORAJDABHI,KHORAJDABHI,18,941
GANDHINAGAR,KALOL,LIMBODARA,LIMBODARA,10,856
GANDHINAGAR,KALOL,MOKHASAN,MOKHASAN,26,778
GANDHINAGAR,KALOL,MUBARAKPURA,MUBARAKPURA,12,158
GANDHINAGAR,KALOL,MULSANA,MULSANA,38,721
GANDHINAGAR,KALOL,NADARI,NADARI,26,303
GANDHINAGAR,KALOL,NANDOLI,NANDOLI,14,270
GANDHINAGAR,KALOL,NARDIPUR,NARDIPUR,144,2216
GANDHINAGAR,KALOL,NASMED,NASMED,78,721
GANDHINAGAR,KALOL,NAVA,NAVA,14,243
GANDHINAGAR,KALOL,OLA,OLA,42,526
GANDHINAGAR,KALOL,PALIYAD,PALIYAD,102,3004
GANDHINAGAR,KALOL,PALODIYA,PALODIYA,12,393
GANDHINAGAR,KALOL,PALSANA,PALSANA,3,1997
GANDHINAGAR,KALOL,PANSAR,PANSAR,10,1061
GANDHINAGAR,KALOL,PIYAJ,PIYAJ,32,717
GANDHINAGAR,KALOL,PRATAPPURA,PRATAPPURA,5,237
GANDHINAGAR,KALOL,RAKANPUR,RAKANPUR,18,909
GANDHINAGAR,KALOL,RAMNAGAR,RAMNAGAR,5,472
GANDHINAGAR,KALOL,RANCHHODAPURA,RANCHHODAPURA,15,212
GANDHINAGAR,KALOL,RANCHRDA,RANCHRDA,47,1561
GANDHINAGAR,KALOL,SABASPUR,SABASPUR,24,433
GANDHINAGAR,KALOL,SAIJ,SAIJ,91,2150
GANDHINAGAR,KALOL,SANAVAD,SANAVAD,35,274
GANDHINAGAR,KALOL,SANTEJ,SANTEJ,131,2355
GANDHINAGAR,KALOL,SHERISA,SHERISA,49,1261
GANDHINAGAR,KALOL,SOBHASAN,SOBHASAN,23,632
GANDHINAGAR,KALOL,SOJA,SOJA,66,2038
GANDHINAGAR,KALOL,UNALI,UNALI,36,379
GANDHINAGAR,KALOL,USAMANABAD,USAMANABAD,20,170
GANDHINAGAR,KALOL,VADAVSWAMI,VADAVSWAMI,12,363
GANDHINAGAR,KALOL,VADSAR,VADSAR,114,1642
GANDHINAGAR,KALOL,VAGOSANA,VAGOSANA,6,292
GANDHINAGAR,KALOL,VANSJADA (DHE.),VANSJADADHE,38,242
GANDHINAGAR,KALOL,VANSJADA (K),VANSJADAK,45,687
GANDHINAGAR,KALOL,VAYANA,VAYANA,16,789
GANDHINAGAR,KALOL,VEDA,VEDA,63,1892
GANDHINAGAR,MANSA,AAJOL,AAJOL,61,1008
GANDHINAGAR,MANSA,AMARPURA (KH),AMARPURAKH,4,1303
GANDHINAGAR,MANSA,AMBOD,AMBOD,41,489
GANDHINAGAR,MANSA,AMRAPUR,AMRAPUR,17,237
GANDHINAGAR,MANSA,ANODIYA,ANODIYA,50,1030
GANDHINAGAR,MANSA,BADPURA,BADPURA,13,746
GANDHINAGAR,MANSA,BAPUPURA,BAPUPURA,23,705
GANDHINAGAR,MANSA,BHIMPURA(M),BHIMPURAM,2,190
GANDHINAGAR,MANSA,BILODRA,BILODRA,21,1314
GANDHINAGAR,MANSA,BORU,BORU,80,679
GANDHINAGAR,MANSA,CHADASNA,CHADASNA,27,354
GANDHINAGAR,MANSA,CHARADA,CHARADA,79,2069
GANDHINAGAR,MANSA,DELVAD,DELVAD,16,525
GANDHINAGAR,MANSA,DELVADA,DELVADA,13,837
GANDHINAGAR,MANSA,DHAMEDA,DHAMEDA,18,691
GANDHINAGAR,MANSA,DHOLAKUVA,DHOLAKUVA,37,855
GANDHINAGAR,MANSA,FATEPURA (M),FATEPURAM,8,292
GANDHINAGAR,MANSA,GALTHARA,GALTHARA,4,500
GANDHINAGAR,MANSA,GULABPURA,GULABPURA,12,222
GANDHINAGAR,MANSA,GUNMA,GUNMA,5,114
GANDHINAGAR,MANSA,HARNA HODA,HARNAHODA,17,681
GANDHINAGAR,MANSA,INDRAPURA,INDRAPURA,13,632
GANDHINAGAR,MANSA,ITADRA,ITADRA,23,890
GANDHINAGAR,MANSA,KHADAT,KHADAT,44,416
GANDHINAGAR,MANSA,KHARNA,KHARNA,52,782
GANDHINAGAR,MANSA,KHATA AAMBA,KHATAAAMBA,17,314
GANDHINAGAR,MANSA,KUNVADARA,KUNVADARA,34,465
GANDHINAGAR,MANSA,LODRA,LODRA,99,1461
GANDHINAGAR,MANSA,MAHUDI,MAHUDI,83,933
GANDHINAGAR,MANSA,MANDALI (V),MANDALIV,52,666
GANDHINAGAR,MANSA,MANEKPURA (MAKAKHAD),MANEKPURAMAKAKHAD,40,2243
GANDHINAGAR,MANSA,PADUSMA,PADUSMA,22,405
GANDHINAGAR,MANSA,PALDI (RATHOD),PALDIRATHOD,5,194
GANDHINAGAR,MANSA,PALDI (VYAS),PALDIVYAS,13,367
GANDHINAGAR,MANSA,PARBATPURA,PARBATPURA,67,702
GANDHINAGAR,MANSA,PARSA,PARSA,51,505
GANDHINAGAR,MANSA,PATANPURA,PATANPURA,11,454
GANDHINAGAR,MANSA,PUNDHARA,PUNDHARA,16,1030
GANDHINAGAR,MANSA,RAJPURA (M),RAJPURAM,8,194
GANDHINAGAR,MANSA,RAMPURA (M),RAMPURAM,14,379
GANDHINAGAR,MANSA,RANGPUR,RANGPUR,12,76
GANDHINAGAR,MANSA,RIDROL,RIDROL,4,1073
GANDHINAGAR,MANSA,SAMAU,SAMAU,47,1663
GANDHINAGAR,MANSA,SOLAIYA,SOLAIYA,24,806
GANDHINAGAR,MANSA,VARSODA,VARSODA,4,2421
GANDHINAGAR,MANSA,VEDA (MOTIPURA),VEDAMOTIPURA,51,1082
GANDHINAGAR,MANSA,VIHAR,VIHAR,42,713
JAMNAGAR,BHANVAD,AMBALIYARA,AMBALIYARA,3,123
JAMNAGAR,BHANVAD,AMBARDI,AMBARDI,4,201
JAMNAGAR,BHANVAD,BHANGOR,BHANGOR,18,587
JAMNAGAR,BHANVAD,BHANVAD,BHANVAD,2,858
JAMNAGAR,BHANVAD,BHARATPUR,BHARATPUR,20,208
JAMNAGAR,BHANVAD,BHAVANESHVAR,BHAVANESHVAR,12,141
JAMNAGAR,BHANVAD,BHENAKVAD,BHENAKVAD,14,149
JAMNAGAR,BHANVAD,BHORIYA,BHORIYA,2,100
JAMNAGAR,BHANVAD,BODKI,BODKI,1,92
JAMNAGAR,BHANVAD,CHANDVAD,CHANDVAD,3,114
JAMNAGAR,BHANVAD,CHOKHANDA,CHOKHANDA,3,802
JAMNAGAR,BHANVAD,DHARAGAR,DHARAGAR,8,1017
JAMNAGAR,BHANVAD,DHEBAR,DHEBAR,12,232
JAMNAGAR,BHANVAD,DUDHALA,DUDHALA,2,86
JAMNAGAR,BHANVAD,FATEPUR,FATEPUR,4,178
JAMNAGAR,BHANVAD,FOTDI,FOTDI,1,154
JAMNAGAR,BHANVAD,GADU,GADU,3,225
JAMNAGAR,BHANVAD,GHUMLI,GHUMLI,4,57
JAMNAGAR,BHANVAD,GUNDA,GUNDA,6,1936
JAMNAGAR,BHANVAD,GUNDLA,GUNDLA,6,170
JAMNAGAR,BHANVAD,HATHLA,HATHLA,3,421
JAMNAGAR,BHANVAD,JAMBUSAR,JAMBUSAR,3,138
JAMNAGAR,BHANVAD,JAMPAR,JAMPAR,6,294
JAMNAGAR,BHANVAD,JASAPAR,JASAPAR,3,349
JAMNAGAR,BHANVAD,JHARERA,JHARERA,2,226
JAMNAGAR,BHANVAD,KABARKA,KABARKA,3,630
JAMNAGAR,BHANVAD,KALYANPAR,KALYANPAR,6,281
JAMNAGAR,BHANVAD,KANTOLIYA,KANTOLIYA,3,164
JAMNAGAR,BHANVAD,KATKOLA,KATKOLA,15,483
JAMNAGAR,BHANVAD,KRUSHNAGADH,KRUSHNAGADH,4,214
JAMNAGAR,BHANVAD,MEVASA,MEVASA,9,262
JAMNAGAR,BHANVAD,MODPAR,MODPAR,13,1791
JAMNAGAR,BHANVAD,MOKHANA,MOKHANA,3,59
JAMNAGAR,BHANVAD,MORJHAR,MORJHAR,7,558
JAMNAGAR,BHANVAD,MOTA KALAVAD,MOTAKALAVAD,6,372
JAMNAGAR,BHANVAD,NAVAGAM,NAVAGAM,5,3907
JAMNAGAR,BHANVAD,PACHHATAR,PACHHATAR,4,1129
JAMNAGAR,BHANVAD,PACHHATARDI,PACHHATARDI,3,81
JAMNAGAR,BHANVAD,RANPAR,RANPAR,7,1151
JAMNAGAR,BHANVAD,RANPARDA,RANPARDA,1,52
JAMNAGAR,BHANVAD,RENTA KALAVAD,RENTAKALAVAD,4,405
JAMNAGAR,BHANVAD,ROJHDA,ROJHDA,4,240
JAMNAGAR,BHANVAD,ROJHIVADA,ROJHIVADA,7,202
JAMNAGAR,BHANVAD,RUPAMORA,RUPAMORA,4,319
JAMNAGAR,BHANVAD,SAI DEVALIYA,SAIDEVALIYA,3,460
JAMNAGAR,BHANVAD,SAJADIYALI,SAJADIYALI,4,236
JAMNAGAR,BHANVAD,SANAKHALA,SANAKHALA,3,416
JAMNAGAR,BHANVAD,SEVAK DEVALIYA,SEVAKDEVALIYA,2,174
JAMNAGAR,BHANVAD,SHEDHAKHAI,SHEDHAKHAI,3,205
JAMNAGAR,BHANVAD,SHIVA,SHIVA,3,307
JAMNAGAR,BHANVAD,TIMBDI,TIMBDI,9,186
JAMNAGAR,BHANVAD,VANAVAD,VANAVAD,13,359
JAMNAGAR,BHANVAD,VERAD,VERAD,21,837
JAMNAGAR,DHROL,BHENSDAD,BHENSDAD,43,665
JAMNAGAR,DHROL,BIJALKA,BIJALKA,22,89
JAMNAGAR,DHROL,CHHALLA,CHHALLA,1,66
JAMNAGAR,DHROL,DANGRA,DANGRA,11,170
JAMNAGAR,DHROL,DEDAKDAD,DEDAKDAD,12,317
JAMNAGAR,DHROL,DHARAMPUR,DHARAMPUR,2,66
JAMNAGAR,DHROL,GADHADA,GADHADA,5,433
JAMNAGAR,DHROL,GOLITA,GOLITA,10,204
JAMNAGAR,DHROL,HADATODA,HADATODA,25,614
JAMNAGAR,DHROL,HAJAMCHORA,HAJAMCHORA,23,254
JAMNAGAR,DHROL,HAMAPAR,HAMAPAR,9,318
JAMNAGAR,DHROL,HARIPAR,HARIPAR,16,270
JAMNAGAR,DHROL,JABIDA,JABIDA,3,227
JAMNAGAR,DHROL,JALIYA(MANSAR),JALIYAMANSAR,44,170
JAMNAGAR,DHROL,JAYVA,JAYVA,21,560
JAMNAGAR,DHROL,KATDA,KATDA,5,142
JAMNAGAR,DHROL,KHAKHRA,KHAKHRA,19,3038
JAMNAGAR,DHROL,KHARVA,KHARVA,24,1898
JAMNAGAR,DHROL,KHENGARKA,KHENGARKA,11,179
JAMNAGAR,DHROL,KHIJADIYA,KHIJADIYA,38,109
JAMNAGAR,DHROL,LAIYALA,LAIYALA,44,354
JAMNAGAR,DHROL,LATIPUR,LATIPUR,62,1757
JAMNAGAR,DHROL,MAJOTH,MAJOTH,16,2295
JAMNAGAR,DHROL,MANEKPAR,MANEKPAR,13,353
JAMNAGAR,DHROL,MAVAPAR,MAVAPAR,8,155
JAMNAGAR,DHROL,MODPAR,MODPAR,13,194
JAMNAGAR,DHROL,MOTA GAREDIYA,MOTAGAREDIYA,4,191
JAMNAGAR,DHROL,MOTA ITALA,MOTAITALA,17,307
JAMNAGAR,DHROL,MOTA VAGUDAD,MOTAVAGUDAD,4,536
JAMNAGAR,DHROL,NANA GAREDIYA,NANAGAREDIYA,4,198
JAMNAGAR,DHROL,NANA VAGUDAD,NANAVAGUDAD,26,162
JAMNAGAR,DHROL,NATHUVADLA,NATHUVADLA,57,180
JAMNAGAR,DHROL,PIPARTODA,PIPARTODA,7,54
JAMNAGAR,DHROL,RAJPAR,RAJPAR,12,378
JAMNAGAR,DHROL,ROZIYA,ROZIYA,10,306
JAMNAGAR,DHROL,SAGALIYA,SAGALIYA,9,99
JAMNAGAR,DHROL,SANOSARA,SANOSARA,3,311
JAMNAGAR,DHROL,SOYAL,SOYAL,28,390
JAMNAGAR,DHROL,SUDHADHUNA,SUDHADHUNA,12,116
JAMNAGAR,DHROL,SUMRA,SUMRA,15,185
JAMNAGAR,DHROL,VANKIYA,VANKIYA,17,557
JAMNAGAR,DWARKA(OKHAMANDAL),ANIARI,ANIARI,9,195
JAMNAGAR,DWARKA(OKHAMANDAL),BARADIA,BARADIA,48,455
JAMNAGAR,DWARKA(OKHAMANDAL),BATISA,BATISA,5,213
JAMNAGAR,DWARKA(OKHAMANDAL),BET,BET,24,595
JAMNAGAR,DWARKA(OKHAMANDAL),BHIMRANA,BHIMRANA,8,814
JAMNAGAR,DWARKA(OKHAMANDAL),CHARAKLA,CHARAKLA,15,295
JAMNAGAR,DWARKA(OKHAMANDAL),DHINKI,DHINKI,24,559
JAMNAGAR,DWARKA(OKHAMANDAL),DHRASAN VEL,DHRASANVEL,49,405
JAMNAGAR,DWARKA(OKHAMANDAL),GHADHECHI,GHADHECHI,10,344
JAMNAGAR,DWARKA(OKHAMANDAL),GORINJA,GORINJA,15,390
JAMNAGAR,DWARKA(OKHAMANDAL),GORIYALI,GORIYALI,30,564
JAMNAGAR,DWARKA(OKHAMANDAL),HAMUSAR,HAMUSAR,9,203
JAMNAGAR,DWARKA(OKHAMANDAL),JUNI DHREVAD,JUNIDHREVAD,21,206
JAMNAGAR,DWARKA(OKHAMANDAL),KALYANPUR,KALYANPUR,55,308
JAMNAGAR,DWARKA(OKHAMANDAL),KHATUMBA,KHATUMBA,19,394
JAMNAGAR,DWARKA(OKHAMANDAL),KORADA,KORADA,34,315
JAMNAGAR,DWARKA(OKHAMANDAL),KURANGA,KURANGA,81,520
JAMNAGAR,DWARKA(OKHAMANDAL),LOVRALI,LOVRALI,17,186
JAMNAGAR,DWARKA(OKHAMANDAL),MAKANPUR,MAKANPUR,12,228
JAMNAGAR,DWARKA(OKHAMANDAL),MERIPUR,MERIPUR,1,163
JAMNAGAR,DWARKA(OKHAMANDAL),MEVASA,MEVASA,7,106
JAMNAGAR,DWARKA(OKHAMANDAL),MOJAP,MOJAP,21,768
JAMNAGAR,DWARKA(OKHAMANDAL),MOTA BHAVDA,MOTABHAVDA,13,485
JAMNAGAR,DWARKA(OKHAMANDAL),MULVASAR,MULVASAR,58,1039
JAMNAGAR,DWARKA(OKHAMANDAL),MULVEL,MULVEL,17,356
JAMNAGAR,DWARKA(OKHAMANDAL),NAGESHVAR,NAGESHVAR,34,833
JAMNAGAR,DWARKA(OKHAMANDAL),NANA BHAVDA,NANABHAVDA,22,285
JAMNAGAR,DWARKA(OKHAMANDAL),NAVI DHREVAD,NAVIDHREVAD,16,116
JAMNAGAR,DWARKA(OKHAMANDAL),OKHAMADHI,OKHAMADHI,40,136
JAMNAGAR,DWARKA(OKHAMANDAL),PADLI,PADLI,36,296
JAMNAGAR,DWARKA(OKHAMANDAL),POSITRA,POSITRA,37,507
JAMNAGAR,DWARKA(OKHAMANDAL),RAJPARA,RAJPARA,52,293
JAMNAGAR,DWARKA(OKHAMANDAL),RANGASAR,RANGASAR,15,123
JAMNAGAR,DWARKA(OKHAMANDAL),SHAMLASAR,SHAMLASAR,27,359
JAMNAGAR,DWARKA(OKHAMANDAL),SHIVRAJPUR,SHIVRAJPUR,13,157
JAMNAGAR,DWARKA(OKHAMANDAL),TOBAR,TOBAR,18,193
JAMNAGAR,DWARKA(OKHAMANDAL),TUPANI,TUPANI,27,348
JAMNAGAR,DWARKA(OKHAMANDAL),VACHHU,VACHHU,14,560
JAMNAGAR,DWARKA(OKHAMANDAL),VARAVALA,VARAVALA,94,883
JAMNAGAR,DWARKA(OKHAMANDAL),VASAI,VASAI,2,2402
JAMNAGAR,JAMJODHPUR,AMBARDI BHUPAT,AMBARDIBHUPAT,11,1970
JAMNAGAR,JAMJODHPUR,AMBARDI DERI,AMBARDIDERI,3,122
JAMNAGAR,JAMJODHPUR,AMBARDI JAM,AMBARDIJAM,13,200
JAMNAGAR,JAMJODHPUR,AMBARDI MEGHPAR,AMBARDIMEGHPAR,11,77
JAMNAGAR,JAMJODHPUR,AMBARDI MEVASA,AMBARDIMEVASA,10,79
JAMNAGAR,JAMJODHPUR,AMRAPAR,AMRAPAR,22,750
JAMNAGAR,JAMJODHPUR,BAGDHARA,BAGDHARA,9,460
JAMNAGAR,JAMJODHPUR,BALVA,BALVA,48,560
JAMNAGAR,JAMJODHPUR,BAMATHIYA,BAMATHIYA,4,91
JAMNAGAR,JAMJODHPUR,BAVDIDAD,BAVDIDAD,11,461
JAMNAGAR,JAMJODHPUR,BHARAD MOTI,BHARADMOTI,7,185
JAMNAGAR,JAMJODHPUR,BHARDKI,BHARDKI,6,182
JAMNAGAR,JAMJODHPUR,BHOJABEDI,BHOJABEDI,7,239
JAMNAGAR,JAMJODHPUR,BUTAVADAR,BUTAVADAR,35,791
JAMNAGAR,JAMJODHPUR,CHIRODA MULUJI,CHIRODAMULUJI,8,256
JAMNAGAR,JAMJODHPUR,CHIRODA SANG,CHIRODASANG,5,150
JAMNAGAR,JAMJODHPUR,CHUR,CHUR,13,2144
JAMNAGAR,JAMJODHPUR,DAL DEVALIYA,DALDEVALIYA,35,230
JAMNAGAR,JAMJODHPUR,DHRAFA,DHRAFA,44,1536
JAMNAGAR,JAMJODHPUR,GADHAKDA,GADHAKDA,9,74
JAMNAGAR,JAMJODHPUR,GHELDA,GHELDA,11,120
JAMNAGAR,JAMJODHPUR,GHUNADA,GHUNADA,8,191
JAMNAGAR,JAMJODHPUR,GINGNI,GINGNI,11,407
JAMNAGAR,JAMJODHPUR,GORKHADI,GORKHADI,11,288
JAMNAGAR,JAMJODHPUR,HOTHIJI KHADBA,HOTHIJIKHADBA,32,283
JAMNAGAR,JAMJODHPUR,ISHAVARIYA,ISHAVARIYA,31,396
JAMNAGAR,JAMJODHPUR,JAM SAKHPUR,JAMSAKHPUR,7,344
JAMNAGAR,JAMJODHPUR,JAMVALI,JAMVALI,76,950
JAMNAGAR,JAMJODHPUR,JASAPAR,JASAPAR,8,271
JAMNAGAR,JAMJODHPUR,KADBAL,KADBAL,12,258
JAMNAGAR,JAMJODHPUR,KALYANPUR,KALYANPUR,7,289
JAMNAGAR,JAMJODHPUR,KARSANPAR,KARSANPAR,23,165
JAMNAGAR,JAMJODHPUR,KOTDA BAVESI,KOTDABAVESI,22,264
JAMNAGAR,JAMJODHPUR,KOTHA VIRDI,KOTHAVIRDI,5,50
JAMNAGAR,JAMJODHPUR,LALOI,LALOI,15,144
JAMNAGAR,JAMJODHPUR,LUVARSAR,LUVARSAR,8,133
JAMNAGAR,JAMJODHPUR,MAHIKI,MAHIKI,11,165
JAMNAGAR,JAMJODHPUR,MALVADA,MALVADA,12,82
JAMNAGAR,JAMJODHPUR,MANDASAN,MANDASAN,18,837
JAMNAGAR,JAMJODHPUR,MEGHPAR,MEGHPAR,10,130
JAMNAGAR,JAMJODHPUR,MELAN,MELAN,3,151
JAMNAGAR,JAMJODHPUR,METHAN,METHAN,13,288
JAMNAGAR,JAMJODHPUR,MOTA VADIYA,MOTAVADIYA,8,417
JAMNAGAR,JAMJODHPUR,MOTI GOP,MOTIGOP,23,547
JAMNAGAR,JAMJODHPUR,NALIYERO,NALIYERO,3,13
JAMNAGAR,JAMJODHPUR,NANDANA,NANDANA,14,272
JAMNAGAR,JAMJODHPUR,NARMANA,NARMANA,76,522
JAMNAGAR,JAMJODHPUR,PARADVA,PARADVA,24,287
JAMNAGAR,JAMJODHPUR,PATAN,PATAN,26,1145
JAMNAGAR,JAMJODHPUR,RABARIKA,RABARIKA,12,182
JAMNAGAR,JAMJODHPUR,SADODAR,SADODAR,24,645
JAMNAGAR,JAMJODHPUR,SAMANA,SAMANA,27,396
JAMNAGAR,JAMJODHPUR,SATAPAR,SATAPAR,43,563
JAMNAGAR,JAMJODHPUR,SHETH VADALA,SHETHVADALA,43,807
JAMNAGAR,JAMJODHPUR,SIDSAR,SIDSAR,15,1536
JAMNAGAR,JAMJODHPUR,SOGTHI,SOGTHI,11,69
JAMNAGAR,JAMJODHPUR,SON VADIYA,SONVADIYA,4,1111
JAMNAGAR,JAMJODHPUR,SUKHPAR DHRAFA,SUKHPARDHRAFA,10,97
JAMNAGAR,JAMJODHPUR,TARSAI,TARSAI,12,420
JAMNAGAR,JAMJODHPUR,UDEPUR,UDEPUR,7,138
JAMNAGAR,JAMJODHPUR,VADWALA,VADWALA,11,110
JAMNAGAR,JAMJODHPUR,VALASAN,VALASAN,9,777
JAMNAGAR,JAMJODHPUR,VANANA,VANANA,13,1245
JAMNAGAR,JAMJODHPUR,VANSJALIYA,VANSJALIYA,18,694
JAMNAGAR,JAMJODHPUR,VASANTPUR,VASANTPUR,47,300
JAMNAGAR,JAMJODHPUR,VERAVAL,VERAVAL,5,151
JAMNAGAR,JAMJODHPUR,VIRPUR,VIRPUR,4,83
JAMNAGAR,JAMJODHPUR,ZINAVARI,ZINAVARI,13,433
JAMNAGAR,JAMNAGAR RURAL,AAMRA,AAMRA,12,665
JAMNAGAR,JAMNAGAR RURAL,ALIA,ALIA,83,1539
JAMNAGAR,JAMNAGAR RURAL,BADA,BADA,100,754
JAMNAGAR,JAMNAGAR RURAL,BALAMBHDI,BALAMBHDI,10,254
JAMNAGAR,JAMNAGAR RURAL,BAVARIYA,BAVARIYA,3,70
JAMNAGAR,JAMNAGAR RURAL,BED,BED,49,871
JAMNAGAR,JAMNAGAR RURAL,BERAJA,BERAJA,18,260
JAMNAGAR,JAMNAGAR RURAL,CHAMPA BERAJA,CHAMPABERAJA,23,291
JAMNAGAR,JAMNAGAR RURAL,CHANDRAGA,CHANDRAGA,5,115
JAMNAGAR,JAMNAGAR RURAL,CHANDRAGADH,CHANDRAGADH,22,156
JAMNAGAR,JAMNAGAR RURAL,CHANGA,CHANGA,35,365
JAMNAGAR,JAMNAGAR RURAL,CHAVDA,CHAVDA,9,231
JAMNAGAR,JAMNAGAR RURAL,CHELA,CHELA,55,833
JAMNAGAR,JAMNAGAR RURAL,DADIYA,DADIYA,38,235
JAMNAGAR,JAMNAGAR RURAL,DARED,DARED,10,63
JAMNAGAR,JAMNAGAR RURAL,DHANDHA,DHANDHA,25,235
JAMNAGAR,JAMNAGAR RURAL,DHICHADA,DHICHADA,66,244
JAMNAGAR,JAMNAGAR RURAL,DHRANGDA,DHRANGDA,26,310
JAMNAGAR,JAMNAGAR RURAL,DHUDASIYA,DHUDASIYA,40,694
JAMNAGAR,JAMNAGAR RURAL,DHUNVAV,DHUNVAV,90,713
JAMNAGAR,JAMNAGAR RURAL,DHUTARPAR,DHUTARPAR,49,476
JAMNAGAR,JAMNAGAR RURAL,DODHIYA,DODHIYA,13,410
JAMNAGAR,JAMNAGAR RURAL,FACHARIYA,FACHARIYA,24,112
JAMNAGAR,JAMNAGAR RURAL,FALA,FALA,60,1195
JAMNAGAR,JAMNAGAR RURAL,GADUKA,GADUKA,6,188
JAMNAGAR,JAMNAGAR RURAL,GAGVA,GAGVA,10,219
JAMNAGAR,JAMNAGAR RURAL,GANGAJALA,GANGAJALA,18,83
JAMNAGAR,JAMNAGAR RURAL,GORDHANPAR,GORDHANPAR,23,60
JAMNAGAR,JAMNAGAR RURAL,HADMATIYA,HADMATIYA,12,718
JAMNAGAR,JAMNAGAR RURAL,HAPA,HAPA,14,163
JAMNAGAR,JAMNAGAR RURAL,JAGA,JAGA,19,314
JAMNAGAR,JAMNAGAR RURAL,JAMBUDA,JAMBUDA,49,345
JAMNAGAR,JAMNAGAR RURAL,JAMVANATHALI,JAMVANATHALI,51,356
JAMNAGAR,JAMNAGAR RURAL,JIVAPAR,JIVAPAR,31,209
JAMNAGAR,JAMNAGAR RURAL,JUNA NAGNA,JUNANAGNA,9,228
JAMNAGAR,JAMNAGAR RURAL,KANSUMARA,KANSUMARA,15,377
JAMNAGAR,JAMNAGAR RURAL,KHAMBHALIDA MOTOVAS,KHAMBHALIDAMOTOVAS,40,2512
JAMNAGAR,JAMNAGAR RURAL,KHARA BERAJA,KHARABERAJA,21,285
JAMNAGAR,JAMNAGAR RURAL,KHARA VEDHA,KHARAVEDHA,5,145
JAMNAGAR,JAMNAGAR RURAL,KHIJADIYA,KHIJADIYA,32,278
JAMNAGAR,JAMNAGAR RURAL,KHILOS,KHILOS,21,256
JAMNAGAR,JAMNAGAR RURAL,KHIMALIYA,KHIMALIYA,19,375
JAMNAGAR,JAMNAGAR RURAL,KHIMRANA,KHIMRANA,97,847
JAMNAGAR,JAMNAGAR RURAL,KHOJA BERAJA,KHOJABERAJA,20,394
JAMNAGAR,JAMNAGAR RURAL,KONZA,KONZA,26,135
JAMNAGAR,JAMNAGAR RURAL,LAKHA BAVAL,LAKHABAVAL,34,426
JAMNAGAR,JAMNAGAR RURAL,LAKHANI MOTOVAS,LAKHANIMOTOVAS,36,526
JAMNAGAR,JAMNAGAR RURAL,LAKHANI NANOVAS,LAKHANINANOVAS,22,503
JAMNAGAR,JAMNAGAR RURAL,LAVADIYA,LAVADIYA,20,269
JAMNAGAR,JAMNAGAR RURAL,LONTHIYA,LONTHIYA,8,80
JAMNAGAR,JAMNAGAR RURAL,MAKVANA,MAKVANA,13,99
JAMNAGAR,JAMNAGAR RURAL,MASITIYA,MASITIYA,27,441
JAMNAGAR,JAMNAGAR RURAL,MATVA,MATVA,23,456
JAMNAGAR,JAMNAGAR RURAL,MEDI,MEDI,12,230
JAMNAGAR,JAMNAGAR RURAL,MIYATRA,MIYATRA,22,272
JAMNAGAR,JAMNAGAR RURAL,MODA,MODA,32,675
JAMNAGAR,JAMNAGAR RURAL,MODPAR,MODPAR,41,163
JAMNAGAR,JAMNAGAR RURAL,MOKHANA,MOKHANA,8,127
JAMNAGAR,JAMNAGAR RURAL,MORKANDA,MORKANDA,34,229
JAMNAGAR,JAMNAGAR RURAL,MOTA THAVARIYA,MOTATHAVARIYA,28,429
JAMNAGAR,JAMNAGAR RURAL,MOTI BANUGAR,MOTIBANUGAR,65,569
JAMNAGAR,JAMNAGAR RURAL,MOTI BHALSAN,MOTIBHALSAN,45,300
JAMNAGAR,JAMNAGAR RURAL,MOTI KHAVDI,MOTIKHAVDI,27,433
JAMNAGAR,JAMNAGAR RURAL,MUNGANI,MUNGANI,9,287
JAMNAGAR,JAMNAGAR RURAL,NAGHEDI,NAGHEDI,49,226
JAMNAGAR,JAMNAGAR RURAL,NAGHUNA,NAGHUNA,43,259
JAMNAGAR,JAMNAGAR RURAL,NANA THAVARIYA,NANATHAVARIYA,10,229
JAMNAGAR,JAMNAGAR RURAL,NANI BANUGAR,NANIBANUGAR,27,178
JAMNAGAR,JAMNAGAR RURAL,NANI KHAVDI,NANIKHAVDI,11,138
JAMNAGAR,JAMNAGAR RURAL,NANI MATLI,NANIMATLI,15,375
JAMNAGAR,JAMNAGAR RURAL,NARANPAR,NARANPAR,39,298
JAMNAGAR,JAMNAGAR RURAL,NAVA NAGNA,NAVANAGNA,4,216
JAMNAGAR,JAMNAGAR RURAL,PASAYA,PASAYA,11,190
JAMNAGAR,JAMNAGAR RURAL,RAMPAR,RAMPAR,49,281
JAMNAGAR,JAMNAGAR RURAL,RANJITPAR,RANJITPAR,25,158
JAMNAGAR,JAMNAGAR RURAL,SACHANA,SACHANA,21,208
JAMNAGAR,JAMNAGAR RURAL,SAPAR,SAPAR,18,203
JAMNAGAR,JAMNAGAR RURAL,SAPDA,SAPDA,35,116
JAMNAGAR,JAMNAGAR RURAL,SARMAT,SARMAT,24,242
JAMNAGAR,JAMNAGAR RURAL,SHEKHPAT,SHEKHPAT,98,492
JAMNAGAR,JAMNAGAR RURAL,SUMRI (BHALSAN),SUMRIBHALSAN,7,76
JAMNAGAR,JAMNAGAR RURAL,SUMRI (DHUTARPAR),SUMRIDHUTARPAR,15,60
JAMNAGAR,JAMNAGAR RURAL,SUVARDA,SUVARDA,11,248
JAMNAGAR,JAMNAGAR RURAL,TAMACHAN,TAMACHAN,15,231
JAMNAGAR,JAMNAGAR RURAL,THEBA,THEBA,17,263
JAMNAGAR,JAMNAGAR RURAL,VAGADIYA,VAGADIYA,14,200
JAMNAGAR,JAMNAGAR RURAL,VANIYAGAM,VANIYAGAM,3,98
JAMNAGAR,JAMNAGAR RURAL,VARNA,VARNA,36,339
JAMNAGAR,JAMNAGAR RURAL,VASAI,VASAI,68,427
JAMNAGAR,JAMNAGAR RURAL,VAV BERAJA,VAVBERAJA,28,266
JAMNAGAR,JAMNAGAR RURAL,VERATIYA,VERATIYA,8,157
JAMNAGAR,JAMNAGAR RURAL,VIBHAPAR,VIBHAPAR,33,157
JAMNAGAR,JAMNAGAR RURAL,VIJARKHI,VIJARKHI,70,204
JAMNAGAR,JAMNAGAR RURAL,VIRPAR,VIRPAR,13,330
JAMNAGAR,JODIYA,AMBALA,AMBALA,13,373
JAMNAGAR,JODIYA,AMRAN,AMRAN,19,1949
JAMNAGAR,JODIYA,ANADA,ANADA,2,222
JAMNAGAR,JODIYA,BADANPAR (AMRAN),BADANPARAMRAN,6,304
JAMNAGAR,JODIYA,BADANPAR (JODIYA),BADANPARJODIYA,8,281
JAMNAGAR,JODIYA,BALACHADI,BALACHADI,7,171
JAMNAGAR,JODIYA,BALAMBHA,BALAMBHA,38,2297
JAMNAGAR,JODIYA,BARADI,BARADI,1,66
JAMNAGAR,JODIYA,BELA,BELA,44,349
JAMNAGAR,JODIYA,BERAJA,BERAJA,5,387
JAMNAGAR,JODIYA,BHADRA,BHADRA,18,507
JAMNAGAR,JODIYA,BHIMKATA,BHIMKATA,11,566
JAMNAGAR,JODIYA,BODKA,BODKA,8,360
JAMNAGAR,JODIYA,DHUDKOT,DHUDKOT,8,517
JAMNAGAR,JODIYA,DUDHAI,DUDHAI,19,542
JAMNAGAR,JODIYA,FADSAR,FADSAR,11,397
JAMNAGAR,JODIYA,FATSAR,FATSAR,11,333
JAMNAGAR,JODIYA,GAJDI,GAJDI,16,192
JAMNAGAR,JODIYA,HADIYANA,HADIYANA,54,827
JAMNAGAR,JODIYA,JAMSAR,JAMSAR,5,535
JAMNAGAR,JODIYA,JASAPAR,JASAPAR,13,208
JAMNAGAR,JODIYA,JIRAGADH,JIRAGADH,5,778
JAMNAGAR,JODIYA,JIVAPAR,JIVAPAR,6,160
JAMNAGAR,JODIYA,JODIYA,JODIYA,22,724
JAMNAGAR,JODIYA,KERALI,KERALI,4,250
JAMNAGAR,JODIYA,KESHIYA,KESHIYA,17,723
JAMNAGAR,JODIYA,KHARACHIYA,KHARACHIYA,17,464
JAMNAGAR,JODIYA,KHERI,KHERI,8,221
JAMNAGAR,JODIYA,KOTHARIYA,KOTHARIYA,11,311
JAMNAGAR,JODIYA,KOYLI,KOYLI,12,521
JAMNAGAR,JODIYA,KUNAD,KUNAD,19,971
JAMNAGAR,JODIYA,LAKHTAR,LAKHTAR,33,270
JAMNAGAR,JODIYA,LIMBUDA,LIMBUDA,6,194
JAMNAGAR,JODIYA,MADHAPAR,MADHAPAR,12,144
JAMNAGAR,JODIYA,MANAMORA,MANAMORA,6,366
JAMNAGAR,JODIYA,MANPAR,MANPAR,8,56
JAMNAGAR,JODIYA,MAVNUGAM,MAVNUGAM,33,234
JAMNAGAR,JODIYA,MEGHPAR,MEGHPAR,3,607
JAMNAGAR,JODIYA,MORANA,MORANA,10,122
JAMNAGAR,JODIYA,NESDA,NESDA,17,197
JAMNAGAR,JODIYA,PADANA,PADANA,4,184
JAMNAGAR,JODIYA,PITHAD,PITHAD,11,721
JAMNAGAR,JODIYA,RAJPAR,RAJPAR,6,67
JAMNAGAR,JODIYA,RAMPAR (PADABEKAR),RAMPARPADABEKAR,5,386
JAMNAGAR,JODIYA,RANJITPAR,RANJITPAR,5,410
JAMNAGAR,JODIYA,RASNAL,RASNAL,7,190
JAMNAGAR,JODIYA,SAMPAR,SAMPAR,9,654
JAMNAGAR,JODIYA,TARANA,TARANA,22,327
JAMNAGAR,JODIYA,TIMBDI,TIMBDI,7,132
JAMNAGAR,JODIYA,UNTBET-SHAMPAR,UNTBETSHAMPAR,6,242
JAMNAGAR,JODIYA,VAVDI,VAVDI,2,232
JAMNAGAR,JODIYA,ZINZUDA,ZINZUDA,2,133
JAMNAGAR,KALAVAD,ANANDPAR,ANANDPAR,146,482
JAMNAGAR,KALAVAD,ARALA,ARALA,57,1709
JAMNAGAR,KALAVAD,BALAMBHADI,BALAMBHADI,73,281
JAMNAGAR,KALAVAD,BAMANGAM,BAMANGAM,26,463
JAMNAGAR,KALAVAD,BANGA,BANGA,78,483
JAMNAGAR,KALAVAD,BAVA KHAKHRIA,BAVAKHAKHRIA,16,90
JAMNAGAR,KALAVAD,BEDIYA,BEDIYA,20,108
JAMNAGAR,KALAVAD,BERAJA,BERAJA,24,307
JAMNAGAR,KALAVAD,BHAGAT KHIJADIYA,BHAGATKHIJADIYA,70,244
JAMNAGAR,KALAVAD,BHANGDA,BHANGDA,3,338
JAMNAGAR,KALAVAD,BHAVABHI KHIJADIYA,BHAVABHIKHIJADIYA,71,355
JAMNAGAR,KALAVAD,BHAYU KHAKHRIYA,BHAYUKHAKHRIYA,27,118
JAMNAGAR,KALAVAD,BHIMANUGAM,BHIMANUGAM,49,88
JAMNAGAR,KALAVAD,BODI,BODI,21,219
JAMNAGAR,KALAVAD,CHAPRA,CHAPRA,15,71
JAMNAGAR,KALAVAD,CHELA BEDI,CHELABEDI,22,130
JAMNAGAR,KALAVAD,CHHATAR,CHHATAR,73,719
JAMNAGAR,KALAVAD,DANGARVADA,DANGARVADA,20,113
JAMNAGAR,KALAVAD,DAVLI,DAVLI,14,124
JAMNAGAR,KALAVAD,DERI,DERI,118,353
JAMNAGAR,KALAVAD,DHEDH KHIJADIYA,DHEDHKHIJADIYA,20,92
JAMNAGAR,KALAVAD,DHUNDHORAJI,DHUNDHORAJI,101,475
JAMNAGAR,KALAVAD,DUDHALA,DUDHALA,68,849
JAMNAGAR,KALAVAD,DUNGARNI DEVALIYA,DUNGARNIDEVALIYA,20,220
JAMNAGAR,KALAVAD,FAGAS,FAGAS,7,541
JAMNAGAR,KALAVAD,GALPADAR,GALPADAR,25,74
JAMNAGAR,KALAVAD,GOLANIYA,GOLANIYA,8,92
JAMNAGAR,KALAVAD,GUNDA,GUNDA,39,89
JAMNAGAR,KALAVAD,HAKUMATI SARAVANIYA,HAKUMATISARAVANIYA,17,99
JAMNAGAR,KALAVAD,HANSTHAL,HANSTHAL,29,105
JAMNAGAR,KALAVAD,HARIPAR (KHANDHERA),HARIPARKHANDHERA,49,200
JAMNAGAR,KALAVAD,HARIPAR (MEVASA),HARIPARMEVASA,56,188
JAMNAGAR,KALAVAD,JALANSAR,JALANSAR,21,105
JAMNAGAR,KALAVAD,JAMVALI,JAMVALI,15,167
JAMNAGAR,KALAVAD,JASHAPAR,JASHAPAR,119,408
JAMNAGAR,KALAVAD,JIAPAR,JIAPAR,44,150
JAMNAGAR,KALAVAD,JUVANPAR,JUVANPAR,27,118
JAMNAGAR,KALAVAD,KALAMESHADA,KALAMESHADA,29,327
JAMNAGAR,KALAVAD,KHAD DHORAJI,KHADDHORAJI,75,186
JAMNAGAR,KALAVAD,KHAN KOTDA,KHANKOTDA,30,781
JAMNAGAR,KALAVAD,KHANDHERA,KHANDHERA,143,752
JAMNAGAR,KALAVAD,KHAREDI,KHAREDI,285,1232
JAMNAGAR,KALAVAD,KHIMANI SANOSAR,KHIMANISANOSAR,12,173
JAMNAGAR,KALAVAD,KOTHA BHADUKIYA,KOTHABHADUKIYA,21,248
JAMNAGAR,KALAVAD,LABUKIYA BHADUKIYA,LABUKIYABHADUKIYA,9,98
JAMNAGAR,KALAVAD,LALOI,LALOI,47,181
JAMNAGAR,KALAVAD,MACHHALIVVAD,MACHHALIVVAD,40,444
JAMNAGAR,KALAVAD,MACHHARDA,MACHHARDA,52,2146
JAMNAGAR,KALAVAD,MAKAJI MEGHPAR,MAKAJIMEGHPAR,50,393
JAMNAGAR,KALAVAD,MAKHA KAROD,MAKHAKAROD,60,178
JAMNAGAR,KALAVAD,MAKRANI SANSARA,MAKRANISANSARA,69,272
JAMNAGAR,KALAVAD,METIYA,METIYA,29,704
JAMNAGAR,KALAVAD,MORIDAD,MORIDAD,5,118
JAMNAGAR,KALAVAD,MORVADI,MORVADI,10,123
JAMNAGAR,KALAVAD,MOTA BHADUKIYA,MOTABHADUKIYA,29,2472
JAMNAGAR,KALAVAD,MOTA PANCHDEVDA,MOTAPANCHDEVDA,23,325
JAMNAGAR,KALAVAD,MOTA VADALA,MOTAVADALA,97,862
JAMNAGAR,KALAVAD,MOTI BHAGEDI,MOTIBHAGEDI,42,208
JAMNAGAR,KALAVAD,MOTI MATLI,MOTIMATLI,68,1189
JAMNAGAR,KALAVAD,MOTI NAGAJAR,MOTINAGAJAR,45,198
JAMNAGAR,KALAVAD,MOTI VAVDI,MOTIVAVDI,93,304
JAMNAGAR,KALAVAD,MULILA,MULILA,91,690
JAMNAGAR,KALAVAD,NAGPUR,NAGPUR,11,133
JAMNAGAR,KALAVAD,NANA BADANPAR,NANABADANPAR,33,448
JAMNAGAR,KALAVAD,NANA PANCHDEVDA,NANAPANCHDEVDA,28,1844
JAMNAGAR,KALAVAD,NANA VADALA,NANAVADALA,82,840
JAMNAGAR,KALAVAD,NANI BHAGEDI,NANIBHAGEDI,65,317
JAMNAGAR,KALAVAD,NANI BHALSAN,NANIBHALSAN,20,436
JAMNAGAR,KALAVAD,NANI NAGAJAR,NANINAGAJAR,54,171
JAMNAGAR,KALAVAD,NANI VAVDI,NANIVAVDI,45,298
JAMNAGAR,KALAVAD,NAPANIYA KHIJADIYA,NAPANIYAKHIJADIYA,37,381
JAMNAGAR,KALAVAD,NAVAGAM,NAVAGAM,125,573
JAMNAGAR,KALAVAD,NAVANIA KHAKHARIA,NAVANIAKHAKHARIA,6,89
JAMNAGAR,KALAVAD,NIKAVA,NIKAVA,175,571
JAMNAGAR,KALAVAD,PATA MEGHPAR,PATAMEGHPAR,35,317
JAMNAGAR,KALAVAD,PIPALIYA (DHANDHALIY,PIPALIYADHANDHALIY,21,108
JAMNAGAR,KALAVAD,PIPAR,PIPAR,52,1282
JAMNAGAR,KALAVAD,PITHADIYA,PITHADIYA,94,337
JAMNAGAR,KALAVAD,PRABHUJI PIPALIA,PRABHUJIPIPALIA,23,161
JAMNAGAR,KALAVAD,RAJDA,RAJDA,32,168
JAMNAGAR,KALAVAD,RAJSTHALI,RAJSTHALI,23,155
JAMNAGAR,KALAVAD,RAMPAR,RAMPAR,11,221
JAMNAGAR,KALAVAD,RAVASHIYA(GADA),RAVASHIYAGADA,8,95
JAMNAGAR,KALAVAD,RINARI,RINARI,22,210
JAMNAGAR,KALAVAD,SANALA,SANALA,44,174
JAMNAGAR,KALAVAD,SARAPADAR,SARAPADAR,22,1788
JAMNAGAR,KALAVAD,SARVANIYA,SARVANIYA,30,223
JAMNAGAR,KALAVAD,SATIYA,SATIYA,30,81
JAMNAGAR,KALAVAD,SAVLI,SAVLI,11,65
JAMNAGAR,KALAVAD,SHISHANG,SHISHANG,102,340
JAMNAGAR,KALAVAD,SORTHA,SORTHA,55,194
JAMNAGAR,KALAVAD,TODA,TODA,79,777
JAMNAGAR,KALAVAD,UMARALA,UMARALA,31,439
JAMNAGAR,KALAVAD,VAZIR KHAKHARIYA,VAZIRKHAKHARIYA,14,109
JAMNAGAR,KALAVAD,VIBHANIYA,VIBHANIYA,14,121
JAMNAGAR,KALAVAD,VIRVAV,VIRVAV,56,123
JAMNAGAR,KALAVAD,VODISANG,VODISANG,64,259
JAMNAGAR,KALYANPUR,ASHIYAVADAR,ASHIYAVADAR,26,273
JAMNAGAR,KALYANPUR,ASOTA MOTA,ASOTAMOTA,103,649
JAMNAGAR,KALYANPUR,BAMANASA,BAMANASA,104,412
JAMNAGAR,KALYANPUR,BANKODI,BANKODI,109,558
JAMNAGAR,KALYANPUR,BHATIYA,BHATIYA,178,1137
JAMNAGAR,KALYANPUR,BHATVADIYA,BHATVADIYA,59,503
JAMNAGAR,KALYANPUR,BHOGAT,BHOGAT,57,939
JAMNAGAR,KALYANPUR,BHOPALKA,BHOPALKA,106,589
JAMNAGAR,KALYANPUR,CHACHLANA,CHACHLANA,87,445
JAMNAGAR,KALYANPUR,CHANDRAVADA,CHANDRAVADA,12,620
JAMNAGAR,KALYANPUR,CHAPAR,CHAPAR,12,446
JAMNAGAR,KALYANPUR,CHUR,CHUR,23,2619
JAMNAGAR,KALYANPUR,DANGARVAD,DANGARVAD,12,193
JAMNAGAR,KALYANPUR,DEVALIYA,DEVALIYA,127,1029
JAMNAGAR,KALYANPUR,DHATURIYA,DHATURIYA,59,748
JAMNAGAR,KALYANPUR,DHRUMTHAL,DHRUMTHAL,10,659
JAMNAGAR,KALYANPUR,DUDHIYA,DUDHIYA,31,194
JAMNAGAR,KALYANPUR,GADHKA,GADHKA,131,857
JAMNAGAR,KALYANPUR,GAGA,GAGA,177,1464
JAMNAGAR,KALYANPUR,GANDHVI,GANDHVI,81,211
JAMNAGAR,KALYANPUR,GANGADI,GANGADI,78,227
JAMNAGAR,KALYANPUR,GOJI NES,GOJINES,21,107
JAMNAGAR,KALYANPUR,GOKALPAR,GOKALPAR,27,153
JAMNAGAR,KALYANPUR,GORANA,GORANA,51,2373
JAMNAGAR,KALYANPUR,GURGADH,GURGADH,100,843
JAMNAGAR,KALYANPUR,HADMATIYA,HADMATIYA,25,258
JAMNAGAR,KALYANPUR,HARIPAR,HARIPAR,50,306
JAMNAGAR,KALYANPUR,JAMPAR,JAMPAR,7,233
JAMNAGAR,KALYANPUR,JEPUR,JEPUR,25,101
JAMNAGAR,KALYANPUR,JODHPUR,JODHPUR,23,216
JAMNAGAR,KALYANPUR,JUVANPAR,JUVANPAR,74,455
JAMNAGAR,KALYANPUR,KALYANPUR,KALYANPUR,71,589
JAMNAGAR,KALYANPUR,KANAKPAR,KANAKPAR,15,177
JAMNAGAR,KALYANPUR,KANPAR SHERDI,KANPARSHERDI,26,212
JAMNAGAR,KALYANPUR,KENEDI,KENEDI,128,786
JAMNAGAR,KALYANPUR,KESHAVPURA,KESHAVPURA,30,115
JAMNAGAR,KALYANPUR,KHAKHARDA,KHAKHARDA,120,882
JAMNAGAR,KALYANPUR,KHIJADAD,KHIJADAD,24,613
JAMNAGAR,KALYANPUR,KHIRASARA,KHIRASARA,82,504
JAMNAGAR,KALYANPUR,LAMBA,LAMBA,220,1210
JAMNAGAR,KALYANPUR,MADI,MADI,23,585
JAMNAGAR,KALYANPUR,MAHADEVIYA,MAHADEVIYA,72,274
JAMNAGAR,KALYANPUR,MALETA,MALETA,32,274
JAMNAGAR,KALYANPUR,MANGARIYA,MANGARIYA,11,174
JAMNAGAR,KALYANPUR,MANIPUR HABARDI,MANIPURHABARDI,15,202
JAMNAGAR,KALYANPUR,MANPARA,MANPARA,6,24
JAMNAGAR,KALYANPUR,MEGHPUR TITODI,MEGHPURTITODI,46,259
JAMNAGAR,KALYANPUR,MEVASA,MEVASA,129,472
JAMNAGAR,KALYANPUR,NADAGIYA,NADAGIYA,45,540
JAMNAGAR,KALYANPUR,NANDANA,NANDANA,116,871
JAMNAGAR,KALYANPUR,NAVADRA,NAVADRA,93,571
JAMNAGAR,KALYANPUR,PANELI,PANELI,36,312
JAMNAGAR,KALYANPUR,PATELKA,PATELKA,24,490
JAMNAGAR,KALYANPUR,PINDARA,PINDARA,44,480
JAMNAGAR,KALYANPUR,PREMSAR,PREMSAR,37,108
JAMNAGAR,KALYANPUR,RAJPARA,RAJPARA,58,353
JAMNAGAR,KALYANPUR,RAN,RAN,99,1929
JAMNAGAR,KALYANPUR,RANJITPAR,RANJITPAR,69,217
JAMNAGAR,KALYANPUR,RANPARDA,RANPARDA,12,242
JAMNAGAR,KALYANPUR,RAVAL,RAVAL,4,495
JAMNAGAR,KALYANPUR,SANOSARI,SANOSARI,23,407
JAMNAGAR,KALYANPUR,SATAPAR,SATAPAR,56,742
JAMNAGAR,KALYANPUR,SIDSARA,SIDSARA,37,458
JAMNAGAR,KALYANPUR,SURYAVADAR,SURYAVADAR,31,1378
JAMNAGAR,KALYANPUR,TANKARIYA,TANKARIYA,64,241
JAMNAGAR,KALYANPUR,VIRPUR LUSARI,VIRPURLUSARI,61,189
JAMNAGAR,KHAMBHALIA,AAHER SIHAN,AAHERSIHAN,35,303
JAMNAGAR,KHAMBHALIA,AJAD TAPU,AJADTAPU,3,18
JAMNAGAR,KHAMBHALIA,AMBARDI,AMBARDI,20,279
JAMNAGAR,KHAMBHALIA,BAJANA,BAJANA,29,467
JAMNAGAR,KHAMBHALIA,BEH,BEH,81,1235
JAMNAGAR,KHAMBHALIA,BERAJA,BERAJA,182,558
JAMNAGAR,KHAMBHALIA,BHADTHAR,BHADTHAR,151,2317
JAMNAGAR,KHAMBHALIA,BHANDARIYA,BHANDARIYA,84,1628
JAMNAGAR,KHAMBHALIA,BHANKHOKHARI,BHANKHOKHARI,76,355
JAMNAGAR,KHAMBHALIA,BHARA BERAJA,BHARABERAJA,19,133
JAMNAGAR,KHAMBHALIA,BHARANA,BHARANA,59,394
JAMNAGAR,KHAMBHALIA,BHATEL,BHATEL,13,755
JAMNAGAR,KHAMBHALIA,BHATGAM,BHATGAM,2,125
JAMNAGAR,KHAMBHALIA,BHINDA,BHINDA,35,456
JAMNAGAR,KHAMBHALIA,CHUDESHVAR,CHUDESHVAR,10,346
JAMNAGAR,KHAMBHALIA,DANTA,DANTA,37,397
JAMNAGAR,KHAMBHALIA,DATRANA,DATRANA,61,388
JAMNAGAR,KHAMBHALIA,DEVALIYA,DEVALIYA,18,186
JAMNAGAR,KHAMBHALIA,DHANDHUSAR,DHANDHUSAR,10,101
JAMNAGAR,KHAMBHALIA,DHARAMPUR,DHARAMPUR,155,4329
JAMNAGAR,KHAMBHALIA,FOT,FOT,10,728
JAMNAGAR,KHAMBHALIA,GOINJ,GOINJ,36,474
JAMNAGAR,KHAMBHALIA,GOLAN SHERDI,GOLANSHERDI,42,181
JAMNAGAR,KHAMBHALIA,HANJDAPAR,HANJDAPAR,17,175
JAMNAGAR,KHAMBHALIA,HANSTHAL,HANSTHAL,137,2294
JAMNAGAR,KHAMBHALIA,HARIPAR,HARIPAR,12,290
JAMNAGAR,KHAMBHALIA,HARSHADPUR,HARSHADPUR,83,598
JAMNAGAR,KHAMBHALIA,JUVANGADH,JUVANGADH,52,301
JAMNAGAR,KHAMBHALIA,KABAR VISOTRI,KABARVISOTRI,16,368
JAMNAGAR,KHAMBHALIA,KAJURDA,KAJURDA,22,374
JAMNAGAR,KHAMBHALIA,KALAWAD SIMANI,KALAWADSIMANI,8,212
JAMNAGAR,KHAMBHALIA,KALUBHAR TAPU,KALUBHARTAPU,1,3
JAMNAGAR,KHAMBHALIA,KANCHANPUR,KANCHANPUR,8,106
JAMNAGAR,KHAMBHALIA,KANDORNA,KANDORNA,47,169
JAMNAGAR,KHAMBHALIA,KATHI DEVALIYA,KATHIDEVALIYA,3,271
JAMNAGAR,KHAMBHALIA,KESHOD,KESHOD,56,409
JAMNAGAR,KHAMBHALIA,KHAJURIYA,KHAJURIYA,48,350
JAMNAGAR,KHAMBHALIA,KHAMBHALIA,KHAMBHALIA,1,1
JAMNAGAR,KHAMBHALIA,KOLAVA,KOLAVA,64,449
JAMNAGAR,KHAMBHALIA,KOTA,KOTA,47,148
JAMNAGAR,KHAMBHALIA,KOTADIYA,KOTADIYA,26,205
JAMNAGAR,KHAMBHALIA,KOTHA VISOTRI,KOTHAVISOTRI,15,340
JAMNAGAR,KHAMBHALIA,KUVADIYA,KUVADIYA,62,173
JAMNAGAR,KHAMBHALIA,LAKHASAR HAPA,LAKHASARHAPA,30,304
JAMNAGAR,KHAMBHALIA,LALIYA,LALIYA,41,144
JAMNAGAR,KHAMBHALIA,LALPARDA,LALPARDA,39,413
JAMNAGAR,KHAMBHALIA,LALUKA,LALUKA,29,257
JAMNAGAR,KHAMBHALIA,MADHUPUR,MADHUPUR,26,140
JAMNAGAR,KHAMBHALIA,MAHADEVIYA,MAHADEVIYA,18,264
JAMNAGAR,KHAMBHALIA,MANZA,MANZA,24,198
JAMNAGAR,KHAMBHALIA,MOTA AMBLA,MOTAAMBLA,59,805
JAMNAGAR,KHAMBHALIA,MOTA MANDHA,MOTAMANDHA,22,587
JAMNAGAR,KHAMBHALIA,MOTI KHOKHARI,MOTIKHOKHARI,53,411
JAMNAGAR,KHAMBHALIA,MOVAN,MOVAN,137,1011
JAMNAGAR,KHAMBHALIA,NAGADA,NAGADA,26,248
JAMNAGAR,KHAMBHALIA,NANA AMBLA,NANAAMBLA,18,95
JAMNAGAR,KHAMBHALIA,NANA ASHOTA,NANAASHOTA,80,257
JAMNAGAR,KHAMBHALIA,NANA MANDHA,NANAMANDHA,44,339
JAMNAGAR,KHAMBHALIA,PARODIYA,PARODIYA,54,430
JAMNAGAR,KHAMBHALIA,PIPLIYA,PIPLIYA,49,189
JAMNAGAR,KHAMBHALIA,PIR LAKHASAR,PIRLAKHASAR,20,142
JAMNAGAR,KHAMBHALIA,RAMNAGAR,RAMNAGAR,60,641
JAMNAGAR,KHAMBHALIA,SAGARIYA,SAGARIYA,50,212
JAMNAGAR,KHAMBHALIA,SAKHPAR,SAKHPAR,24,147
JAMNAGAR,KHAMBHALIA,SAMOR,SAMOR,122,323
JAMNAGAR,KHAMBHALIA,SHAKTINAGAR,SHAKTINAGAR,45,510
JAMNAGAR,KHAMBHALIA,SHEDA BHADTHAR,SHEDABHADTHAR,36,148
JAMNAGAR,KHAMBHALIA,SIDHPUR,SIDHPUR,56,297
JAMNAGAR,KHAMBHALIA,SINHAN KAKABHAI,SINHANKAKABHAI,10,250
JAMNAGAR,KHAMBHALIA,SODHA TARAGHADI,SODHATARAGHADI,3,129
JAMNAGAR,KHAMBHALIA,SODSALA,SODSALA,30,190
JAMNAGAR,KHAMBHALIA,SONARADI,SONARADI,23,686
JAMNAGAR,KHAMBHALIA,SUMRA TARAGHADI,SUMRATARAGHADI,18,240
JAMNAGAR,KHAMBHALIA,SUTARIYA,SUTARIYA,66,248
JAMNAGAR,KHAMBHALIA,TATHIYA,TATHIYA,44,330
JAMNAGAR,KHAMBHALIA,THAKAR SHERDI,THAKARSHERDI,28,381
JAMNAGAR,KHAMBHALIA,TIMBDI,TIMBDI,52,873
JAMNAGAR,KHAMBHALIA,VADALIYA SINHAN,VADALIYASINHAN,61,341
JAMNAGAR,KHAMBHALIA,VADINAR,VADINAR,60,267
JAMNAGAR,KHAMBHALIA,VADTRA,VADTRA,43,1810
JAMNAGAR,KHAMBHALIA,VINZALPAR,VINZALPAR,64,519
JAMNAGAR,KHAMBHALIA,VIRAMDAL,VIRAMDAL,21,336
JAMNAGAR,KHAMBHALIA,ZAKASIYA,ZAKASIYA,14,501
JAMNAGAR,LALPUR,APIA,APIA,59,345
JAMNAGAR,LALPUR,ARABLUS,ARABLUS,132,365
JAMNAGAR,LALPUR,ARIKHANA,ARIKHANA,34,317
JAMNAGAR,LALPUR,BABARIYA,BABARIYA,11,28
JAMNAGAR,LALPUR,BABARZAR,BABARZAR,63,326
JAMNAGAR,LALPUR,BAGHLA,BAGHLA,68,142
JAMNAGAR,LALPUR,CHARANTUNGI,CHARANTUNGI,9,168
JAMNAGAR,LALPUR,CHORBEDI,CHORBEDI,5,212
JAMNAGAR,LALPUR,DABASANG,DABASANG,10,551
JAMNAGAR,LALPUR,DALTUNGI,DALTUNGI,30,270
JAMNAGAR,LALPUR,DERA CHHIKARI,DERACHHIKARI,12,50
JAMNAGAR,LALPUR,DHARAMPUR,DHARAMPUR,76,276
JAMNAGAR,LALPUR,GAJANA,GAJANA,9,281
JAMNAGAR,LALPUR,GALA,GALA,32,99
JAMNAGAR,LALPUR,GODAVARI,GODAVARI,26,270
JAMNAGAR,LALPUR,GOVANA,GOVANA,86,580
JAMNAGAR,LALPUR,HARIPAR,HARIPAR,173,842
JAMNAGAR,LALPUR,ISHWARIA,ISHWARIA,62,159
JAMNAGAR,LALPUR,JASAPAR,JASAPAR,19,247
JAMNAGAR,LALPUR,JOGVAD,JOGVAD,32,229
JAMNAGAR,LALPUR,KANA CHHIKARI,KANACHHIKARI,49,610
JAMNAGAR,LALPUR,KANALAS,KANALAS,140,2358
JAMNAGAR,LALPUR,KANVIRDI,KANVIRDI,43,182
JAMNAGAR,LALPUR,KARANA,KARANA,27,291
JAMNAGAR,LALPUR,KATHITAD,KATHITAD,30,85
JAMNAGAR,LALPUR,KHAD KHAMBHALIYA,KHADKHAMBHALIYA,120,475
JAMNAGAR,LALPUR,KHADBA MOTA,KHADBAMOTA,37,917
JAMNAGAR,LALPUR,KHADBA NANA,KHADBANANA,15,244
JAMNAGAR,LALPUR,KHATIYA,KHATIYA,44,131
JAMNAGAR,LALPUR,KHATIYA BERAJA,KHATIYABERAJA,23,107
JAMNAGAR,LALPUR,KHENGARPAR,KHENGARPAR,11,106
JAMNAGAR,LALPUR,KHIRSARA,KHIRSARA,4,220
JAMNAGAR,LALPUR,LALPUR,LALPUR,254,825
JAMNAGAR,LALPUR,MACHHU BERAJA,MACHHUBERAJA,106,558
JAMNAGAR,LALPUR,MEGHNUGAM,MEGHNUGAM,15,109
JAMNAGAR,LALPUR,MEGHPAR,MEGHPAR,31,139
JAMNAGAR,LALPUR,MEMANA,MEMANA,83,793
JAMNAGAR,LALPUR,MITHOI,MITHOI,41,396
JAMNAGAR,LALPUR,MODPAR,MODPAR,56,746
JAMNAGAR,LALPUR,MOTA BHARUDIYA,MOTABHARUDIYA,41,243
JAMNAGAR,LALPUR,MOTA LAKHIYA,MOTALAKHIYA,32,264
JAMNAGAR,LALPUR,MURILA,MURILA,27,187
JAMNAGAR,LALPUR,NANA LAKHIYA,NANALAKHIYA,29,88
JAMNAGAR,LALPUR,NANDURI,NANDURI,89,575
JAMNAGAR,LALPUR,NAVA DHUNIYA,NAVADHUNIYA,3,102
JAMNAGAR,LALPUR,NAVAGAM,NAVAGAM,70,747
JAMNAGAR,LALPUR,PADANA,PADANA,155,3272
JAMNAGAR,LALPUR,PANCHSARA MOTA,PANCHSARAMOTA,57,202
JAMNAGAR,LALPUR,PIPAR NAVI,PIPARNAVI,76,327
JAMNAGAR,LALPUR,PIPARTODA,PIPARTODA,85,3202
JAMNAGAR,LALPUR,PIPLI,PIPLI,81,615
JAMNAGAR,LALPUR,RAFUDAD MOTI,RAFUDADMOTI,59,649
JAMNAGAR,LALPUR,RAFUDAD NANI,RAFUDADNANI,39,490
JAMNAGAR,LALPUR,RAKA,RAKA,25,168
JAMNAGAR,LALPUR,RANGPAR,RANGPAR,17,242
JAMNAGAR,LALPUR,RASANGPAR,RASANGPAR,40,798
JAMNAGAR,LALPUR,RINZPUR,RINZPUR,89,286
JAMNAGAR,LALPUR,SAJADIYALI,SAJADIYALI,52,120
JAMNAGAR,LALPUR,SANOSARA,SANOSARA,34,305
JAMNAGAR,LALPUR,SANOSRI,SANOSRI,118,579
JAMNAGAR,LALPUR,SETALUS,SETALUS,94,358
JAMNAGAR,LALPUR,SEVAK BHARUDIYA,SEVAKBHARUDIYA,27,158
JAMNAGAR,LALPUR,SEVAK BHATIYA,SEVAKBHATIYA,33,111
JAMNAGAR,LALPUR,SEVAK DHUNIYA,SEVAKDHUNIYA,77,1682
JAMNAGAR,LALPUR,SINGACH,SINGACH,21,412
JAMNAGAR,LALPUR,TEBHADA,TEBHADA,24,261
JAMNAGAR,LALPUR,VADPANCHASARA,VADPANCHASARA,84,214
JAMNAGAR,LALPUR,VERAVAL MOTI,VERAVALMOTI,100,486
JAMNAGAR,LALPUR,VERAVAL NAVI,VERAVALNAVI,30,110
JAMNAGAR,LALPUR,VIJAYPUR,VIJAYPUR,14,51
JAMNAGAR,LALPUR,ZANKHAR,ZANKHAR,136,584
JUNAGADH,BHESAN,BAMANGADH,BAMANGADH,7,326
JUNAGADH,BHESAN,BARWALA,BARWALA,27,373
JUNAGADH,BHESAN,BHATGAM,BHATGAM,27,273
JUNAGADH,BHESAN,BHESAN,BHESAN,153,512
JUNAGADH,BHESAN,CHANAKA,CHANAKA,37,396
JUNAGADH,BHESAN,CHHODVADI,CHHODVADI,56,733
JUNAGADH,BHESAN,CHUDA,CHUDA,11,625
JUNAGADH,BHESAN,DAMRALA,DAMRALA,20,89
JUNAGADH,BHESAN,DHOLWA,DHOLWA,8,264
JUNAGADH,BHESAN,DUDHALA,DUDHALA,11,76
JUNAGADH,BHESAN,GALATH,GALATH,70,432
JUNAGADH,BHESAN,GORAKHPUR,GORAKHPUR,17,140
JUNAGADH,BHESAN,GORVIYALI,GORVIYALI,9,183
JUNAGADH,BHESAN,HADMATIYA KHAJURI,HADMATIYAKHAJURI,72,204
JUNAGADH,BHESAN,HADMATIYA KHAKHRA,HADMATIYAKHAKHRA,5,193
JUNAGADH,BHESAN,HADMATIYA VISHAL,HADMATIYAVISHAL,17,345
JUNAGADH,BHESAN,JUNI DHARI GUNDALI,JUNIDHARIGUNDALI,12,180
JUNAGADH,BHESAN,KARIYA,KARIYA,26,73
JUNAGADH,BHESAN,KHAMBHALIYA,KHAMBHALIYA,12,374
JUNAGADH,BHESAN,KHARACHIYA,KHARACHIYA,14,374
JUNAGADH,BHESAN,MALIDA,MALIDA,15,127
JUNAGADH,BHESAN,MANDVA,MANDVA,16,80
JUNAGADH,BHESAN,MENDPARA,MENDPARA,27,178
JUNAGADH,BHESAN,MORWADA,MORWADA,54,251
JUNAGADH,BHESAN,MOTA GUJARIYA,MOTAGUJARIYA,19,64
JUNAGADH,BHESAN,NANA GUJARIYA,NANAGUJARIYA,7,73
JUNAGADH,BHESAN,NAVA VAGHANIYA,NAVAVAGHANIYA,13,27
JUNAGADH,BHESAN,NAVI DHARI GUNDALI,NAVIDHARIGUNDALI,17,140
JUNAGADH,BHESAN,PARAB VAVDI,PARABVAVDI,88,293
JUNAGADH,BHESAN,PASWALA,PASWALA,5,48
JUNAGADH,BHESAN,PATLA,PATLA,20,74
JUNAGADH,BHESAN,PATWAD,PATWAD,14,40
JUNAGADH,BHESAN,PIPALIYA TADKA,PIPALIYATADKA,31,207
JUNAGADH,BHESAN,RAFALIYA,RAFALIYA,37,314
JUNAGADH,BHESAN,RANPUR,RANPUR,16,804
JUNAGADH,BHESAN,SAMATPARA,SAMATPARA,11,30
JUNAGADH,BHESAN,SANKROLA,SANKROLA,39,208
JUNAGADH,BHESAN,SARDARPAR,SARDARPAR,23,188
JUNAGADH,BHESAN,SUKHPUR,SUKHPUR,20,74
JUNAGADH,BHESAN,UMRALI,UMRALI,30,164
JUNAGADH,BHESAN,VANDARVAD,VANDARVAD,13,144
JUNAGADH,JUNAGADH,AMBALIYA,AMBALIYA,29,239
JUNAGADH,JUNAGADH,ANANDPUR,ANANDPUR,5,178
JUNAGADH,JUNAGADH,AVATADIYA MOTA,AVATADIYAMOTA,20,79
JUNAGADH,JUNAGADH,AVATADIYA NANA,AVATADIYANANA,11,40
JUNAGADH,JUNAGADH,BADALPUR,BADALPUR,12,167
JUNAGADH,JUNAGADH,BAGDU,BAGDU,96,627
JUNAGADH,JUNAGADH,BALIYAVAD,BALIYAVAD,28,145
JUNAGADH,JUNAGADH,BAMANGAM,BAMANGAM,35,87
JUNAGADH,JUNAGADH,BANDHALA,BANDHALA,51,270
JUNAGADH,JUNAGADH,BELA,BELA,13,88
JUNAGADH,JUNAGADH,BHALGAM,BHALGAM,13,85
JUNAGADH,JUNAGADH,BHIYAL,BHIYAL,45,203
JUNAGADH,JUNAGADH,BILKHA,BILKHA,39,223
JUNAGADH,JUNAGADH,CHOKI,CHOKI,126,403
JUNAGADH,JUNAGADH,CHOKLI,CHOKLI,38,114
JUNAGADH,JUNAGADH,CHORVADI,CHORVADI,43,192
JUNAGADH,JUNAGADH,DERVAN,DERVAN,11,84
JUNAGADH,JUNAGADH,DUNGARPUR,DUNGARPUR,27,122
JUNAGADH,JUNAGADH,GALIYAVADA,GALIYAVADA,34,344
JUNAGADH,JUNAGADH,GOLADHAR,GOLADHAR,30,372
JUNAGADH,JUNAGADH,INTALA,INTALA,6,51
JUNAGADH,JUNAGADH,ISAPUR,ISAPUR,31,121
JUNAGADH,JUNAGADH,IVNAGAR,IVNAGAR,20,172
JUNAGADH,JUNAGADH,JAMKA,JAMKA,46,365
JUNAGADH,JUNAGADH,JHALANSAR,JHALANSAR,51,223
JUNAGADH,JUNAGADH,KATHROTA,KATHROTA,85,305
JUNAGADH,JUNAGADH,KERALA,KERALA,32,182
JUNAGADH,JUNAGADH,KHADIYA,KHADIYA,74,425
JUNAGADH,JUNAGADH,KHALILPUR,KHALILPUR,23,177
JUNAGADH,JUNAGADH,MAJEVDI,MAJEVDI,107,670
JUNAGADH,JUNAGADH,MAKHIYALA,MAKHIYALA,70,546
JUNAGADH,JUNAGADH,MANDANPARA,MANDANPARA,38,98
JUNAGADH,JUNAGADH,MANDLIKPUR,MANDLIKPUR,37,229
JUNAGADH,JUNAGADH,MEVASA KAMRIBAINA,MEVASAKAMRIBAINA,27,200
JUNAGADH,JUNAGADH,MEVASA KHADIYA,MEVASAKHADIYA,7,122
JUNAGADH,JUNAGADH,NAVA PIPALIYA,NAVAPIPALIYA,59,292
JUNAGADH,JUNAGADH,NAVAGAM,NAVAGAM,19,86
JUNAGADH,JUNAGADH,PADARIYA,PADARIYA,4,65
JUNAGADH,JUNAGADH,PALASVA,PALASVA,50,241
JUNAGADH,JUNAGADH,PATAPUR,PATAPUR,10,103
JUNAGADH,JUNAGADH,PATRAPSAR,PATRAPSAR,40,294
JUNAGADH,JUNAGADH,PIPARDI TIMBO,PIPARDITIMBO,11,56
JUNAGADH,JUNAGADH,PRABHATPUR,PRABHATPUR,24,207
JUNAGADH,JUNAGADH,RAMESHVAR,RAMESHVAR,22,135
JUNAGADH,JUNAGADH,RUPAVATI,RUPAVATI,24,170
JUNAGADH,JUNAGADH,SAGDIVIDI,SAGDIVIDI,13,35
JUNAGADH,JUNAGADH,SALATHA,SALATHA,4,36
JUNAGADH,JUNAGADH,SANKHDAVADAR,SANKHDAVADAR,26,199
JUNAGADH,JUNAGADH,SEMRALA,SEMRALA,12,131
JUNAGADH,JUNAGADH,SODVADAR,SODVADAR,9,145
JUNAGADH,JUNAGADH,SUKHPUR,SUKHPUR,40,178
JUNAGADH,JUNAGADH,TALIYADHAR,TALIYADHAR,10,204
JUNAGADH,JUNAGADH,THUMBALA,THUMBALA,4,93
JUNAGADH,JUNAGADH,TORANIYA,TORANIYA,17,88
JUNAGADH,JUNAGADH,UMRALA,UMRALA,36,298
JUNAGADH,JUNAGADH,VADAL,VADAL,139,932
JUNAGADH,JUNAGADH,VADASIMDI,VADASIMDI,19,186
JUNAGADH,JUNAGADH,VADHAVI,VADHAVI,50,412
JUNAGADH,JUNAGADH,VANANDIYA,VANANDIYA,5,25
JUNAGADH,JUNAGADH,VIJAPUR,VIJAPUR,26,220
JUNAGADH,JUNAGADH,VIRPUR,VIRPUR,17,79
JUNAGADH,KESHOD,AGATRAI,AGATRAI,182,765
JUNAGADH,KESHOD,AJAB,AJAB,86,1023
JUNAGADH,KESHOD,AKHODAD,AKHODAD,38,266
JUNAGADH,KESHOD,BADODAR,BADODAR,55,396
JUNAGADH,KESHOD,BALAGAM,BALAGAM,59,1276
JUNAGADH,KESHOD,BAMANSA,BAMANSA,20,705
JUNAGADH,KESHOD,BAVA SIMROLI,BAVASIMROLI,29,201
JUNAGADH,KESHOD,BHAT SIMROLI,BHATSIMROLI,49,199
JUNAGADH,KESHOD,CHANDIGADH,CHANDIGADH,33,248
JUNAGADH,KESHOD,CHAR,CHAR,30,220
JUNAGADH,KESHOD,CHITRI,CHITRI,16,80
JUNAGADH,KESHOD,DERVAN,DERVAN,35,221
JUNAGADH,KESHOD,DHRABAVAD,DHRABAVAD,32,110
JUNAGADH,KESHOD,EKLERA,EKLERA,15,189
JUNAGADH,KESHOD,FAGLI,FAGLI,33,145
JUNAGADH,KESHOD,GELANA,GELANA,17,168
JUNAGADH,KESHOD,HANDLA,HANDLA,48,369
JUNAGADH,KESHOD,INDRANA,INDRANA,22,168
JUNAGADH,KESHOD,ISRA,ISRA,19,317
JUNAGADH,KESHOD,JONPUR,JONPUR,30,348
JUNAGADH,KESHOD,KALAVANI,KALAVANI,33,423
JUNAGADH,KESHOD,KANERI,KANERI,71,400
JUNAGADH,KESHOD,KEVADRA,KEVADRA,86,516
JUNAGADH,KESHOD,KHAMIDANA,KHAMIDANA,98,514
JUNAGADH,KESHOD,KHIRSARA,KHIRSARA,52,451
JUNAGADH,KESHOD,KOYALANA LATHIYA,KOYALANALATHIYA,61,181
JUNAGADH,KESHOD,MADHDA,MADHDA,17,131
JUNAGADH,KESHOD,MAGHARWADA,MAGHARWADA,49,198
JUNAGADH,KESHOD,MANEKWADA,MANEKWADA,77,421
JUNAGADH,KESHOD,MANGALPUR,MANGALPUR,39,212
JUNAGADH,KESHOD,MESVAN,MESVAN,59,772
JUNAGADH,KESHOD,MOTI GHANSARI,MOTIGHANSARI,121,519
JUNAGADH,KESHOD,MOVANA,MOVANA,48,320
JUNAGADH,KESHOD,MULIYASA,MULIYASA,22,184
JUNAGADH,KESHOD,NANI GHANSARI,NANIGHANSARI,20,176
JUNAGADH,KESHOD,NONJHANVAV,NONJHANVAV,44,245
JUNAGADH,KESHOD,NUNARDA,NUNARDA,16,80
JUNAGADH,KESHOD,PADODAR,PADODAR,42,377
JUNAGADH,KESHOD,PANCHALA,PANCHALA,83,328
JUNAGADH,KESHOD,PANKHAN,PANKHAN,42,549
JUNAGADH,KESHOD,PASVALIYA,PASVALIYA,2,97
JUNAGADH,KESHOD,PIPLI,PIPLI,16,353
JUNAGADH,KESHOD,PRANSLI,PRANSLI,58,202
JUNAGADH,KESHOD,RANGPUR,RANGPUR,24,430
JUNAGADH,KESHOD,RANINGPARA,RANINGPARA,41,89
JUNAGADH,KESHOD,REVADRA,REVADRA,16,130
JUNAGADH,KESHOD,SANGARSOLA,SANGARSOLA,19,127
JUNAGADH,KESHOD,SAROD,SAROD,31,208
JUNAGADH,KESHOD,SHERGADH,SHERGADH,61,1061
JUNAGADH,KESHOD,SILODAR,SILODAR,31,261
JUNAGADH,KESHOD,SONDARDA,SONDARDA,105,404
JUNAGADH,KESHOD,SUTREJ,SUTREJ,35,250
JUNAGADH,KESHOD,TITODI,TITODI,12,131
JUNAGADH,KODINAR,ADPOKAR,ADPOKAR,19,156
JUNAGADH,KODINAR,ADVI,ADVI,23,673
JUNAGADH,KODINAR,ALIDAR,ALIDAR,25,811
JUNAGADH,KODINAR,ANANDPUR,ANANDPUR,17,961
JUNAGADH,KODINAR,ARITHIYA,ARITHIYA,9,126
JUNAGADH,KODINAR,ARNEJ,ARNEJ,18,948
JUNAGADH,KODINAR,BARDA,BARDA,13,215
JUNAGADH,KODINAR,BODVA,BODVA,12,200
JUNAGADH,KODINAR,CHAUHAN NI KHAN,CHAUHANNIKHAN,32,488
JUNAGADH,KODINAR,CHHACHHAR,CHHACHHAR,43,210
JUNAGADH,KODINAR,CHHARA,CHHARA,10,891
JUNAGADH,KODINAR,CHIDIVAV,CHIDIVAV,36,152
JUNAGADH,KODINAR,DAMLI,DAMLI,28,314
JUNAGADH,KODINAR,DEVALPUR,DEVALPUR,9,221
JUNAGADH,KODINAR,DEVLI-DEDANI,DEVLIDEDANI,66,1139
JUNAGADH,KODINAR,DEVLI-GIR,DEVLIGIR,28,219
JUNAGADH,KODINAR,DOLASA,DOLASA,27,1140
JUNAGADH,KODINAR,DUDANA,DUDANA,17,269
JUNAGADH,KODINAR,FACHARIYA,FACHARIYA,4,146
JUNAGADH,KODINAR,FAFNI MOTI,FAFNIMOTI,30,266
JUNAGADH,KODINAR,FAFNI NANI,FAFNINANI,8,210
JUNAGADH,KODINAR,GHANTVAD,GHANTVAD,21,1415
JUNAGADH,KODINAR,GOHIL NI KHAN,GOHILNIKHAN,37,509
JUNAGADH,KODINAR,GOVINDPUR BHANDARIYA,GOVINDPURBHANDARIYA,3,214
JUNAGADH,KODINAR,HARMADIYA,HARMADIYA,30,430
JUNAGADH,KODINAR,INCHVAV NANI,INCHVAVNANI,11,166
JUNAGADH,KODINAR,JAGATIYA,JAGATIYA,8,110
JUNAGADH,KODINAR,JAMANVADA,JAMANVADA,20,756
JUNAGADH,KODINAR,JANTRAKHADI,JANTRAKHADI,4,197
JUNAGADH,KODINAR,JITHLA,JITHLA,15,170
JUNAGADH,KODINAR,KADODARA,KADODARA,33,585
JUNAGADH,KODINAR,KADVASAN,KADVASAN,28,347
JUNAGADH,KODINAR,KAJ,KAJ,32,739
JUNAGADH,KODINAR,KANTALA,KANTALA,24,200
JUNAGADH,KODINAR,KAREDA,KAREDA,26,151
JUNAGADH,KODINAR,MALGAM,MALGAM,3,229
JUNAGADH,KODINAR,MALSARAM,MALSARAM,48,410
JUNAGADH,KODINAR,MITIYAJ,MITIYAJ,43,662
JUNAGADH,KODINAR,MORVAD,MORVAD,47,220
JUNAGADH,KODINAR,MUL DWARKA,MULDWARKA,13,84
JUNAGADH,KODINAR,NAGADLA,NAGADLA,6,175
JUNAGADH,KODINAR,NANAVADA,NANAVADA,35,384
JUNAGADH,KODINAR,NAVAGAM,NAVAGAM,11,239
JUNAGADH,KODINAR,PANADAR,PANADAR,39,834
JUNAGADH,KODINAR,PANCH PIPALVA,PANCHPIPALVA,4,209
JUNAGADH,KODINAR,PAVTI,PAVTI,15,148
JUNAGADH,KODINAR,PEDHAVADA,PEDHAVADA,29,276
JUNAGADH,KODINAR,PICHHVA,PICHHVA,50,160
JUNAGADH,KODINAR,PICHHVI,PICHHVI,37,193
JUNAGADH,KODINAR,PIPALVA BAVANA,PIPALVABAVANA,35,258
JUNAGADH,KODINAR,PIPLI,PIPLI,19,670
JUNAGADH,KODINAR,RONAJ,RONAJ,14,205
JUNAGADH,KODINAR,SANDHNIDHAR,SANDHNIDHAR,9,135
JUNAGADH,KODINAR,SARKHADI,SARKHADI,59,810
JUNAGADH,KODINAR,SAYAJIRAJPURA,SAYAJIRAJPURA,33,118
JUNAGADH,KODINAR,SEDHAYA,SEDHAYA,26,302
JUNAGADH,KODINAR,SINGHAI,SINGHAI,6,474
JUNAGADH,KODINAR,SUGALA,SUGALA,52,293
JUNAGADH,KODINAR,VADNAGAR,VADNAGAR,35,583
JUNAGADH,KODINAR,VALADAR,VALADAR,2,129
JUNAGADH,KODINAR,VELAN,VELAN,79,523
JUNAGADH,KODINAR,VELVA,VELVA,20,224
JUNAGADH,KODINAR,VITHALPUR,VITHALPUR,30,254
JUNAGADH,MALIA,ACHHIDRA,ACHHIDRA,19,190
JUNAGADH,MALIA,AKALA,AKALA,35,160
JUNAGADH,MALIA,AKALA GIR,AKALAGIR,2,153
JUNAGADH,MALIA,AMBALGADH,AMBALGADH,31,105
JUNAGADH,MALIA,AMBECHA,AMBECHA,6,265
JUNAGADH,MALIA,AMRAPUR GIR,AMRAPURGIR,60,356
JUNAGADH,MALIA,AVANIYA,AVANIYA,20,351
JUNAGADH,MALIA,BABRA,BABRA,61,235
JUNAGADH,MALIA,BARULA,BARULA,53,313
JUNAGADH,MALIA,BHANDURI,BHANDURI,63,672
JUNAGADH,MALIA,BHANKHARVAD,BHANKHARVAD,4,116
JUNAGADH,MALIA,BODI,BODI,23,81
JUNAGADH,MALIA,BUDHECHA,BUDHECHA,26,304
JUNAGADH,MALIA,CHULDI,CHULDI,52,275
JUNAGADH,MALIA,DANDERI,DANDERI,14,98
JUNAGADH,MALIA,DEVGAM,DEVGAM,13,76
JUNAGADH,MALIA,DHANEJ MOTI,DHANEJMOTI,39,148
JUNAGADH,MALIA,DHANEJ NANI,DHANEJNANI,10,145
JUNAGADH,MALIA,DHARAMPUR,DHARAMPUR,30,104
JUNAGADH,MALIA,DHRABAVAD,DHRABAVAD,14,116
JUNAGADH,MALIA,DUDHALA,DUDHALA,22,135
JUNAGADH,MALIA,GADU,GADU,38,190
JUNAGADH,MALIA,GALODAR,GALODAR,35,546
JUNAGADH,MALIA,GANGECHA,GANGECHA,32,217
JUNAGADH,MALIA,GHUMLI,GHUMLI,38,210
JUNAGADH,MALIA,GHUNGHATI,GHUNGHATI,37,256
JUNAGADH,MALIA,GOTANA,GOTANA,29,212
JUNAGADH,MALIA,ITALI,ITALI,34,148
JUNAGADH,MALIA,JALONDAR,JALONDAR,55,154
JUNAGADH,MALIA,JANADI,JANADI,15,136
JUNAGADH,MALIA,JANGAR,JANGAR,20,217
JUNAGADH,MALIA,JANUDA,JANUDA,15,221
JUNAGADH,MALIA,JHADKA,JHADKA,20,58
JUNAGADH,MALIA,JHUNJHARPUR,JHUNJHARPUR,18,333
JUNAGADH,MALIA,KADAYA,KADAYA,23,218
JUNAGADH,MALIA,KALIMBHDA,KALIMBHDA,36,146
JUNAGADH,MALIA,KANEK,KANEK,18,262
JUNAGADH,MALIA,KATRASA,KATRASA,35,173
JUNAGADH,MALIA,KERALA,KERALA,27,107
JUNAGADH,MALIA,KHAMBHALIYA,KHAMBHALIYA,13,354
JUNAGADH,MALIA,KHERA,KHERA,11,388
JUNAGADH,MALIA,KHORASA GIR,KHORASAGIR,93,678
JUNAGADH,MALIA,KUKASVADA,KUKASVADA,65,689
JUNAGADH,MALIA,LACHHADI,LACHHADI,4,99
JUNAGADH,MALIA,LADUDI -GIR,LADUDIGIR,69,193
JUNAGADH,MALIA,LANGODRA,LANGODRA,20,189
JUNAGADH,MALIA,MALIYA,MALIYA,64,1355
JUNAGADH,MALIA,MATARVANIYA,MATARVANIYA,45,297
JUNAGADH,MALIA,PANIDHRA,PANIDHRA,62,220
JUNAGADH,MALIA,PANKUVA,PANKUVA,12,151
JUNAGADH,MALIA,PATLA,PATLA,6,126
JUNAGADH,MALIA,PIKHOR,PIKHOR,20,320
JUNAGADH,MALIA,PIPLVA,PIPLVA,12,40
JUNAGADH,MALIA,SAMDHIYALA,SAMDHIYALA,28,167
JUNAGADH,MALIA,SARKADIYA,SARKADIYA,40,122
JUNAGADH,MALIA,SHANTIPURA,SHANTIPURA,27,105
JUNAGADH,MALIA,SUKHPUR,SUKHPUR,50,296
JUNAGADH,MALIA,TARSINGDA,TARSINGDA,34,143
JUNAGADH,MALIA,VADALA,VADALA,49,274
JUNAGADH,MALIA,VADIYA,VADIYA,29,198
JUNAGADH,MALIA,VANDARVAD,VANDARVAD,38,212
JUNAGADH,MALIA,VIRDI,VIRDI,44,222
JUNAGADH,MALIA,VISANVEL,VISANVEL,51,662
JUNAGADH,MANAVADAR,AMBALIYA,AMBALIYA,18,365
JUNAGADH,MANAVADAR,BHALGAM,BHALGAM,9,78
JUNAGADH,MANAVADAR,BHALICHDA,BHALICHDA,11,79
JUNAGADH,MANAVADAR,BHINDORA,BHINDORA,12,352
JUNAGADH,MANAVADAR,BHITANA,BHITANA,34,298
JUNAGADH,MANAVADAR,BODKA,BODKA,24,388
JUNAGADH,MANAVADAR,BURI,BURI,35,301
JUNAGADH,MANAVADAR,CHIKHLODRA,CHIKHLODRA,19,298
JUNAGADH,MANAVADAR,CHUDVA,CHUDVA,58,487
JUNAGADH,MANAVADAR,DADVA,DADVA,15,261
JUNAGADH,MANAVADAR,DAGAD,DAGAD,5,149
JUNAGADH,MANAVADAR,DESHINGA,DESHINGA,17,421
JUNAGADH,MANAVADAR,EKLERA,EKLERA,14,72
JUNAGADH,MANAVADAR,GALVAV,GALVAV,33,259
JUNAGADH,MANAVADAR,GANA,GANA,5,371
JUNAGADH,MANAVADAR,INDRA,INDRA,7,630
JUNAGADH,MANAVADAR,JAMBUDA,JAMBUDA,31,172
JUNAGADH,MANAVADAR,JILANA,JILANA,22,377
JUNAGADH,MANAVADAR,KATAKPARA,KATAKPARA,25,153
JUNAGADH,MANAVADAR,KHADIYA,KHADIYA,37,376
JUNAGADH,MANAVADAR,KHAKHAVI,KHAKHAVI,2,64
JUNAGADH,MANAVADAR,KODVAV,KODVAV,36,826
JUNAGADH,MANAVADAR,KOTHADI,KOTHADI,56,404
JUNAGADH,MANAVADAR,KOTHARIYA,KOTHARIYA,18,209
JUNAGADH,MANAVADAR,KOYLANA,KOYLANA,78,662
JUNAGADH,MANAVADAR,LIMBUDA,LIMBUDA,11,735
JUNAGADH,MANAVADAR,MANDODRA,MANDODRA,63,346
JUNAGADH,MANAVADAR,MARMATH,MARMATH,16,500
JUNAGADH,MANAVADAR,MATIANA,MATIANA,35,538
JUNAGADH,MANAVADAR,MITADI,MITADI,40,276
JUNAGADH,MANAVADAR,NAKRA,NAKRA,113,605
JUNAGADH,MANAVADAR,NANADIYA,NANADIYA,51,589
JUNAGADH,MANAVADAR,NANDARKHA,NANDARKHA,15,200
JUNAGADH,MANAVADAR,PADARDI,PADARDI,14,222
JUNAGADH,MANAVADAR,PAJOD,PAJOD,46,499
JUNAGADH,MANAVADAR,PIPLANA,PIPLANA,58,552
JUNAGADH,MANAVADAR,RAFALA,RAFALA,18,182
JUNAGADH,MANAVADAR,RONKI,RONKI,5,112
JUNAGADH,MANAVADAR,SAMEGA,SAMEGA,13,564
JUNAGADH,MANAVADAR,SANOSRA,SANOSRA,47,618
JUNAGADH,MANAVADAR,SARADIYA,SARADIYA,57,238
JUNAGADH,MANAVADAR,SARANG PIPLI,SARANGPIPLI,41,309
JUNAGADH,MANAVADAR,SARDARGADH,SARDARGADH,90,789
JUNAGADH,MANAVADAR,SHERDI,SHERDI,9,361
JUNAGADH,MANAVADAR,SITANA,SITANA,13,176
JUNAGADH,MANAVADAR,SULTANABAD,SULTANABAD,47,434
JUNAGADH,MANAVADAR,THANIYANA,THANIYANA,18,612
JUNAGADH,MANAVADAR,THAPALA,THAPALA,21,327
JUNAGADH,MANAVADAR,UNTADI,UNTADI,10,193
JUNAGADH,MANAVADAR,VADA,VADA,18,231
JUNAGADH,MANAVADAR,VADALA,VADALA,15,250
JUNAGADH,MANAVADAR,VADASDA,VADASDA,7,531
JUNAGADH,MANAVADAR,VEKRI,VEKRI,31,549
JUNAGADH,MANAVADAR,VELVA,VELVA,26,774
JUNAGADH,MANAVADAR,ZINZRI,ZINZRI,48,716
JUNAGADH,MANGROL,AJAK,AJAK,19,639
JUNAGADH,MANGROL,ANTROLI,ANTROLI,36,380
JUNAGADH,MANGROL,ARENA,ARENA,33,456
JUNAGADH,MANGROL,BAGASRA-GHED,BAGASRAGHED,25,1182
JUNAGADH,MANGROL,BAMANVADA,BAMANVADA,4,401
JUNAGADH,MANGROL,BHATGAM,BHATGAM,11,269
JUNAGADH,MANGROL,BHATHROT,BHATHROT,8,323
JUNAGADH,MANGROL,CHANDVANA,CHANDVANA,41,513
JUNAGADH,MANGROL,CHANKHVA,CHANKHVA,11,142
JUNAGADH,MANGROL,CHINGARIYA,CHINGARIYA,14,97
JUNAGADH,MANGROL,CHOTILIVIDI,CHOTILIVIDI,12,144
JUNAGADH,MANGROL,DARSALI,DARSALI,23,312
JUNAGADH,MANGROL,DHELANA,DHELANA,24,387
JUNAGADH,MANGROL,DIVASA,DIVASA,30,308
JUNAGADH,MANGROL,DIVRANA,DIVRANA,18,259
JUNAGADH,MANGROL,FARANGTA,FARANGTA,9,181
JUNAGADH,MANGROL,FULRAMA,FULRAMA,52,385
JUNAGADH,MANGROL,GHODADAR,GHODADAR,23,265
JUNAGADH,MANGROL,GOREJ,GOREJ,75,318
JUNAGADH,MANGROL,HANTARPUR,HANTARPUR,5,200
JUNAGADH,MANGROL,HUSENABAD,HUSENABAD,58,305
JUNAGADH,MANGROL,JAMVALI,JAMVALI,21,941
JUNAGADH,MANGROL,JUTHAL,JUTHAL,75,701
JUNAGADH,MANGROL,KALEJ,KALEJ,16,387
JUNAGADH,MANGROL,KANKANA,KANKANA,30,155
JUNAGADH,MANGROL,KANKASA,KANKASA,40,483
JUNAGADH,MANGROL,KARAMDI,KARAMDI,19,138
JUNAGADH,MANGROL,KHODADA,KHODADA,33,2042
JUNAGADH,MANGROL,KOTDA JUNA,KOTDAJUNA,26,159
JUNAGADH,MANGROL,KOTDA NAVA,KOTDANAVA,6,141
JUNAGADH,MANGROL,LAMBORA,LAMBORA,12,224
JUNAGADH,MANGROL,LANGAD,LANGAD,30,251
JUNAGADH,MANGROL,LATHODRA,LATHODRA,59,605
JUNAGADH,MANGROL,LOHEJ,LOHEJ,40,970
JUNAGADH,MANGROL,MAKTUPUR,MAKTUPUR,30,1042
JUNAGADH,MANGROL,MANKHETRA,MANKHETRA,56,392
JUNAGADH,MANGROL,MEKHADI,MEKHADI,71,3961
JUNAGADH,MANGROL,MENANJ,MENANJ,9,203
JUNAGADH,MANGROL,MITI,MITI,42,444
JUNAGADH,MANGROL,NAGICHANA,NAGICHANA,82,832
JUNAGADH,MANGROL,NANDARKHI,NANDARKHI,28,232
JUNAGADH,MANGROL,OSA GHED,OSAGHED,27,603
JUNAGADH,MANGROL,RAHIJ,RAHIJ,43,794
JUNAGADH,MANGROL,ROODALPUR,ROODALPUR,55,247
JUNAGADH,MANGROL,SAKRANA,SAKRANA,2,235
JUNAGADH,MANGROL,SAMARDA,SAMARDA,29,441
JUNAGADH,MANGROL,SANDHA,SANDHA,32,710
JUNAGADH,MANGROL,SANGAVADA,SANGAVADA,29,235
JUNAGADH,MANGROL,SARSALI,SARSALI,45,139
JUNAGADH,MANGROL,SERIYAKHAN,SERIYAKHAN,28,319
JUNAGADH,MANGROL,SHAIKHPUR,SHAIKHPUR,15,149
JUNAGADH,MANGROL,SHAPUR,SHAPUR,27,423
JUNAGADH,MANGROL,SHARMA,SHARMA,27,492
JUNAGADH,MANGROL,SHEPA,SHEPA,58,341
JUNAGADH,MANGROL,SHERIYAJ,SHERIYAJ,31,598
JUNAGADH,MANGROL,SHIL,SHIL,13,651
JUNAGADH,MANGROL,SULTANPUR,SULTANPUR,61,262
JUNAGADH,MANGROL,TALODRA,TALODRA,15,283
JUNAGADH,MANGROL,THALI,THALI,24,194
JUNAGADH,MANGROL,VADLA,VADLA,5,299
JUNAGADH,MANGROL,VIROL,VIROL,24,184
JUNAGADH,MANGROL,VIRPUR,VIRPUR,2,147
JUNAGADH,MANGROL,ZARIYAVADA,ZARIYAVADA,12,373
JUNAGADH,MENDARDA,ALIDHRA,ALIDHRA,32,394
JUNAGADH,MENDARDA,AMARGADH,AMARGADH,12,94
JUNAGADH,MENDARDA,AMBALA,AMBALA,19,199
JUNAGADH,MENDARDA,AMBLA,AMBLA,18,123
JUNAGADH,MENDARDA,AMIYALA,AMIYALA,46,328
JUNAGADH,MENDARDA,AMRAPUR,AMRAPUR,12,105
JUNAGADH,MENDARDA,BABAR TIRATH,BABARTIRATH,27,140
JUNAGADH,MENDARDA,BARVALA,BARVALA,33,155
JUNAGADH,MENDARDA,CHANDRAVADI,CHANDRAVADI,21,139
JUNAGADH,MENDARDA,CHIRODA,CHIRODA,22,310
JUNAGADH,MENDARDA,DATRANA,DATRANA,49,656
JUNAGADH,MENDARDA,DEDAKIYAL,DEDAKIYAL,11,112
JUNAGADH,MENDARDA,DEVGADH,DEVGADH,44,130
JUNAGADH,MENDARDA,DHANDHAWADA,DHANDHAWADA,15,76
JUNAGADH,MENDARDA,GADAKIYA,GADAKIYA,11,11
JUNAGADH,MENDARDA,GADHALI,GADHALI,22,155
JUNAGADH,MENDARDA,GUNDALA,GUNDALA,12,377
JUNAGADH,MENDARDA,GUNDIYALI,GUNDIYALI,7,76
JUNAGADH,MENDARDA,ITALI,ITALI,6,68
JUNAGADH,MENDARDA,JHINJHUDA,JHINJHUDA,7,199
JUNAGADH,MENDARDA,KARSANGADH,KARSANGADH,15,38
JUNAGADH,MENDARDA,KENADIPUR,KENADIPUR,20,85
JUNAGADH,MENDARDA,KHADPIPLI,KHADPIPLI,19,1942
JUNAGADH,MENDARDA,KHIJADIYA,KHIJADIYA,45,129
JUNAGADH,MENDARDA,KHIM PADAR,KHIMPADAR,14,309
JUNAGADH,MENDARDA,LILVA,LILVA,8,79
JUNAGADH,MENDARDA,MALANKA,MALANKA,22,84
JUNAGADH,MENDARDA,MANPUR,MANPUR,22,97
JUNAGADH,MENDARDA,MENDRADA,MENDRADA,89,1304
JUNAGADH,MENDARDA,MITHAPUR,MITHAPUR,16,156
JUNAGADH,MENDARDA,MOTI KHODIYAR,MOTIKHODIYAR,14,135
JUNAGADH,MENDARDA,NAGALPUR,NAGALPUR,21,438
JUNAGADH,MENDARDA,NAJAPUR,NAJAPUR,13,79
JUNAGADH,MENDARDA,NAJAPUR (CHHATARIYA),NAJAPURCHHATARIYA,7,26
JUNAGADH,MENDARDA,NANI KHODIYAR,NANIKHODIYAR,18,93
JUNAGADH,MENDARDA,NATALIYA,NATALIYA,11,37
JUNAGADH,MENDARDA,PATARAMA,PATARAMA,20,120
JUNAGADH,MENDARDA,RAJAVAD,RAJAVAD,21,99
JUNAGADH,MENDARDA,RAJESAR,RAJESAR,30,196
JUNAGADH,MENDARDA,RANIDHAR,RANIDHAR,9,37
JUNAGADH,MENDARDA,SAMADHIYALA,SAMADHIYALA,71,412
JUNAGADH,MENDARDA,SIMASI,SIMASI,25,319
JUNAGADH,MENDARDA,SURAJGADH,SURAJGADH,9,214
JUNAGADH,MENDARDA,TIMBI,TIMBI,10,31
JUNAGADH,PATAN VERAVAL,ADRI,ADRI,21,842
JUNAGADH,PATAN VERAVAL,AJOTHA,AJOTHA,23,481
JUNAGADH,PATAN VERAVAL,AMBALIYALA,AMBALIYALA,33,309
JUNAGADH,PATAN VERAVAL,BADALPARA,BADALPARA,22,174
JUNAGADH,PATAN VERAVAL,BHALPARA,BHALPARA,54,430
JUNAGADH,PATAN VERAVAL,BHERALA,BHERALA,16,104
JUNAGADH,PATAN VERAVAL,BHETALI,BHETALI,22,114
JUNAGADH,PATAN VERAVAL,BIJ,BIJ,21,594
JUNAGADH,PATAN VERAVAL,BOLAS,BOLAS,40,571
JUNAGADH,PATAN VERAVAL,CHAMODA,CHAMODA,35,180
JUNAGADH,PATAN VERAVAL,CHANDUVAV,CHANDUVAV,40,97
JUNAGADH,PATAN VERAVAL,CHHAPRI (KHANDHERI),CHHAPRIKHANDHERI,13,114
JUNAGADH,PATAN VERAVAL,CHHATRODA,CHHATRODA,35,467
JUNAGADH,PATAN VERAVAL,DABHOR,DABHOR,7,305
JUNAGADH,PATAN VERAVAL,DARI,DARI,104,1255
JUNAGADH,PATAN VERAVAL,DEDA,DEDA,23,126
JUNAGADH,PATAN VERAVAL,GOVINDPARA,GOVINDPARA,37,367
JUNAGADH,PATAN VERAVAL,GUNVANTPUR,GUNVANTPUR,28,727
JUNAGADH,PATAN VERAVAL,HASNAVADAR,HASNAVADAR,16,72
JUNAGADH,PATAN VERAVAL,INAJ,INAJ,43,204
JUNAGADH,PATAN VERAVAL,INDROI,INDROI,40,227
JUNAGADH,PATAN VERAVAL,ISHVARIYA,ISHVARIYA,21,102
JUNAGADH,PATAN VERAVAL,KAJLI,KAJLI,16,443
JUNAGADH,PATAN VERAVAL,KHANDHERI,KHANDHERI,27,309
JUNAGADH,PATAN VERAVAL,KHERALI,KHERALI,25,123
JUNAGADH,PATAN VERAVAL,KINDARVA,KINDARVA,48,157
JUNAGADH,PATAN VERAVAL,KODIDARA,KODIDARA,7,152
JUNAGADH,PATAN VERAVAL,KUKRAS,KUKRAS,6,249
JUNAGADH,PATAN VERAVAL,LUMBHA,LUMBHA,24,182
JUNAGADH,PATAN VERAVAL,MALONDHA,MALONDHA,40,294
JUNAGADH,PATAN VERAVAL,MANDOR,MANDOR,9,85
JUNAGADH,PATAN VERAVAL,MATHASURIYA,MATHASURIYA,12,260
JUNAGADH,PATAN VERAVAL,MEGHPUR,MEGHPUR,22,416
JUNAGADH,PATAN VERAVAL,MITHAPUR,MITHAPUR,24,155
JUNAGADH,PATAN VERAVAL,MORAJ,MORAJ,42,159
JUNAGADH,PATAN VERAVAL,NAKHADA,NAKHADA,7,159
JUNAGADH,PATAN VERAVAL,NAVADRA,NAVADRA,30,597
JUNAGADH,PATAN VERAVAL,NAVAPARA,NAVAPARA,34,328
JUNAGADH,PATAN VERAVAL,PALDI,PALDI,29,141
JUNAGADH,PATAN VERAVAL,PANDVA,PANDVA,22,140
JUNAGADH,PATAN VERAVAL,PATAN (RURAL AREA),PATANRURALAREA,1,1
JUNAGADH,PATAN VERAVAL,RAMPARA,RAMPARA,51,306
JUNAGADH,PATAN VERAVAL,SARASVA,SARASVA,24,195
JUNAGADH,PATAN VERAVAL,SAVNI,SAVNI,11,395
JUNAGADH,PATAN VERAVAL,SIDOKAR,SIDOKAR,61,469
JUNAGADH,PATAN VERAVAL,SIMAR,SIMAR,49,542
JUNAGADH,PATAN VERAVAL,SONARIYA,SONARIYA,47,299
JUNAGADH,PATAN VERAVAL,SUPASI,SUPASI,40,210
JUNAGADH,PATAN VERAVAL,TANTIVELA,TANTIVELA,7,412
JUNAGADH,PATAN VERAVAL,UKADIYA,UKADIYA,31,166
JUNAGADH,PATAN VERAVAL,UMBA,UMBA,3,245
JUNAGADH,PATAN VERAVAL,UMRALA,UMRALA,29,142
JUNAGADH,PATAN VERAVAL,VADODRA DODIYA,VADODRADODIYA,60,1042
JUNAGADH,PATAN VERAVAL,VAVDI ADRI,VAVDIADRI,43,285
JUNAGADH,SUTRAPADA,ALIDHRA,ALIDHRA,41,172
JUNAGADH,SUTRAPADA,AMRAPUR,AMRAPUR,38,230
JUNAGADH,SUTRAPADA,ANAND PARA,ANANDPARA,21,148
JUNAGADH,SUTRAPADA,BAREVLA,BAREVLA,16,100
JUNAGADH,SUTRAPADA,BARULA,BARULA,4,197
JUNAGADH,SUTRAPADA,BHUVA TIMBI,BHUVATIMBI,5,339
JUNAGADH,SUTRAPADA,BHUVAVADA,BHUVAVADA,28,79
JUNAGADH,SUTRAPADA,BOSAN,BOSAN,3,171
JUNAGADH,SUTRAPADA,CHAGIYA,CHAGIYA,26,274
JUNAGADH,SUTRAPADA,DHAMLEJ,DHAMLEJ,28,2347
JUNAGADH,SUTRAPADA,GANGETHA,GANGETHA,31,121
JUNAGADH,SUTRAPADA,GHANTIYA,GHANTIYA,32,96
JUNAGADH,SUTRAPADA,GORAKH MADHI,GORAKHMADHI,57,450
JUNAGADH,SUTRAPADA,HARNASA,HARNASA,20,279
JUNAGADH,SUTRAPADA,KADSALAZ,KADSALAZ,9,85
JUNAGADH,SUTRAPADA,KADVAR,KADVAR,24,551
JUNAGADH,SUTRAPADA,KANJOTAR,KANJOTAR,9,380
JUNAGADH,SUTRAPADA,KHAMBHA,KHAMBHA,24,230
JUNAGADH,SUTRAPADA,KHERA,KHERA,7,196
JUNAGADH,SUTRAPADA,LAKHAPARA,LAKHAPARA,12,85
JUNAGADH,SUTRAPADA,LATI,LATI,55,1136
JUNAGADH,SUTRAPADA,LODHVA,LODHVA,127,1443
JUNAGADH,SUTRAPADA,MAHOBATPARA,MAHOBATPARA,36,165
JUNAGADH,SUTRAPADA,MATANA,MATANA,12,513
JUNAGADH,SUTRAPADA,MORADIYA,MORADIYA,37,308
JUNAGADH,SUTRAPADA,MORASA,MORASA,20,209
JUNAGADH,SUTRAPADA,NAVAGAM,NAVAGAM,16,274
JUNAGADH,SUTRAPADA,PADRUKA,PADRUKA,34,212
JUNAGADH,SUTRAPADA,PIPALVA,PIPALVA,21,229
JUNAGADH,SUTRAPADA,PRANSLI,PRANSLI,81,585
JUNAGADH,SUTRAPADA,PRASHNAVDA,PRASHNAVDA,49,1132
JUNAGADH,SUTRAPADA,RAKHEJ,RAKHEJ,70,777
JUNAGADH,SUTRAPADA,RANGPUR,RANGPUR,33,159
JUNAGADH,SUTRAPADA,SARA,SARA,13,163
JUNAGADH,SUTRAPADA,SINGSAR,SINGSAR,20,733
JUNAGADH,SUTRAPADA,SOLAJ,SOLAJ,32,357
JUNAGADH,SUTRAPADA,SUNDARPARA,SUNDARPARA,8,143
JUNAGADH,SUTRAPADA,THARELI,THARELI,42,138
JUNAGADH,SUTRAPADA,THORDI,THORDI,19,446
JUNAGADH,SUTRAPADA,TIMBDI,TIMBDI,21,38
JUNAGADH,SUTRAPADA,TOBRA,TOBRA,32,106
JUNAGADH,SUTRAPADA,UMBRI,UMBRI,16,485
JUNAGADH,SUTRAPADA,VADODRA (JHALA),VADODRAJHALA,21,934
JUNAGADH,SUTRAPADA,VANSAVAD,VANSAVAD,3,286
JUNAGADH,SUTRAPADA,VAVDI (SUTRA),VAVDISUTRA,17,864
JUNAGADH,SUTRAPADA,VIRODAR,VIRODAR,22,91
JUNAGADH,TALALA,AMBLASH,AMBLASH,66,612
JUNAGADH,TALALA,ANIDA,ANIDA,40,155
JUNAGADH,TALALA,ANKOLVADI,ANKOLVADI,32,444
JUNAGADH,TALALA,BAMANASA,BAMANASA,19,142
JUNAGADH,TALALA,BHALCHHEL,BHALCHHEL,31,90
JUNAGADH,TALALA,BHIMDEVAL,BHIMDEVAL,44,124
JUNAGADH,TALALA,BHOJDE,BHOJDE,23,182
JUNAGADH,TALALA,BORVAV,BORVAV,42,312
JUNAGADH,TALALA,CHITRAVAD,CHITRAVAD,38,560
JUNAGADH,TALALA,CHITROD,CHITROD,26,127
JUNAGADH,TALALA,DHANEJ(Bakula),DHANEJBAKULA,25,387
JUNAGADH,TALALA,DHAVA,DHAVA,56,337
JUNAGADH,TALALA,DHRAMANVA,DHRAMANVA,5,153
JUNAGADH,TALALA,GABHA,GABHA,35,272
JUNAGADH,TALALA,GALIYAWAD,GALIYAWAD,13,68
JUNAGADH,TALALA,GHUNSIYA,GHUNSIYA,29,280
JUNAGADH,TALALA,GUNDARAN,GUNDARAN,50,245
JUNAGADH,TALALA,HADMATIYA,HADMATIYA,55,327
JUNAGADH,TALALA,HARIPUR,HARIPUR,49,219
JUNAGADH,TALALA,HIRANVEL,HIRANVEL,5,59
JUNAGADH,TALALA,JAMALPARA,JAMALPARA,3,59
JUNAGADH,TALALA,JASADHAR,JASADHAR,33,367
JUNAGADH,TALALA,JASAPUR,JASAPUR,12,112
JUNAGADH,TALALA,JAVANTRI,JAVANTRI,34,209
JUNAGADH,TALALA,JEPUR,JEPUR,18,118
JUNAGADH,TALALA,KHIRDHAR,KHIRDHAR,4,118
JUNAGADH,TALALA,LUSHALA,LUSHALA,20,68
JUNAGADH,TALALA,MADHUPUR JAMBUR,MADHUPURJAMBUR,18,895
JUNAGADH,TALALA,MALJHINJHVA,MALJHINJHVA,62,178
JUNAGADH,TALALA,MANDORNA,MANDORNA,40,117
JUNAGADH,TALALA,MORUKA,MORUKA,59,240
JUNAGADH,TALALA,PIKHOR,PIKHOR,7,199
JUNAGADH,TALALA,PIPALVA,PIPALVA,18,154
JUNAGADH,TALALA,RAMARECHI,RAMARECHI,65,207
JUNAGADH,TALALA,RAMPARA,RAMPARA,10,155
JUNAGADH,TALALA,RASULPURA,RASULPURA,34,150
JUNAGADH,TALALA,RATIDHAR,RATIDHAR,29,153
JUNAGADH,TALALA,RAYDI,RAYDI,18,97
JUNAGADH,TALALA,SANGODRA,SANGODRA,7,110
JUNAGADH,TALALA,SASAN,SASAN,9,19
JUNAGADH,TALALA,SEMALIYA,SEMALIYA,7,87
JUNAGADH,TALALA,SEMARVAV,SEMARVAV,53,300
JUNAGADH,TALALA,SURVA,SURVA,37,369
JUNAGADH,TALALA,UMRETHI,UMRETHI,8,758
JUNAGADH,TALALA,VADALA,VADALA,22,190
JUNAGADH,TALALA,VADLA,VADLA,20,157
JUNAGADH,TALALA,VIRPUR,VIRPUR,63,139
JUNAGADH,TALALA,VITHALPUR,VITHALPUR,4,119
JUNAGADH,UNA,AMBADA,AMBADA,38,259
JUNAGADH,UNA,AMBAVAD,AMBAVAD,4,84
JUNAGADH,UNA,AMODRA,AMODRA,40,961
JUNAGADH,UNA,ANJAR,ANJAR,36,200
JUNAGADH,UNA,ANKOLALI,ANKOLALI,3,66
JUNAGADH,UNA,BABARIYA,BABARIYA,5,35
JUNAGADH,UNA,BANDHARDA,BANDHARDA,13,102
JUNAGADH,UNA,BEDIYA,BEDIYA,29,194
JUNAGADH,UNA,BHACHA,BHACHA,89,194
JUNAGADH,UNA,BHADASI,BHADASI,4,111
JUNAGADH,UNA,BHADIYADAR,BHADIYADAR,27,230
JUNAGADH,UNA,BHAKHA,BHAKHA,9,81
JUNAGADH,UNA,BHEBHA,BHEBHA,30,169
JUNAGADH,UNA,BHINGRAN,BHINGRAN,8,187
JUNAGADH,UNA,BHIYAL,BHIYAL,20,136
JUNAGADH,UNA,BODIDAR,BODIDAR,36,492
JUNAGADH,UNA,CHANCHAKVAD,CHANCHAKVAD,34,84
JUNAGADH,UNA,CHIKHLI,CHIKHLI,30,176
JUNAGADH,UNA,CHORALI MOTI,CHORALIMOTI,14,64
JUNAGADH,UNA,DAMASA,DAMASA,13,196
JUNAGADH,UNA,DANDI,DANDI,30,107
JUNAGADH,UNA,DELVADA,DELVADA,83,608
JUNAGADH,UNA,DHOKADVA,DHOKADVA,14,264
JUNAGADH,UNA,DHRABAVAD,DHRABAVAD,39,133
JUNAGADH,UNA,DRON,DRON,60,146
JUNAGADH,UNA,DUDHALA,DUDHALA,4,66
JUNAGADH,UNA,ELAMPUR,ELAMPUR,49,242
JUNAGADH,UNA,FAREDA,FAREDA,4,50
JUNAGADH,UNA,FATSAR,FATSAR,30,217
JUNAGADH,UNA,FULKA,FULKA,31,167
JUNAGADH,UNA,GANGDA,GANGDA,79,604
JUNAGADH,UNA,GARAL,GARAL,17,465
JUNAGADH,UNA,GIR GADHADA,GIRGADHADA,55,263
JUNAGADH,UNA,GUNDALA,GUNDALA,9,67
JUNAGADH,UNA,ITVAYA,ITVAYA,7,205
JUNAGADH,UNA,JAMVALA,JAMVALA,43,143
JUNAGADH,UNA,JARAGLI,JARAGLI,11,251
JUNAGADH,UNA,JHANJHARIYA,JHANJHARIYA,10,98
JUNAGADH,UNA,JHANKHARVADA,JHANKHARVADA,11,119
JUNAGADH,UNA,JHUDVADLI,JHUDVADLI,4,132
JUNAGADH,UNA,KAJARDI,KAJARDI,14,288
JUNAGADH,UNA,KAKIDI MOLI,KAKIDIMOLI,23,113
JUNAGADH,UNA,KALAPAN,KALAPAN,15,147
JUNAGADH,UNA,KANAKBARDA,KANAKBARDA,33,250
JUNAGADH,UNA,KANAKIYA,KANAKIYA,47,199
JUNAGADH,UNA,KANDHI,KANDHI,98,434
JUNAGADH,UNA,KANERI,KANERI,29,185
JUNAGADH,UNA,KANSARI,KANSARI,75,160
JUNAGADH,UNA,KANSARIYA,KANSARIYA,8,38
JUNAGADH,UNA,KESARIYA,KESARIYA,41,180
JUNAGADH,UNA,KHAJUDRA,KHAJUDRA,5,293
JUNAGADH,UNA,KHAN,KHAN,7,131
JUNAGADH,UNA,KHAPAT,KHAPAT,47,185
JUNAGADH,UNA,KHEDA,KHEDA,9,100
JUNAGADH,UNA,KHETARIWADA,KHETARIWADA,25,319
JUNAGADH,UNA,KHILAVAD,KHILAVAD,3,187
JUNAGADH,UNA,KOB,KOB,73,716
JUNAGADH,UNA,KODIYA,KODIYA,58,126
JUNAGADH,UNA,KOTHARI,KOTHARI,32,151
JUNAGADH,UNA,LAMDHAR,LAMDHAR,11,122
JUNAGADH,UNA,LERKA,LERKA,8,172
JUNAGADH,UNA,LUVARI MOLI,LUVARIMOLI,4,88
JUNAGADH,UNA,MADHGAM,MADHGAM,19,101
JUNAGADH,UNA,MAGHARDI,MAGHARDI,3,128
JUNAGADH,UNA,MAHOBATPARA,MAHOBATPARA,15,181
JUNAGADH,UNA,MANEKPUR,MANEKPUR,30,243
JUNAGADH,UNA,MEN,MEN,19,103
JUNAGADH,UNA,MOTA DESAR,MOTADESAR,16,227
JUNAGADH,UNA,MOTA SAMADHIYALA,MOTASAMADHIYALA,26,260
JUNAGADH,UNA,MOTHA,MOTHA,14,301
JUNAGADH,UNA,MOTI MOLI,MOTIMOLI,37,128
JUNAGADH,UNA,MOTISAR,MOTISAR,11,64
JUNAGADH,UNA,NAGADIYA,NAGADIYA,9,100
JUNAGADH,UNA,NALIYA MANDVI,NALIYAMANDVI,96,415
JUNAGADH,UNA,NALIYERI MOLI,NALIYERIMOLI,22,186
JUNAGADH,UNA,NANA SAMADHIYALA,NANASAMADHIYALA,19,316
JUNAGADH,UNA,NANDAN,NANDAN,1,109
JUNAGADH,UNA,NANDRAKH,NANDRAKH,10,61
JUNAGADH,UNA,NATHAL,NATHAL,51,147
JUNAGADH,UNA,NATHEJ,NATHEJ,54,272
JUNAGADH,UNA,NAVABANDAR,NAVABANDAR,27,131
JUNAGADH,UNA,NESDA,NESDA,8,47
JUNAGADH,UNA,NIKLI,NIKLI,9,63
JUNAGADH,UNA,OLVAN,OLVAN,15,285
JUNAGADH,UNA,PADAPADAR,PADAPADAR,7,279
JUNAGADH,UNA,PALDI,PALDI,60,409
JUNAGADH,UNA,PANDERI,PANDERI,17,557
JUNAGADH,UNA,PANKHAN,PANKHAN,53,152
JUNAGADH,UNA,PASWALA,PASWALA,8,249
JUNAGADH,UNA,PATAPUR,PATAPUR,19,70
JUNAGADH,UNA,RAJPUT RAJPARA,RAJPUTRAJPARA,26,321
JUNAGADH,UNA,RAMESHVAR,RAMESHVAR,14,95
JUNAGADH,UNA,RAMPARA,RAMPARA,12,163
JUNAGADH,UNA,RANVASI,RANVASI,18,97
JUNAGADH,UNA,RASULPARA,RASULPARA,11,80
JUNAGADH,UNA,RATAD,RATAD,4,129
JUNAGADH,UNA,REVAD,REVAD,18,123
JUNAGADH,UNA,SAIYAD RAJPARA,SAIYADRAJPARA,44,172
JUNAGADH,UNA,SAMTER,SAMTER,75,268
JUNAGADH,UNA,SANAKHDA,SANAKHDA,7,643
JUNAGADH,UNA,SANJAVAPUR,SANJAVAPUR,19,125
JUNAGADH,UNA,SANOSRI,SANOSRI,7,120
JUNAGADH,UNA,SANVAV,SANVAV,16,366
JUNAGADH,UNA,SENJALIYA,SENJALIYA,27,160
JUNAGADH,UNA,SHAHDESAR,SHAHDESAR,16,146
JUNAGADH,UNA,SILOJ,SILOJ,51,194
JUNAGADH,UNA,SIMAR,SIMAR,77,902
JUNAGADH,UNA,SIMASI,SIMASI,58,197
JUNAGADH,UNA,SOKHDA,SOKHDA,3,226
JUNAGADH,UNA,SONARI,SONARI,3,182
JUNAGADH,UNA,SONARIYA,SONARIYA,20,52
JUNAGADH,UNA,SONDARDA,SONDARDA,15,51
JUNAGADH,UNA,SONDARDI,SONDARDI,32,111
JUNAGADH,UNA,SONPURA,SONPURA,34,165
JUNAGADH,UNA,SULTANPUR,SULTANPUR,13,65
JUNAGADH,UNA,TAD,TAD,9,556
JUNAGADH,UNA,THORDI,THORDI,13,60
JUNAGADH,UNA,UGLA,UGLA,20,155
JUNAGADH,UNA,UMEDPARA,UMEDPARA,10,81
JUNAGADH,UNA,UMEJ,UMEJ,17,247
JUNAGADH,UNA,UNDARI,UNDARI,53,189
JUNAGADH,UNA,UNTWALA,UNTWALA,12,266
JUNAGADH,UNA,VADLI,VADLI,5,58
JUNAGADH,UNA,VADVIYALA,VADVIYALA,19,299
JUNAGADH,UNA,VAJDI,VAJDI,3,141
JUNAGADH,UNA,VANKIYA,VANKIYA,47,217
JUNAGADH,UNA,VANSOJ,VANSOJ,26,295
JUNAGADH,UNA,VARSINGPUR,VARSINGPUR,13,147
JUNAGADH,UNA,VAVARDA,VAVARDA,27,319
JUNAGADH,UNA,VELAKOT,VELAKOT,8,121
JUNAGADH,UNA,YAJPUR,YAJPUR,50,214
JUNAGADH,VANTHALI,AKHA,AKHA,103,499
JUNAGADH,VANTHALI,BALOT,BALOT,53,304
JUNAGADH,VANTHALI,BANDHDA,BANDHDA,10,86
JUNAGADH,VANTHALI,BANTIYA,BANTIYA,47,316
JUNAGADH,VANTHALI,BARWALA,BARWALA,38,149
JUNAGADH,VANTHALI,BHATIYA,BHATIYA,25,163
JUNAGADH,VANTHALI,BODKA,BODKA,11,109
JUNAGADH,VANTHALI,DHANDHUSAR,DHANDHUSAR,135,900
JUNAGADH,VANTHALI,DHANFULIYA,DHANFULIYA,45,324
JUNAGADH,VANTHALI,DUNGRI,DUNGRI,40,181
JUNAGADH,VANTHALI,GADOI,GADOI,66,214
JUNAGADH,VANTHALI,GANTHILA,GANTHILA,9,57
JUNAGADH,VANTHALI,GHANTIYA,GHANTIYA,31,87
JUNAGADH,VANTHALI,GHUDVADAR,GHUDVADAR,14,126
JUNAGADH,VANTHALI,KAJALIYA MOTA,KAJALIYAMOTA,30,242
JUNAGADH,VANTHALI,KAJALIYA NANA,KAJALIYANANA,8,193
JUNAGADH,VANTHALI,KANJHA,KANJHA,57,467
JUNAGADH,VANTHALI,KANJHADI,KANJHADI,57,268
JUNAGADH,VANTHALI,KHOKHARDA,KHOKHARDA,74,292
JUNAGADH,VANTHALI,KHORASA,KHORASA,98,299
JUNAGADH,VANTHALI,KHUMBHDI,KHUMBHDI,36,174
JUNAGADH,VANTHALI,KOYLI,KOYLI,88,908
JUNAGADH,VANTHALI,LUSHALA,LUSHALA,91,250
JUNAGADH,VANTHALI,LUVARSAR,LUVARSAR,10,82
JUNAGADH,VANTHALI,MAHOBATPUR,MAHOBATPUR,36,257
JUNAGADH,VANTHALI,MEGHPUR,MEGHPUR,22,285
JUNAGADH,VANTHALI,NAGADIYA,NAGADIYA,20,139
JUNAGADH,VANTHALI,NANDARKHI (RANIJIVID,NANDARKHIRANIJIVID,31,129
JUNAGADH,VANTHALI,NAREDI,NAREDI,74,214
JUNAGADH,VANTHALI,NAVADA,NAVADA,48,430
JUNAGADH,VANTHALI,NAVLAKHI,NAVLAKHI,48,177
JUNAGADH,VANTHALI,RAVNI,RAVNI,36,1275
JUNAGADH,VANTHALI,RAYPUR,RAYPUR,12,83
JUNAGADH,VANTHALI,SANTALPUR,SANTALPUR,52,411
JUNAGADH,VANTHALI,SELRA,SELRA,10,76
JUNAGADH,VANTHALI,SENDARDA,SENDARDA,39,200
JUNAGADH,VANTHALI,SHAPUR,SHAPUR,49,856
JUNAGADH,VANTHALI,SONARDI,SONARDI,31,164
JUNAGADH,VANTHALI,SUKHPUR,SUKHPUR,23,135
JUNAGADH,VANTHALI,THANAPIPLI,THANAPIPLI,84,614
JUNAGADH,VANTHALI,TIKAR-PADARDI,TIKARPADARDI,66,211
JUNAGADH,VANTHALI,TINMAS,TINMAS,66,466
JUNAGADH,VANTHALI,UMATWADA,UMATWADA,32,158
JUNAGADH,VANTHALI,VADLA,VADLA,21,193
JUNAGADH,VANTHALI,VASPADA,VASPADA,24,170
JUNAGADH,VANTHALI,ZAMPODAD,ZAMPODAD,74,478
JUNAGADH,VISAVADAR,AMBALA,AMBALA,31,168
JUNAGADH,VISAVADAR,BARADIYA,BARADIYA,30,243
JUNAGADH,VISAVADAR,BHALGAM,BHALGAM,112,431
JUNAGADH,VISAVADAR,BHAT VAVDI,BHATVAVDI,8,124
JUNAGADH,VISAVADAR,BHUTDI,BHUTDI,64,187
JUNAGADH,VISAVADAR,CHAPARDA,CHAPARDA,38,172
JUNAGADH,VISAVADAR,CHAVAND JUNI,CHAVANDJUNI,24,140
JUNAGADH,VISAVADAR,CHAVAND NAVI,CHAVANDNAVI,31,180
JUNAGADH,VISAVADAR,CHHALDA,CHHALDA,30,86
JUNAGADH,VISAVADAR,CHHELANKA,CHHELANKA,41,125
JUNAGADH,VISAVADAR,DADAR,DADAR,19,344
JUNAGADH,VISAVADAR,DESAI VADALA,DESAIVADALA,8,72
JUNAGADH,VISAVADAR,DHEBAR,DHEBAR,51,176
JUNAGADH,VISAVADAR,DUDHALA,DUDHALA,20,103
JUNAGADH,VISAVADAR,GHANTIYAN,GHANTIYAN,5,58
JUNAGADH,VISAVADAR,GHODASAN,GHODASAN,16,220
JUNAGADH,VISAVADAR,GOVINDPARA,GOVINDPARA,20,73
JUNAGADH,VISAVADAR,HADMATIYA MOTA,HADMATIYAMOTA,18,351
JUNAGADH,VISAVADAR,HADMATIYA NANA,HADMATIYANANA,28,111
JUNAGADH,VISAVADAR,HARIPUR,HARIPUR,26,108
JUNAGADH,VISAVADAR,ISHARIYA MANDAVAD,ISHARIYAMANDAVAD,23,139
JUNAGADH,VISAVADAR,ISHVARIYA (GIR),ISHVARIYAGIR,23,135
JUNAGADH,VISAVADAR,JAMBALA,JAMBALA,34,153
JUNAGADH,VISAVADAR,JAMBUDA,JAMBUDA,91,311
JUNAGADH,VISAVADAR,JAMBUDI,JAMBUDI,11,49
JUNAGADH,VISAVADAR,JAVALDI,JAVALDI,9,48
JUNAGADH,VISAVADAR,JETALVAD,JETALVAD,59,263
JUNAGADH,VISAVADAR,JHANJHESAR,JHANJHESAR,16,315
JUNAGADH,VISAVADAR,KALAVAD,KALAVAD,50,161
JUNAGADH,VISAVADAR,KALSARI,KALSARI,72,395
JUNAGADH,VISAVADAR,KANAVADLA,KANAVADLA,42,125
JUNAGADH,VISAVADAR,KANKCHIYALA,KANKCHIYALA,17,106
JUNAGADH,VISAVADAR,KHAMBHA GIR,KHAMBHAGIR,31,106
JUNAGADH,VISAVADAR,KHAMBHALIYA,KHAMBHALIYA,65,215
JUNAGADH,VISAVADAR,KHIJADIYA,KHIJADIYA,10,91
JUNAGADH,VISAVADAR,KOTDA MOTA,KOTDAMOTA,90,357
JUNAGADH,VISAVADAR,KOTDA NANA,KOTDANANA,43,265
JUNAGADH,VISAVADAR,KUBA(RAVANI),KUBARAVANI,38,127
JUNAGADH,VISAVADAR,LALPUR,LALPUR,44,154
JUNAGADH,VISAVADAR,LERIYA,LERIYA,46,189
JUNAGADH,VISAVADAR,LILIYA,LILIYA,29,104
JUNAGADH,VISAVADAR,LIMADHRA,LIMADHRA,44,162
JUNAGADH,VISAVADAR,LUNGHIYA,LUNGHIYA,19,454
JUNAGADH,VISAVADAR,MAHUDA,MAHUDA,10,70
JUNAGADH,VISAVADAR,MAHUDI,MAHUDI,10,45
JUNAGADH,VISAVADAR,MANANDIYA,MANANDIYA,18,118
JUNAGADH,VISAVADAR,MANDAVAD,MANDAVAD,39,131
JUNAGADH,VISAVADAR,MANGANATH PIPLI,MANGANATHPIPLI,28,153
JUNAGADH,VISAVADAR,MIYA VADLA,MIYAVADLA,28,66
JUNAGADH,VISAVADAR,MONIYA,MONIYA,61,267
JUNAGADH,VISAVADAR,MONPARI MOTI,MONPARIMOTI,51,535
JUNAGADH,VISAVADAR,MONPARI NANI,MONPARINANI,39,243
JUNAGADH,VISAVADAR,NAVANIYA,NAVANIYA,33,282
JUNAGADH,VISAVADAR,PINDAKHAI MOTI,PINDAKHAIMOTI,48,182
JUNAGADH,VISAVADAR,PINDAKHAI NANI,PINDAKHAINANI,64,143
JUNAGADH,VISAVADAR,PIPALIYA HAJANI,PIPALIYAHAJANI,59,154
JUNAGADH,VISAVADAR,PIRVAD,PIRVAD,40,185
JUNAGADH,VISAVADAR,PIYAVA GIR,PIYAVAGIR,24,86
JUNAGADH,VISAVADAR,PREMPARA,PREMPARA,63,311
JUNAGADH,VISAVADAR,RABARIKA,RABARIKA,32,124
JUNAGADH,VISAVADAR,RAJPARA,RAJPARA,19,88
JUNAGADH,VISAVADAR,RATANG,RATANG,22,63
JUNAGADH,VISAVADAR,RAVANI MUNDIYA,RAVANIMUNDIYA,31,139
JUNAGADH,VISAVADAR,RAVANI(KUBA),RAVANIKUBA,14,195
JUNAGADH,VISAVADAR,RUPAVATI,RUPAVATI,22,82
JUNAGADH,VISAVADAR,SARSAI,SARSAI,75,509
JUNAGADH,VISAVADAR,SHAPAR,SHAPAR,76,294
JUNAGADH,VISAVADAR,SHIRVANIYA,SHIRVANIYA,13,54
JUNAGADH,VISAVADAR,SHOBHAVADLA GIR,SHOBHAVADLAGIR,13,128
JUNAGADH,VISAVADAR,SHOBHAVADLA LASHKAR,SHOBHAVADLALASHKAR,41,226
JUNAGADH,VISAVADAR,SUDAVAD,SUDAVAD,70,236
JUNAGADH,VISAVADAR,SUKHPUR,SUKHPUR,18,119
JUNAGADH,VISAVADAR,VADALA SHETRANJ,VADALASHETRANJ,15,302
JUNAGADH,VISAVADAR,VAJDI,VAJDI,39,97
JUNAGADH,VISAVADAR,VEKARIYA,VEKARIYA,81,345
JUNAGADH,VISAVADAR,VICHHAVAD,VICHHAVAD,59,1185
JUNAGADH,VISAVADAR,VIRPUR,VIRPUR,43,231
KACHCHH,ABDASA,AIDA,AIDA,45,798
KACHCHH,ABDASA,AKRI MOTI,AKRIMOTI,12,363
KACHCHH,ABDASA,ARIKHANA,ARIKHANA,4,484
KACHCHH,ABDASA,ASHAPAR,ASHAPAR,31,560
KACHCHH,ABDASA,BALACHOD MOTI,BALACHODMOTI,29,394
KACHCHH,ABDASA,BALACHOD NANI,BALACHODNANI,8,300
KACHCHH,ABDASA,BALAPAR,BALAPAR,18,458
KACHCHH,ABDASA,BANDIYA,BANDIYA,20,931
KACHCHH,ABDASA,BARA,BARA,35,2440
KACHCHH,ABDASA,BER MOTI,BERMOTI,11,505
KACHCHH,ABDASA,BER NANI,BERNANI,36,189
KACHCHH,ABDASA,BERACHIYA,BERACHIYA,23,275
KACHCHH,ABDASA,BHACHUNDA,BHACHUNDA,78,563
KACHCHH,ABDASA,BHANADA,BHANADA,39,466
KACHCHH,ABDASA,BHAVANIPAR,BHAVANIPAR,68,744
KACHCHH,ABDASA,BHEDI PAY,BHEDIPAY,188,2249
KACHCHH,ABDASA,BHIMPAR,BHIMPAR,12,114
KACHCHH,ABDASA,BHOA,BHOA,20,134
KACHCHH,ABDASA,BITIARI,BITIARI,41,820
KACHCHH,ABDASA,BITTA,BITTA,100,831
KACHCHH,ABDASA,BOHA,BOHA,17,183
KACHCHH,ABDASA,BUDDHRO,BUDDHRO,26,458
KACHCHH,ABDASA,BUDIYA,BUDIYA,11,145
KACHCHH,ABDASA,BUTTA ABDAWALI,BUTTAABDAWALI,15,652
KACHCHH,ABDASA,CHAROPDI MOTI,CHAROPDIMOTI,42,297
KACHCHH,ABDASA,CHAROPDI NANI,CHAROPDINANI,30,124
KACHCHH,ABDASA,CHAVADAKA,CHAVADAKA,8,46
KACHCHH,ABDASA,CHHACHHI,CHHACHHI,8,469
KACHCHH,ABDASA,CHHADURA,CHHADURA,77,528
KACHCHH,ABDASA,CHHASRA,CHHASRA,26,239
KACHCHH,ABDASA,CHIYASAR,CHIYASAR,9,507
KACHCHH,ABDASA,DABAN,DABAN,9,725
KACHCHH,ABDASA,DAHA,DAHA,1,46
KACHCHH,ABDASA,DHANAVADA,DHANAVADA,7,524
KACHCHH,ABDASA,DHUFI MOTI,DHUFIMOTI,17,642
KACHCHH,ABDASA,DHUFI NANI,DHUFINANI,43,540
KACHCHH,ABDASA,DHUNVAI,DHUNVAI,9,95
KACHCHH,ABDASA,DUMRA,DUMRA,32,774
KACHCHH,ABDASA,FULAY,FULAY,14,381
KACHCHH,ABDASA,FULAY VANDH,FULAYVANDH,17,56
KACHCHH,ABDASA,GADHVADA,GADHVADA,41,432
KACHCHH,ABDASA,GOLAY,GOLAY,20,181
KACHCHH,ABDASA,GOYLA,GOYLA,27,485
KACHCHH,ABDASA,GUDTHAR,GUDTHAR,5,188
KACHCHH,ABDASA,HADAPAR,HADAPAR,33,2182
KACHCHH,ABDASA,HAJAPAR,HAJAPAR,42,145
KACHCHH,ABDASA,HINGANIA,HINGANIA,8,487
KACHCHH,ABDASA,HOTHIAY,HOTHIAY,7,132
KACHCHH,ABDASA,JAGADIYA,JAGADIYA,16,398
KACHCHH,ABDASA,JAKHAU,JAKHAU,13,2632
KACHCHH,ABDASA,JANA-KOSA,JANAKOSA,11,151
KACHCHH,ABDASA,JASAPAR,JASAPAR,1,135
KACHCHH,ABDASA,KADOLI,KADOLI,27,242
KACHCHH,ABDASA,KALA TALAV,KALATALAV,9,385
KACHCHH,ABDASA,KAMAND,KAMAND,7,129
KACHCHH,ABDASA,KANAKPAR,KANAKPAR,59,2076
KACHCHH,ABDASA,KANDHAY,KANDHAY,34,298
KACHCHH,ABDASA,KARAIYA,KARAIYA,8,190
KACHCHH,ABDASA,KARAMTA,KARAMTA,23,191
KACHCHH,ABDASA,KARODIYA MOTA,KARODIYAMOTA,6,487
KACHCHH,ABDASA,KARODIYA NANA,KARODIYANANA,4,216
KACHCHH,ABDASA,KHANAY,KHANAY,7,531
KACHCHH,ABDASA,KHARUA,KHARUA,3,186
KACHCHH,ABDASA,KHIRSARA KOTHARA,KHIRSARAKOTHARA,10,320
KACHCHH,ABDASA,KHIRSARA VINJHAN,KHIRSARAVINJHAN,4,201
KACHCHH,ABDASA,KHUADO,KHUADO,5,190
KACHCHH,ABDASA,KOSA,KOSA,37,290
KACHCHH,ABDASA,KOTHARA,KOTHARA,188,2249
KACHCHH,ABDASA,KUKADAU,KUKADAU,5,279
KACHCHH,ABDASA,KUNATHIA,KUNATHIA,18,1144
KACHCHH,ABDASA,KUVAPADDHAR,KUVAPADDHAR,27,188
KACHCHH,ABDASA,LAIYARI,LAIYARI,8,219
KACHCHH,ABDASA,LAKHANIA,LAKHANIA,10,2230
KACHCHH,ABDASA,LALA,LALA,12,355
KACHCHH,ABDASA,LATHEDI,LATHEDI,11,666
KACHCHH,ABDASA,MIYANI,MIYANI,17,224
KACHCHH,ABDASA,MOHADI,MOHADI,6,68
KACHCHH,ABDASA,MOKHRA,MOKHRA,27,485
KACHCHH,ABDASA,MOTHALA,MOTHALA,60,2294
KACHCHH,ABDASA,NAGOR,NAGOR,4,56
KACHCHH,ABDASA,NALIA,NALIA,166,1869
KACHCHH,ABDASA,NANDHRA MOTA,NANDHRAMOTA,29,106
KACHCHH,ABDASA,NANDHRA NANA,NANDHRANANA,14,281
KACHCHH,ABDASA,NANGIYA,NANGIYA,3,399
KACHCHH,ABDASA,NARANPAR,NARANPAR,5,236
KACHCHH,ABDASA,NAREDI,NAREDI,29,551
KACHCHH,ABDASA,NAVAVAS,NAVAVAS,8,83
KACHCHH,ABDASA,NUNDHATAD,NUNDHATAD,49,603
KACHCHH,ABDASA,PAIYA,PAIYA,188,2249
KACHCHH,ABDASA,PAT,PAT,7,452
KACHCHH,ABDASA,PIYONI,PIYONI,50,220
KACHCHH,ABDASA,PRAJAU,PRAJAU,23,804
KACHCHH,ABDASA,RAGAN VANDH,RAGANVANDH,4,22
KACHCHH,ABDASA,RAMPAR,RAMPAR,80,1010
KACHCHH,ABDASA,RANPAR,RANPAR,1,63
KACHCHH,ABDASA,RAPAR GADH,RAPARGADH,4,223
KACHCHH,ABDASA,RAVA,RAVA,65,567
KACHCHH,ABDASA,RAYDHANJAR,RAYDHANJAR,2,235
KACHCHH,ABDASA,RAYDHANPAR,RAYDHANPAR,6,385
KACHCHH,ABDASA,RELADIYA MANJAL,RELADIYAMANJAL,20,389
KACHCHH,ABDASA,SAMANDA,SAMANDA,2,344
KACHCHH,ABDASA,SANDHAN,SANDHAN,31,1019
KACHCHH,ABDASA,SANDHAV,SANDHAV,36,432
KACHCHH,ABDASA,SANOSARA,SANOSARA,34,587
KACHCHH,ABDASA,SANYARA,SANYARA,5,519
KACHCHH,ABDASA,SARANGVADO,SARANGVADO,6,77
KACHCHH,ABDASA,SINDHODI MOTI,SINDHODIMOTI,14,545
KACHCHH,ABDASA,SINDHODI NANI,SINDHODINANI,8,64
KACHCHH,ABDASA,SUDADHRO MOTI,SUDADHROMOTI,95,771
KACHCHH,ABDASA,SUDADHRO NANI,SUDADHRONANI,9,463
KACHCHH,ABDASA,SUJAPAR,SUJAPAR,3,409
KACHCHH,ABDASA,SUKHPAR BARA,SUKHPARBARA,8,201
KACHCHH,ABDASA,SUKHPAR SAYANDH,SUKHPARSAYANDH,13,133
KACHCHH,ABDASA,SUTHARI,SUTHARI,25,2182
KACHCHH,ABDASA,TERA,TERA,83,2628
KACHCHH,ABDASA,THUMADI,THUMADI,13,90
KACHCHH,ABDASA,TRAMBAU,TRAMBAU,10,355
KACHCHH,ABDASA,UKIR,UKIR,16,227
KACHCHH,ABDASA,USTIYA BANDIYA,USTIYABANDIYA,3,383
KACHCHH,ABDASA,VADAPADDHAR,VADAPADDHAR,22,368
KACHCHH,ABDASA,VADSAR,VADSAR,23,448
KACHCHH,ABDASA,VAGAPADDHAR,VAGAPADDHAR,5,334
KACHCHH,ABDASA,VAGOTH,VAGOTH,45,125
KACHCHH,ABDASA,VALSRA,VALSRA,9,159
KACHCHH,ABDASA,VAMOTI MOTI,VAMOTIMOTI,2,493
KACHCHH,ABDASA,VAMOTI NANI,VAMOTINANI,23,603
KACHCHH,ABDASA,VANDH TIMBO,VANDHTIMBO,3,133
KACHCHH,ABDASA,VANKU,VANKU,79,794
KACHCHH,ABDASA,VARADIYA,VARADIYA,12,512
KACHCHH,ABDASA,VARANDI MOTI,VARANDIMOTI,4,1410
KACHCHH,ABDASA,VARANDI NANI,VARANDINANI,102,1209
KACHCHH,ABDASA,VARNORI BUDIA,VARNORIBUDIA,8,47
KACHCHH,ABDASA,VAYOR,VAYOR,67,334
KACHCHH,ABDASA,VINGABER,VINGABER,1,212
KACHCHH,ABDASA,VINJHAN,VINJHAN,102,1418
KACHCHH,ANJAR,AJAPAR,AJAPAR,24,890
KACHCHH,ANJAR,AMBAPAR,AMBAPAR,12,1262
KACHCHH,ANJAR,AMRAPAR-1,AMRAPAR1,10,24
KACHCHH,ANJAR,AMRAPAR-2,AMRAPAR2,9,91
KACHCHH,ANJAR,BHADROI,BHADROI,12,172
KACHCHH,ANJAR,BHALOT,BHALOT,24,328
KACHCHH,ANJAR,BHIMASAR,BHIMASAR,169,912
KACHCHH,ANJAR,BHUVAD,BHUVAD,175,894
KACHCHH,ANJAR,BUDHARMORA,BUDHARMORA,21,428
KACHCHH,ANJAR,CHANDIYA,CHANDIYA,24,583
KACHCHH,ANJAR,CHANDRANI,CHANDRANI,61,3525
KACHCHH,ANJAR,CHANDRAPAR,CHANDRAPAR,3,60
KACHCHH,ANJAR,CHANDRODA,CHANDRODA,97,849
KACHCHH,ANJAR,DEVALIYA,DEVALIYA,25,2522
KACHCHH,ANJAR,DEVISAR,DEVISAR,5,138
KACHCHH,ANJAR,DHAMADKA,DHAMADKA,72,1235
KACHCHH,ANJAR,DUDHAI,DUDHAI,120,978
KACHCHH,ANJAR,HAMIRPAR,HAMIRPAR,6,61
KACHCHH,ANJAR,HIRAPAR,HIRAPAR,10,908
KACHCHH,ANJAR,JARU,JARU,33,563
KACHCHH,ANJAR,KHAMBHARA,KHAMBHARA,39,466
KACHCHH,ANJAR,KHARA PASHWADIA,KHARAPASHWADIA,33,248
KACHCHH,ANJAR,KHEDOI,KHEDOI,74,934
KACHCHH,ANJAR,KHENGARPAR,KHENGARPAR,4,96
KACHCHH,ANJAR,KHIRSARA,KHIRSARA,28,430
KACHCHH,ANJAR,KHOKHRA,KHOKHRA,53,916
KACHCHH,ANJAR,KOTDA,KOTDA,43,662
KACHCHH,ANJAR,KUMBHARIYA,KUMBHARIYA,4,526
KACHCHH,ANJAR,LAKHAPAR,LAKHAPAR,39,736
KACHCHH,ANJAR,LOHARIYA MOTA,LOHARIYAMOTA,6,99
KACHCHH,ANJAR,LOHARIYA NANA,LOHARIYANANA,6,43
KACHCHH,ANJAR,MAKHIANA,MAKHIANA,15,172
KACHCHH,ANJAR,MARINGANA,MARINGANA,13,98
KACHCHH,ANJAR,MATHAK,MATHAK,34,666
KACHCHH,ANJAR,MATHDA,MATHDA,63,537
KACHCHH,ANJAR,MEGHPAR BORICHI,MEGHPARBORICHI,70,248
KACHCHH,ANJAR,MEGHPAR KUMBHARDI,MEGHPARKUMBHARDI,52,180
KACHCHH,ANJAR,MINDIALA,MINDIALA,20,337
KACHCHH,ANJAR,MITHA PASHWADIA,MITHAPASHWADIA,9,226
KACHCHH,ANJAR,MODSAR,MODSAR,32,411
KACHCHH,ANJAR,MODVADAR,MODVADAR,17,320
KACHCHH,ANJAR,NAGALPAR MOTI,NAGALPARMOTI,61,325
KACHCHH,ANJAR,NAGALPAR NANI,NAGALPARNANI,24,73
KACHCHH,ANJAR,NAGAVALADIYA,NAGAVALADIYA,12,1110
KACHCHH,ANJAR,NAVAGAM,NAVAGAM,4,243
KACHCHH,ANJAR,NINGAL,NINGAL,51,2062
KACHCHH,ANJAR,PANTIYA,PANTIYA,16,66
KACHCHH,ANJAR,PASHUDA,PASHUDA,14,580
KACHCHH,ANJAR,RAMPAR,RAMPAR,4,432
KACHCHH,ANJAR,RAPAR,RAPAR,18,1713
KACHCHH,ANJAR,RATATALAV,RATATALAV,23,1211
KACHCHH,ANJAR,RATNAL,RATNAL,44,880
KACHCHH,ANJAR,SANGAD,SANGAD,39,2496
KACHCHH,ANJAR,SAPERA,SAPERA,45,308
KACHCHH,ANJAR,SATAPAR,SATAPAR,40,579
KACHCHH,ANJAR,SINUGRA,SINUGRA,60,341
KACHCHH,ANJAR,SUGARIYA,SUGARIYA,49,2068
KACHCHH,ANJAR,TAPAR,TAPAR,29,1081
KACHCHH,ANJAR,TUNA,TUNA,124,694
KACHCHH,ANJAR,VADA,VADA,11,134
KACHCHH,ANJAR,VALADIYA BITTA EAST,VALADIYABITTAEAST,10,587
KACHCHH,ANJAR,VALADIYA BITTA WEST,VALADIYABITTAWEST,15,458
KACHCHH,ANJAR,VARSAMEDI,VARSAMEDI,52,1170
KACHCHH,ANJAR,VARSANA,VARSANA,42,325
KACHCHH,ANJAR,VIDI,VIDI,50,196
KACHCHH,ANJAR,VIRA,VIRA,29,725
KACHCHH,BHACHAU,ADHOL PASAKAYARA,ADHOLPASAKAYARA,99,1986
KACHCHH,BHACHAU,AMARAPAR,AMARAPAR,11,298
KACHCHH,BHACHAU,AMARDI,AMARDI,40,571
KACHCHH,BHACHAU,AMBALIYARA,AMBALIYARA,46,2569
KACHCHH,BHACHAU,BAMBHANKA,BAMBHANKA,12,282
KACHCHH,BHACHAU,BANDHADI,BANDHADI,38,686
KACHCHH,BHACHAU,BANIARI,BANIARI,4,436
KACHCHH,BHACHAU,BAPUARI,BAPUARI,6,65
KACHCHH,BHACHAU,BHARUDIA,BHARUDIA,90,1180
KACHCHH,BHACHAU,BHUJPAR,BHUJPAR,5,138
KACHCHH,BHACHAU,CHANDRODI,CHANDRODI,17,340
KACHCHH,BHACHAU,CHHADVALA,CHHADVALA,40,3198
KACHCHH,BHACHAU,CHIRAI MOTI,CHIRAIMOTI,87,1220
KACHCHH,BHACHAU,CHIRAI NANI,CHIRAINANI,21,583
KACHCHH,BHACHAU,CHOBARI,CHOBARI,115,4275
KACHCHH,BHACHAU,CHOPADVA,CHOPADVA,46,568
KACHCHH,BHACHAU,DHOLAVIRA,DHOLAVIRA,15,347
KACHCHH,BHACHAU,GADHADA,GADHADA,9,75
KACHCHH,BHACHAU,GAMDAU,GAMDAU,9,154
KACHCHH,BHACHAU,GANESHPAR,GANESHPAR,14,330
KACHCHH,BHACHAU,GHARANA,GHARANA,14,537
KACHCHH,BHACHAU,GODPAR,GODPAR,72,3182
KACHCHH,BHACHAU,HALRA,HALRA,18,284
KACHCHH,BHACHAU,JADSA,JADSA,133,1477
KACHCHH,BHACHAU,JANAN,JANAN,20,769
KACHCHH,BHACHAU,JANGI,JANGI,40,1389
KACHCHH,BHACHAU,KABRAU,KABRAU,16,645
KACHCHH,BHACHAU,KADOL,KADOL,29,650
KACHCHH,BHACHAU,KAKARVA,KAKARVA,61,589
KACHCHH,BHACHAU,KALYANPAR,KALYANPAR,20,313
KACHCHH,BHACHAU,KANKHOL,KANKHOL,30,516
KACHCHH,BHACHAU,KANTHKOT,KANTHKOT,111,1304
KACHCHH,BHACHAU,KARMARIYA,KARMARIYA,58,540
KACHCHH,BHACHAU,KATARIYA JUNA,KATARIYAJUNA,117,1565
KACHCHH,BHACHAU,KATARIYA NAVA,KATARIYANAVA,33,459
KACHCHH,BHACHAU,KHARODA,KHARODA,13,144
KACHCHH,BHACHAU,KHAROI,KHAROI,58,661
KACHCHH,BHACHAU,KHODASAR,KHODASAR,4,406
KACHCHH,BHACHAU,KUMBHARDI,KUMBHARDI,20,554
KACHCHH,BHACHAU,LAKADIYA,LAKADIYA,199,1905
KACHCHH,BHACHAU,LAKHAPAR,LAKHAPAR,67,3182
KACHCHH,BHACHAU,LAKHAVAT,LAKHAVAT,73,3182
KACHCHH,BHACHAU,LAKHDHIRGADH ALEPAR,LAKHDHIRGADHALEPAR,67,3182
KACHCHH,BHACHAU,LAKHPAT,LAKHPAT,41,641
KACHCHH,BHACHAU,LALIANA,LALIANA,20,761
KACHCHH,BHACHAU,LUNVA,LUNVA,42,718
KACHCHH,BHACHAU,MANFARA,MANFARA,57,591
KACHCHH,BHACHAU,MAY,MAY,14,1149
KACHCHH,BHACHAU,MEGHPAR KUNJISAR,MEGHPARKUNJISAR,25,198
KACHCHH,BHACHAU,MODPAR,MODPAR,75,4231
KACHCHH,BHACHAU,MORGAR-DESALPAR,MORGARDESALPAR,54,3749
KACHCHH,BHACHAU,NARA,NARA,7,214
KACHCHH,BHACHAU,NARANSARI,NARANSARI,16,316
KACHCHH,BHACHAU,NER,NER,6,620
KACHCHH,BHACHAU,PIPRAPATI,PIPRAPATI,74,730
KACHCHH,BHACHAU,RAJANSAR,RAJANSAR,25,267
KACHCHH,BHACHAU,RAJTHALI,RAJTHALI,6,258
KACHCHH,BHACHAU,RAMPAR,RAMPAR,31,634
KACHCHH,BHACHAU,RATANPAR,RATANPAR,17,230
KACHCHH,BHACHAU,SAMAKHIALI,SAMAKHIALI,73,728
KACHCHH,BHACHAU,SHIKARPUR,SHIKARPUR,81,1406
KACHCHH,BHACHAU,SHIVLAKHA,SHIVLAKHA,36,1840
KACHCHH,BHACHAU,SIKARA,SIKARA,99,1019
KACHCHH,BHACHAU,SUKHPAR,SUKHPAR,47,467
KACHCHH,BHACHAU,TORANIYA,TORANIYA,163,1500
KACHCHH,BHACHAU,VAMKA,VAMKA,31,305
KACHCHH,BHACHAU,VANDHIYA,VANDHIYA,67,3182
KACHCHH,BHACHAU,VASATVA,VASATVA,13,219
KACHCHH,BHACHAU,VIJPASAR,VIJPASAR,43,669
KACHCHH,BHACHAU,VONDH,VONDH,89,3203
KACHCHH,BHACHAU,VONDHADA,VONDHADA,17,430
KACHCHH,BHUJ,ANANDSAR,ANANDSAR,38,171
KACHCHH,BHUJ,ANDHAU,ANDHAU,65,518
KACHCHH,BHUJ,BALADIYA,BALADIYA,113,541
KACHCHH,BHUJ,BANDHARA MOTA,BANDHARAMOTA,54,499
KACHCHH,BHUJ,BANDHARA NANA,BANDHARANANA,41,382
KACHCHH,BHUJ,BAUKHO ODHEJA,BAUKHOODHEJA,38,166
KACHCHH,BHUJ,BAUKHO SAMA,BAUKHOSAMA,38,166
KACHCHH,BHUJ,BHARAPAR,BHARAPAR,45,488
KACHCHH,BHUJ,BHARASAR,BHARASAR,29,344
KACHCHH,BHUJ,BHUJODI,BHUJODI,88,280
KACHCHH,BHUJ,CHAKAR,CHAKAR,6,15
KACHCHH,BHUJ,CHAPRELI,CHAPRELI,49,585
KACHCHH,BHUJ,CHUBDAK,CHUBDAK,96,507
KACHCHH,BHUJ,CHUNADI,CHUNADI,78,403
KACHCHH,BHUJ,DAGALA,DAGALA,118,3921
KACHCHH,BHUJ,DAHINSARA,DAHINSARA,82,446
KACHCHH,BHUJ,DESHALPAR,DESHALPAR,64,311
KACHCHH,BHUJ,DHANETI,DHANETI,220,1457
KACHCHH,BHUJ,DHONSA,DHONSA,28,51
KACHCHH,BHUJ,DHORAVAR,DHORAVAR,57,264
KACHCHH,BHUJ,DHORI,DHORI,43,770
KACHCHH,BHUJ,DHRANG,DHRANG,13,505
KACHCHH,BHUJ,DHRODANA,DHRODANA,24,504
KACHCHH,BHUJ,DINARA,DINARA,81,792
KACHCHH,BHUJ,FOTDI,FOTDI,25,1499
KACHCHH,BHUJ,FULAY,FULAY,3,207
KACHCHH,BHUJ,FULRA,FULRA,24,108
KACHCHH,BHUJ,GADA,GADA,52,283
KACHCHH,BHUJ,GAJOD,GAJOD,106,677
KACHCHH,BHUJ,GALPADAR,GALPADAR,14,104
KACHCHH,BHUJ,GANDHER,GANDHER,3,352
KACHCHH,BHUJ,GHODHRA TIMBO,GHODHRATIMBO,10,36
KACHCHH,BHUJ,GODPAR KHAVDA,GODPARKHAVDA,14,145
KACHCHH,BHUJ,GODPAR SARLI,GODPARSARLI,15,129
KACHCHH,BHUJ,GODSAR RAKHAL,GODSARRAKHAL,4,54
KACHCHH,BHUJ,HABAY,HABAY,19,271
KACHCHH,BHUJ,HAJAPAR,HAJAPAR,14,134
KACHCHH,BHUJ,HARUDI,HARUDI,26,156
KACHCHH,BHUJ,JADURA,JADURA,37,159
KACHCHH,BHUJ,JAM KUNARIA,JAMKUNARIA,30,337
KACHCHH,BHUJ,JAMBUDI,JAMBUDI,78,459
KACHCHH,BHUJ,JAWAHARNAGAR,JAWAHARNAGAR,55,910
KACHCHH,BHUJ,JHUMKHA,JHUMKHA,48,211
KACHCHH,BHUJ,JIKADI,JIKADI,40,465
KACHCHH,BHUJ,JUNA,JUNA,4,194
KACHCHH,BHUJ,JURA,JURA,35,631
KACHCHH,BHUJ,KALI TALAVDI,KALITALAVDI,38,563
KACHCHH,BHUJ,KALYANPAR,KALYANPAR,5,213
KACHCHH,BHUJ,KAMAGUNA,KAMAGUNA,8,168
KACHCHH,BHUJ,KANAIYA BE,KANAIYABE,104,573
KACHCHH,BHUJ,KANDERAI,KANDERAI,22,308
KACHCHH,BHUJ,KANPAR,KANPAR,36,225
KACHCHH,BHUJ,KERA,KERA,168,875
KACHCHH,BHUJ,KHARI,KHARI,48,298
KACHCHH,BHUJ,KHAVDA,KHAVDA,31,120
KACHCHH,BHUJ,KHILNA,KHILNA,12,63
KACHCHH,BHUJ,KODKI,KODKI,116,438
KACHCHH,BHUJ,KOTAY,KOTAY,2,411
KACHCHH,BHUJ,KOTDA ATHAMANA,KOTDAATHAMANA,15,1157
KACHCHH,BHUJ,KUKMA,KUKMA,117,828
KACHCHH,BHUJ,KUNARIA NANA-MOTA,KUNARIANANAMOTA,89,788
KACHCHH,BHUJ,KURAN,KURAN,25,1487
KACHCHH,BHUJ,KURBAI,KURBAI,60,2079
KACHCHH,BHUJ,KUVATHADA,KUVATHADA,24,86
KACHCHH,BHUJ,LAKHOND,LAKHOND,77,575
KACHCHH,BHUJ,LER,LER,46,235
KACHCHH,BHUJ,LODAI,LODAI,45,1454
KACHCHH,BHUJ,LORIA,LORIA,112,1026
KACHCHH,BHUJ,LUDIYA,LUDIYA,61,534
KACHCHH,BHUJ,MADHAPAR,MADHAPAR,129,681
KACHCHH,BHUJ,MAKANPAR,MAKANPAR,22,113
KACHCHH,BHUJ,MAKHNA,MAKHNA,73,367
KACHCHH,BHUJ,MAMUARA,MAMUARA,20,590
KACHCHH,BHUJ,MANKUVA,MANKUVA,199,1429
KACHCHH,BHUJ,MEGHPAR,MEGHPAR,62,254
KACHCHH,BHUJ,MOD BHAKHARI,MODBHAKHARI,6,11
KACHCHH,BHUJ,MODSAR,MODSAR,101,347
KACHCHH,BHUJ,MOKHANA,MOKHANA,100,798
KACHCHH,BHUJ,NABHOI SAMA,NABHOISAMA,1,15
KACHCHH,BHUJ,NADAPA,NADAPA,166,2540
KACHCHH,BHUJ,NAGIYARI,NAGIYARI,60,337
KACHCHH,BHUJ,NAGOR,NAGOR,78,262
KACHCHH,BHUJ,NALIYERI TIMBO,NALIYERITIMBO,29,109
KACHCHH,BHUJ,NARANPAR PASAYATI,NARANPARPASAYATI,44,214
KACHCHH,BHUJ,NARANPAR RAVRI,NARANPARRAVRI,99,470
KACHCHH,BHUJ,NATHARKUI,NATHARKUI,11,203
KACHCHH,BHUJ,NAVAVAS,NAVAVAS,5,19
KACHCHH,BHUJ,NOKHANIYA,NOKHANIYA,54,181
KACHCHH,BHUJ,NOTIYAR BHAKHARI,NOTIYARBHAKHARI,5,29
KACHCHH,BHUJ,PADHAR,PADHAR,51,2419
KACHCHH,BHUJ,PAIYA,PAIYA,23,174
KACHCHH,BHUJ,PALARA,PALARA,38,92
KACHCHH,BHUJ,PAYARKO,PAYARKO,13,111
KACHCHH,BHUJ,PIRVADI,PIRVADI,31,98
KACHCHH,BHUJ,PURASAR,PURASAR,12,78
KACHCHH,BHUJ,RATADIYA,RATADIYA,53,696
KACHCHH,BHUJ,RATIYA,RATIYA,17,342
KACHCHH,BHUJ,RAYDHANPAR,RAYDHANPAR,54,209
KACHCHH,BHUJ,REHA MOTA,REHAMOTA,41,389
KACHCHH,BHUJ,REHA NANA,REHANANA,116,601
KACHCHH,BHUJ,RELDI MOTI,RELDIMOTI,72,338
KACHCHH,BHUJ,RELDI NANI,RELDINANI,64,316
KACHCHH,BHUJ,RUDRAMATA,RUDRAMATA,11,31
KACHCHH,BHUJ,SADAU RAKHAL,SADAURAKHAL,3,48
KACHCHH,BHUJ,SADHARA,SADHARA,9,206
KACHCHH,BHUJ,SAIYEDPAR,SAIYEDPAR,3,57
KACHCHH,BHUJ,SAKRAI TIMBO,SAKRAITIMBO,14,116
KACHCHH,BHUJ,SAMATRA,SAMATRA,69,371
KACHCHH,BHUJ,SANGAD TIMBO,SANGADTIMBO,9,49
KACHCHH,BHUJ,SANOSARA,SANOSARA,6,137
KACHCHH,BHUJ,SAPAR TIMBO,SAPARTIMBO,14,99
KACHCHH,BHUJ,SARASPAR,SARASPAR,27,168
KACHCHH,BHUJ,SARLI,SARLI,30,1306
KACHCHH,BHUJ,SEDATA,SEDATA,52,236
KACHCHH,BHUJ,SOYLA,SOYLA,26,280
KACHCHH,BHUJ,SUKHPAR,SUKHPAR,69,347
KACHCHH,BHUJ,SUMARASAR -SHEKHVALI,SUMARASARSHEKHVALI,23,752
KACHCHH,BHUJ,SUMARASAR JATVALI,SUMARASARJATVALI,24,92
KACHCHH,BHUJ,TANKANASAR,TANKANASAR,29,101
KACHCHH,BHUJ,THARAVADA,THARAVADA,22,258
KACHCHH,BHUJ,TRAMBAU,TRAMBAU,16,122
KACHCHH,BHUJ,TRAYA,TRAYA,20,161
KACHCHH,BHUJ,TRAYA BHAKHRI,TRAYABHAKHRI,17,90
KACHCHH,BHUJ,UKHADMORA,UKHADMORA,29,301
KACHCHH,BHUJ,VADASAR,VADASAR,26,163
KACHCHH,BHUJ,VADJHAR,VADJHAR,21,138
KACHCHH,BHUJ,VADVA,VADVA,40,276
KACHCHH,BHUJ,VADVARA,VADVARA,8,156
KACHCHH,BHUJ,VANDH SIM,VANDHSIM,59,144
KACHCHH,BHUJ,VANDHAY,VANDHAY,26,238
KACHCHH,BHUJ,VANTRA,VANTRA,11,420
KACHCHH,BHUJ,VARLI,VARLI,30,325
KACHCHH,BHUJ,VARNORA MOTA,VARNORAMOTA,65,224
KACHCHH,BHUJ,VARNORA NANA,VARNORANANA,15,208
KACHCHH,BHUJ,VATACHHAD,VATACHHAD,27,219
KACHCHH,BHUJ,VAVDI,VAVDI,36,150
KACHCHH,BHUJ,VINCHHIYA,VINCHHIYA,27,115
KACHCHH,BHUJ,VIRAI,VIRAI,22,60
KACHCHH,BHUJ,VYARA,VYARA,33,138
KACHCHH,BHUJ,ZIZU TIMBO,ZIZUTIMBO,11,52
KACHCHH,GANDHIDHAM,ANTARJAL,ANTARJAL,54,295
KACHCHH,GANDHIDHAM,BHARAPAR,BHARAPAR,55,493
KACHCHH,GANDHIDHAM,CHUDAVA,CHUDAVA,89,393
KACHCHH,GANDHIDHAM,GALPADAR,GALPADAR,116,221
KACHCHH,GANDHIDHAM,KIDANA,KIDANA,66,463
KACHCHH,GANDHIDHAM,MITHI ROHAR,MITHIROHAR,220,1095
KACHCHH,GANDHIDHAM,PADANA,PADANA,114,400
KACHCHH,GANDHIDHAM,SHINAY,SHINAY,160,1003
KACHCHH,LAKHPAT,AKARI,AKARI,18,51
KACHCHH,LAKHPAT,AMIYA,AMIYA,29,186
KACHCHH,LAKHPAT,ASHALDI SUJA VANDH,ASHALDISUJAVANDH,32,54
KACHCHH,LAKHPAT,ATDO,ATDO,22,142
KACHCHH,LAKHPAT,BAIYAVO,BAIYAVO,10,63
KACHCHH,LAKHPAT,BARANDA,BARANDA,68,154
KACHCHH,LAKHPAT,BHADARA MOTA,BHADARAMOTA,16,369
KACHCHH,LAKHPAT,BHADARA NANA,BHADARANANA,7,135
KACHCHH,LAKHPAT,BHUDHA BUDHA,BHUDHABUDHA,1,107
KACHCHH,LAKHPAT,BITIYARI,BITIYARI,43,118
KACHCHH,LAKHPAT,CHAKRAI,CHAKRAI,13,45
KACHCHH,LAKHPAT,CHAMRA,CHAMRA,8,47
KACHCHH,LAKHPAT,CHHER MOTI,CHHERMOTI,9,72
KACHCHH,LAKHPAT,CHHER NANI,CHHERNANI,14,85
KACHCHH,LAKHPAT,CHHUGER,CHHUGER,33,70
KACHCHH,LAKHPAT,DAYAPAR,DAYAPAR,153,647
KACHCHH,LAKHPAT,DEDRANI,DEDRANI,3,53
KACHCHH,LAKHPAT,DENMA,DENMA,1,99
KACHCHH,LAKHPAT,DHARESHI,DHARESHI,21,230
KACHCHH,LAKHPAT,DHEDHAPAR,DHEDHAPAR,34,64
KACHCHH,LAKHPAT,DHRANG KARITARAI,DHRANGKARITARAI,10,20
KACHCHH,LAKHPAT,DHUNAY,DHUNAY,1,2
KACHCHH,LAKHPAT,DOLATPAR,DOLATPAR,98,253
KACHCHH,LAKHPAT,EKLIUN,EKLIUN,5,15
KACHCHH,LAKHPAT,FULRA,FULRA,27,198
KACHCHH,LAKHPAT,GHADULI,GHADULI,214,726
KACHCHH,LAKHPAT,GODHATAD,GODHATAD,1,36
KACHCHH,LAKHPAT,GUGARIYANA,GUGARIYANA,4,17
KACHCHH,LAKHPAT,GUHAR MOTI,GUHARMOTI,27,37
KACHCHH,LAKHPAT,GUHAR NANI,GUHARNANI,10,16
KACHCHH,LAKHPAT,GUNAU,GUNAU,17,83
KACHCHH,LAKHPAT,GUNERI,GUNERI,29,1484
KACHCHH,LAKHPAT,HAMANKHUDI,HAMANKHUDI,6,15
KACHCHH,LAKHPAT,HARODA,HARODA,14,157
KACHCHH,LAKHPAT,HARUDI,HARUDI,28,45
KACHCHH,LAKHPAT,JADVA,JADVA,8,91
KACHCHH,LAKHPAT,JARA,JARA,6,12
KACHCHH,LAKHPAT,JULRAI,JULRAI,55,133
KACHCHH,LAKHPAT,JUMARA,JUMARA,14,176
KACHCHH,LAKHPAT,JUNACHAY,JUNACHAY,82,312
KACHCHH,LAKHPAT,JUNAGIYA,JUNAGIYA,20,112
KACHCHH,LAKHPAT,KAIYARI,KAIYARI,4,48
KACHCHH,LAKHPAT,KANDHORA,KANDHORA,8,85
KACHCHH,LAKHPAT,KANER,KANER,8,57
KACHCHH,LAKHPAT,KANOJ,KANOJ,32,74
KACHCHH,LAKHPAT,KAPURASI,KAPURASI,8,86
KACHCHH,LAKHPAT,KARANPUR,KARANPUR,9,29
KACHCHH,LAKHPAT,KHADAK,KHADAK,18,37
KACHCHH,LAKHPAT,KHANOT,KHANOT,15,57
KACHCHH,LAKHPAT,KHARAI,KHARAI,85,156
KACHCHH,LAKHPAT,KHARODA,KHARODA,49,78
KACHCHH,LAKHPAT,KHATIYUN KHATIYA,KHATIYUNKHATIYA,28,111
KACHCHH,LAKHPAT,KHENGARPAR,KHENGARPAR,2,19
KACHCHH,LAKHPAT,KHIRSARA GUNAU,KHIRSARAGUNAU,8,34
KACHCHH,LAKHPAT,KORIYANI,KORIYANI,11,81
KACHCHH,LAKHPAT,KOTDA MADH,KOTDAMADH,119,2089
KACHCHH,LAKHPAT,KOTESHVAR,KOTESHVAR,3,3
KACHCHH,LAKHPAT,KUNRI,KUNRI,18,40
KACHCHH,LAKHPAT,LAKHAPAR,LAKHAPAR,56,205
KACHCHH,LAKHPAT,LAKHMIRANI,LAKHMIRANI,21,33
KACHCHH,LAKHPAT,MALDO,MALDO,2,24
KACHCHH,LAKHPAT,MANIARA,MANIARA,5,5
KACHCHH,LAKHPAT,MATANA MADH,MATANAMADH,128,234
KACHCHH,LAKHPAT,MEGHPAR,MEGHPAR,17,140
KACHCHH,LAKHPAT,MINDHIYARI,MINDHIYARI,28,118
KACHCHH,LAKHPAT,MORI,MORI,14,24
KACHCHH,LAKHPAT,MUDHAN,MUDHAN,13,378
KACHCHH,LAKHPAT,MUDIYA,MUDIYA,5,88
KACHCHH,LAKHPAT,MUNDHVAY,MUNDHVAY,2,46
KACHCHH,LAKHPAT,MURCHBANA,MURCHBANA,73,149
KACHCHH,LAKHPAT,NARA,NARA,47,299
KACHCHH,LAKHPAT,NARAYAN SAROVAR,NARAYANSAROVAR,8,17
KACHCHH,LAKHPAT,NAREDI,NAREDI,1,47
KACHCHH,LAKHPAT,NAREDO,NAREDO,14,26
KACHCHH,LAKHPAT,PAKHO,PAKHO,16,45
KACHCHH,LAKHPAT,PANANDHRO,PANANDHRO,58,534
KACHCHH,LAKHPAT,PIPAR,PIPAR,12,114
KACHCHH,LAKHPAT,PRANPAR,PRANPAR,10,13
KACHCHH,LAKHPAT,PUNARAJPAR-DHEDHDI,PUNARAJPARDHEDHDI,14,115
KACHCHH,LAKHPAT,RAMANIYA,RAMANIYA,3,72
KACHCHH,LAKHPAT,RAVARESHVAR,RAVARESHVAR,6,16
KACHCHH,LAKHPAT,RODASAR LAKKI,RODASARLAKKI,15,55
KACHCHH,LAKHPAT,SAMBHADA,SAMBHADA,3,92
KACHCHH,LAKHPAT,SAMJIARO,SAMJIARO,17,72
KACHCHH,LAKHPAT,SARAN MOTI,SARANMOTI,13,24
KACHCHH,LAKHPAT,SARAN NANI,SARANNANI,55,68
KACHCHH,LAKHPAT,SAYRA,SAYRA,24,113
KACHCHH,LAKHPAT,SHEH,SHEH,23,42
KACHCHH,LAKHPAT,SIYOT,SIYOT,49,320
KACHCHH,LAKHPAT,SUBHASHPAR SANANDHRO,SUBHASHPARSANANDHRO,39,95
KACHCHH,LAKHPAT,SUJA VANDH,SUJAVANDH,6,17
KACHCHH,LAKHPAT,TAHERA,TAHERA,9,13
KACHCHH,LAKHPAT,UKHER,UKHER,5,12
KACHCHH,LAKHPAT,UMARSAR,UMARSAR,3,66
KACHCHH,LAKHPAT,VIRANI,VIRANI,46,399
KACHCHH,MANDVI,AJAPAR,AJAPAR,8,95
KACHCHH,MANDVI,ASAMBIYA MOTA,ASAMBIYAMOTA,84,497
KACHCHH,MANDVI,ASAMBIYA NANA,ASAMBIYANANA,9,606
KACHCHH,MANDVI,ASARANI,ASARANI,7,123
KACHCHH,MANDVI,BADA,BADA,8,639
KACHCHH,MANDVI,BAMBHADAI,BAMBHADAI,3,697
KACHCHH,MANDVI,BAYATH,BAYATH,65,769
KACHCHH,MANDVI,BHADA,BHADA,2,426
KACHCHH,MANDVI,BHADAI MOTI,BHADAIMOTI,47,894
KACHCHH,MANDVI,BHARAPAR,BHARAPAR,19,97
KACHCHH,MANDVI,BHERAIYA,BHERAIYA,13,148
KACHCHH,MANDVI,BHINSARA,BHINSARA,16,211
KACHCHH,MANDVI,BHOJAY,BHOJAY,37,448
KACHCHH,MANDVI,BIDADA,BIDADA,58,898
KACHCHH,MANDVI,BIDADAPADAR,BIDADAPADAR,1,40
KACHCHH,MANDVI,CHANGALPAR TIMBO,CHANGALPARTIMBO,4,53
KACHCHH,MANDVI,CHANGDAI,CHANGDAI,4,2148
KACHCHH,MANDVI,DARASHADI,DARASHADI,21,764
KACHCHH,MANDVI,DEDHIYA,DEDHIYA,51,300
KACHCHH,MANDVI,DEVPAR,DEVPAR,66,305
KACHCHH,MANDVI,DHOKDA,DHOKDA,15,304
KACHCHH,MANDVI,DHUNAI,DHUNAI,36,502
KACHCHH,MANDVI,DON,DON,43,508
KACHCHH,MANDVI,DUJAPAR,DUJAPAR,32,275
KACHCHH,MANDVI,DURGAPAR,DURGAPAR,9,95
KACHCHH,MANDVI,DURGAPAR-NAVAVAS,DURGAPARNAVAVAS,82,1553
KACHCHH,MANDVI,FARADI,FARADI,46,1198
KACHCHH,MANDVI,FILON,FILON,12,86
KACHCHH,MANDVI,GADHSISA,GADHSISA,32,750
KACHCHH,MANDVI,GANGAPAR,GANGAPAR,89,894
KACHCHH,MANDVI,GODHRA,GODHRA,42,792
KACHCHH,MANDVI,GONIYASAR MOTA,GONIYASARMOTA,14,226
KACHCHH,MANDVI,GONIYASAR NANA,GONIYASARNANA,7,123
KACHCHH,MANDVI,GUNDIYALI,GUNDIYALI,53,877
KACHCHH,MANDVI,HALAPAR-SABHARAI,HALAPARSABHARAI,120,593
KACHCHH,MANDVI,HAMLA,HAMLA,38,250
KACHCHH,MANDVI,JAKHANIYA,JAKHANIYA,29,242
KACHCHH,MANDVI,JAMTHADA,JAMTHADA,28,196
KACHCHH,MANDVI,KATHDA,KATHDA,17,556
KACHCHH,MANDVI,KHAIYAKHAD,KHAIYAKHAD,26,188
KACHCHH,MANDVI,KODAY,KODAY,4,480
KACHCHH,MANDVI,KOJACHORA,KOJACHORA,9,132
KACHCHH,MANDVI,KOKALIYA,KOKALIYA,35,453
KACHCHH,MANDVI,KOTAYA,KOTAYA,28,148
KACHCHH,MANDVI,KOTDI,KOTDI,122,617
KACHCHH,MANDVI,LAYJA MOTA,LAYJAMOTA,42,1104
KACHCHH,MANDVI,LAYJA NANA,LAYJANANA,14,249
KACHCHH,MANDVI,LUDVA,LUDVA,29,190
KACHCHH,MANDVI,MAKDA,MAKDA,33,207
KACHCHH,MANDVI,MAMAYMORA,MAMAYMORA,9,182
KACHCHH,MANDVI,MANJAL,MANJAL,14,156
KACHCHH,MANDVI,MAPAR,MAPAR,10,193
KACHCHH,MANDVI,MARAU,MARAU,71,538
KACHCHH,MANDVI,MASKA,MASKA,32,540
KACHCHH,MANDVI,MAU MOTI,MAUMOTI,82,340
KACHCHH,MANDVI,MAU NANI,MAUNANI,22,239
KACHCHH,MANDVI,MOD KUBA,MODKUBA,34,402
KACHCHH,MANDVI,MOTA BHADIYA,MOTABHADIYA,4,556
KACHCHH,MANDVI,NABHOI,NABHOI,6,79
KACHCHH,MANDVI,NAGALPAR,NAGALPAR,24,154
KACHCHH,MANDVI,NAGRECHA,NAGRECHA,46,336
KACHCHH,MANDVI,NANA BHADIYA,NANABHADIYA,22,512
KACHCHH,MANDVI,NANI KHAKHAR,NANIKHAKHAR,14,415
KACHCHH,MANDVI,PADAMPAR,PADAMPAR,71,769
KACHCHH,MANDVI,PANCHOTIYA,PANCHOTIYA,2,1520
KACHCHH,MANDVI,PIPARI,PIPARI,14,189
KACHCHH,MANDVI,POLADIYA,POLADIYA,41,783
KACHCHH,MANDVI,PUNADI,PUNADI,28,503
KACHCHH,MANDVI,PYAKA,PYAKA,6,75
KACHCHH,MANDVI,RAJDA,RAJDA,44,315
KACHCHH,MANDVI,RAJPAR,RAJPAR,20,1903
KACHCHH,MANDVI,RAJPAR TIMBO,RAJPARTIMBO,7,28
KACHCHH,MANDVI,RAMPAR,RAMPAR,30,508
KACHCHH,MANDVI,RATADIYA MOTA,RATADIYAMOTA,41,406
KACHCHH,MANDVI,RATADIYA NANA,RATADIYANANA,25,153
KACHCHH,MANDVI,RAYAN MOTI,RAYANMOTI,46,223
KACHCHH,MANDVI,RAYAN NANI,RAYANNANI,21,161
KACHCHH,MANDVI,SHERDI,SHERDI,31,888
KACHCHH,MANDVI,SHIRVA,SHIRVA,29,348
KACHCHH,MANDVI,TALVANA,TALVANA,37,546
KACHCHH,MANDVI,TRAGADI,TRAGADI,3,279
KACHCHH,MANDVI,TRAYA,TRAYA,3,11
KACHCHH,MANDVI,UNDOTH MOTI,UNDOTHMOTI,12,554
KACHCHH,MANDVI,UNDOTH-NANI,UNDOTHNANI,12,554
KACHCHH,MANDVI,VADA,VADA,7,258
KACHCHH,MANDVI,VANDH,VANDH,18,576
KACHCHH,MANDVI,VANDH TIMBO,VANDHTIMBO,4,102
KACHCHH,MANDVI,VEKRA,VEKRA,29,455
KACHCHH,MANDVI,VINDH,VINDH,27,131
KACHCHH,MANDVI,VINGADIYA,VINGADIYA,6,186
KACHCHH,MANDVI,VIRANI NANI,VIRANINANI,19,236
KACHCHH,MUNDRA,BABIYA,BABIYA,36,111
KACHCHH,MUNDRA,BAGDA,BAGDA,11,389
KACHCHH,MUNDRA,BARAYA,BARAYA,56,384
KACHCHH,MUNDRA,BAROI,BAROI,80,380
KACHCHH,MUNDRA,BERAJA,BERAJA,69,915
KACHCHH,MUNDRA,BHADRESAR,BHADRESAR,171,1285
KACHCHH,MUNDRA,BHARUDIYA,BHARUDIYA,22,287
KACHCHH,MUNDRA,BHORARA,BHORARA,146,328
KACHCHH,MUNDRA,BOCHA,BOCHA,20,41
KACHCHH,MUNDRA,BORANA,BORANA,9,78
KACHCHH,MUNDRA,CHHASRA,CHHASRA,125,448
KACHCHH,MUNDRA,DEPA,DEPA,89,337
KACHCHH,MUNDRA,DESHALPAR,DESHALPAR,286,719
KACHCHH,MUNDRA,DHRAB,DHRAB,26,476
KACHCHH,MUNDRA,FACHARIYA,FACHARIYA,4,192
KACHCHH,MUNDRA,GELDA,GELDA,2,292
KACHCHH,MUNDRA,GOERSAMA,GOERSAMA,50,131
KACHCHH,MUNDRA,GUNDALA,GUNDALA,285,710
KACHCHH,MUNDRA,HATDI,HATDI,79,444
KACHCHH,MUNDRA,JARPARA,JARPARA,42,1091
KACHCHH,MUNDRA,KANAJRA,KANAJRA,4,202
KACHCHH,MUNDRA,KANDAGARA MOTA,KANDAGARAMOTA,131,2722
KACHCHH,MUNDRA,KANDAGARA NANA,KANDAGARANANA,4,237
KACHCHH,MUNDRA,KARAGOGA,KARAGOGA,86,374
KACHCHH,MUNDRA,KHAKHAR MOTI,KHAKHARMOTI,210,412
KACHCHH,MUNDRA,KUKADSAR,KUKADSAR,42,414
KACHCHH,MUNDRA,KUNDRODI,KUNDRODI,85,971
KACHCHH,MUNDRA,LAFRA,LAFRA,4,180
KACHCHH,MUNDRA,LAKHAPAR,LAKHAPAR,14,370
KACHCHH,MUNDRA,LUNI,LUNI,102,608
KACHCHH,MUNDRA,MANGRA,MANGRA,76,201
KACHCHH,MUNDRA,MOKHA,MOKHA,68,329
KACHCHH,MUNDRA,MOTA KAPAYA,MOTAKAPAYA,74,1354
KACHCHH,MUNDRA,MOTI BHUJPAR,MOTIBHUJPAR,96,966
KACHCHH,MUNDRA,MUNDRA,MUNDRA,22,303
KACHCHH,MUNDRA,NANA KAPAYA,NANAKAPAYA,128,356
KACHCHH,MUNDRA,NANI BHUJPAR,NANIBHUJPAR,8,204
KACHCHH,MUNDRA,NAVINAL,NAVINAL,102,417
KACHCHH,MUNDRA,PATRI,PATRI,12,617
KACHCHH,MUNDRA,PAVDIARA,PAVDIARA,30,239
KACHCHH,MUNDRA,PRAGPAR-1,PRAGPAR1,100,200
KACHCHH,MUNDRA,PRAGPAR-2,PRAGPAR2,2,99
KACHCHH,MUNDRA,PRATAPPAR-1,PRATAPPAR1,2,47
KACHCHH,MUNDRA,PRATPPAR-2,PRATPPAR2,3,11
KACHCHH,MUNDRA,RAGHA,RAGHA,18,105
KACHCHH,MUNDRA,RAMANIYA,RAMANIYA,69,1836
KACHCHH,MUNDRA,RATADIYA,RATADIYA,95,422
KACHCHH,MUNDRA,SADAU,SADAU,95,309
KACHCHH,MUNDRA,SAMAGOGA,SAMAGOGA,128,615
KACHCHH,MUNDRA,SHEKHADIYA,SHEKHADIYA,19,186
KACHCHH,MUNDRA,SHIRACHA,SHIRACHA,50,462
KACHCHH,MUNDRA,SUKHPAR TIMBO,SUKHPARTIMBO,64,214
KACHCHH,MUNDRA,TAPPAR,TAPPAR,21,470
KACHCHH,MUNDRA,TODA,TODA,15,22
KACHCHH,MUNDRA,TUMBADI MOTI,TUMBADIMOTI,33,417
KACHCHH,MUNDRA,TUMBADI NANI,TUMBADINANI,24,280
KACHCHH,MUNDRA,TUNDA,TUNDA,128,268
KACHCHH,MUNDRA,VADALA,VADALA,56,1145
KACHCHH,MUNDRA,VAGURA,VAGURA,7,2372
KACHCHH,MUNDRA,VANKI,VANKI,15,698
KACHCHH,MUNDRA,VIRANIYA,VIRANIYA,5,356
KACHCHH,MUNDRA,VOVAR,VOVAR,2,324
KACHCHH,NAKHATRANA,ADHOCHHANI,ADHOCHHANI,4,58
KACHCHH,NAKHATRANA,AIYAR,AIYAR,52,453
KACHCHH,NAKHATRANA,AKADNA,AKADNA,1,35
KACHCHH,NAKHATRANA,AMBARA AMARA,AMBARAAMARA,71,316
KACHCHH,NAKHATRANA,ANANDPAR,ANANDPAR,10,64
KACHCHH,NAKHATRANA,ANANDSAR,ANANDSAR,2,50
KACHCHH,NAKHATRANA,ANGIYA NANA,ANGIYANANA,19,530
KACHCHH,NAKHATRANA,ARAL MOTI,ARALMOTI,12,217
KACHCHH,NAKHATRANA,ARAL NANI,ARALNANI,21,199
KACHCHH,NAKHATRANA,BADI PALANPUR,BADIPALANPUR,31,213
KACHCHH,NAKHATRANA,BAGPAT,BAGPAT,17,27
KACHCHH,NAKHATRANA,BANDIYARA,BANDIYARA,3,653
KACHCHH,NAKHATRANA,BERU,BERU,34,207
KACHCHH,NAKHATRANA,BHADALI,BHADALI,8,425
KACHCHH,NAKHATRANA,BHARAPAR BHADRA,BHARAPARBHADRA,9,134
KACHCHH,NAKHATRANA,BHARAPAR GADAPUTHA,BHARAPARGADAPUTHA,10,166
KACHCHH,NAKHATRANA,BHIMSAR,BHIMSAR,12,35
KACHCHH,NAKHATRANA,BHITARA,BHITARA,20,1190
KACHCHH,NAKHATRANA,BHOJRAJVANDH,BHOJRAJVANDH,121,249
KACHCHH,NAKHATRANA,BHUNJAY MOTI,BHUNJAYMOTI,33,378
KACHCHH,NAKHATRANA,BHUNJAY NANI,BHUNJAYNANI,33,378
KACHCHH,NAKHATRANA,BIBAR,BIBAR,58,887
KACHCHH,NAKHATRANA,CHARAKHADA,CHARAKHADA,5,151
KACHCHH,NAKHATRANA,CHAVADKA,CHAVADKA,11,417
KACHCHH,NAKHATRANA,DADOR,DADOR,15,171
KACHCHH,NAKHATRANA,DANADA,DANADA,12,135
KACHCHH,NAKHATRANA,DESHALPAR GUTLI,DESHALPARGUTLI,81,360
KACHCHH,NAKHATRANA,DEVISAR,DEVISAR,78,398
KACHCHH,NAKHATRANA,DEVPAR,DEVPAR,15,148
KACHCHH,NAKHATRANA,DEVSAR,DEVSAR,2,148
KACHCHH,NAKHATRANA,DHAMAY,DHAMAY,4,108
KACHCHH,NAKHATRANA,DHAVDA MOTA,DHAVDAMOTA,40,421
KACHCHH,NAKHATRANA,DHORO,DHORO,45,185
KACHCHH,NAKHATRANA,FULAY,FULAY,8,61
KACHCHH,NAKHATRANA,GADANI,GADANI,16,2090
KACHCHH,NAKHATRANA,GAJANSAR,GAJANSAR,21,163
KACHCHH,NAKHATRANA,GANGON UGAMANI,GANGONUGAMANI,45,308
KACHCHH,NAKHATRANA,GANGON WEST,GANGONWEST,55,308
KACHCHH,NAKHATRANA,HARIPAR HIRAPAR,HARIPARHIRAPAR,5,33
KACHCHH,NAKHATRANA,JADAY,JADAY,38,134
KACHCHH,NAKHATRANA,JADODAR,JADODAR,58,929
KACHCHH,NAKHATRANA,JALU,JALU,24,123
KACHCHH,NAKHATRANA,JARJOK,JARJOK,34,217
KACHCHH,NAKHATRANA,JATAVIRA,JATAVIRA,1,556
KACHCHH,NAKHATRANA,JESAR VANDH,JESARVANDH,5,40
KACHCHH,NAKHATRANA,JINDAY,JINDAY,13,199
KACHCHH,NAKHATRANA,JINJAY,JINJAY,34,213
KACHCHH,NAKHATRANA,JIYAPAR,JIYAPAR,82,1437
KACHCHH,NAKHATRANA,KADIYA MOTA,KADIYAMOTA,19,179
KACHCHH,NAKHATRANA,KADIYA NANA,KADIYANANA,48,404
KACHCHH,NAKHATRANA,KAKADBHIT YAKSH,KAKADBHITYAKSH,33,487
KACHCHH,NAKHATRANA,KALYANPAR,KALYANPAR,36,130
KACHCHH,NAKHATRANA,KHAMBHLA,KHAMBHLA,64,323
KACHCHH,NAKHATRANA,KHARADIYA,KHARADIYA,22,308
KACHCHH,NAKHATRANA,KHIRASARA-NETRA,KHIRASARANETRA,67,606
KACHCHH,NAKHATRANA,KHIRSAR-TIMBO,KHIRSARTIMBO,39,199
KACHCHH,NAKHATRANA,KHIRSARA ROHA,KHIRSARAROHA,28,120
KACHCHH,NAKHATRANA,KHOMBHDI MOTI,KHOMBHDIMOTI,20,315
KACHCHH,NAKHATRANA,KHOMBHDI NANI,KHOMBHDINANI,8,236
KACHCHH,NAKHATRANA,KOTDA JADODAR,KOTDAJADODAR,43,918
KACHCHH,NAKHATRANA,KOTDA ROHA,KOTDAROHA,84,249
KACHCHH,NAKHATRANA,KOTDA THARAVADA,KOTDATHARAVADA,2,82
KACHCHH,NAKHATRANA,LAKHADI,LAKHADI,75,210
KACHCHH,NAKHATRANA,LAKHIYARVIRA,LAKHIYARVIRA,58,233
KACHCHH,NAKHATRANA,LAKSHMIPUR NETRA,LAKSHMIPURNETRA,38,378
KACHCHH,NAKHATRANA,LAKSHMIPUR TARA,LAKSHMIPURTARA,8,136
KACHCHH,NAKHATRANA,LIFRI,LIFRI,9,196
KACHCHH,NAKHATRANA,LUDBAY,LUDBAY,46,168
KACHCHH,NAKHATRANA,MANGVANA,MANGVANA,80,1059
KACHCHH,NAKHATRANA,MANJAL,MANJAL,181,641
KACHCHH,NAKHATRANA,MARU MURU,MARUMURU,53,411
KACHCHH,NAKHATRANA,MATHAL,MATHAL,52,1310
KACHCHH,NAKHATRANA,MEDISAR,MEDISAR,20,24
KACHCHH,NAKHATRANA,MORAY,MORAY,19,96
KACHCHH,NAKHATRANA,MORGAR,MORGAR,20,264
KACHCHH,NAKHATRANA,MORJAR,MORJAR,8,273
KACHCHH,NAKHATRANA,NADAPA,NADAPA,8,234
KACHCHH,NAKHATRANA,NAGALPAR,NAGALPAR,212,1775
KACHCHH,NAKHATRANA,NAGVIRI,NAGVIRI,14,211
KACHCHH,NAKHATRANA,NAKHATRANA MOTA,NAKHATRANAMOTA,203,1286
KACHCHH,NAKHATRANA,NAKHATRANA NANA,NAKHATRANANANA,26,262
KACHCHH,NAKHATRANA,NARANPAR ROHA,NARANPARROHA,71,182
KACHCHH,NAKHATRANA,NETRA,NETRA,46,563
KACHCHH,NAKHATRANA,NIRONA,NIRONA,315,1734
KACHCHH,NAKHATRANA,OLANGIYA,OLANGIYA,11,61
KACHCHH,NAKHATRANA,ORIRA,ORIRA,41,75
KACHCHH,NAKHATRANA,PALIVAD,PALIVAD,27,90
KACHCHH,NAKHATRANA,PANELI,PANELI,66,1230
KACHCHH,NAKHATRANA,RAMPAR ROHA,RAMPARROHA,25,167
KACHCHH,NAKHATRANA,RAMPAR SARVA,RAMPARSARVA,14,297
KACHCHH,NAKHATRANA,RANARA MOTA,RANARAMOTA,10,149
KACHCHH,NAKHATRANA,RANARA NANA,RANARANANA,3,97
KACHCHH,NAKHATRANA,RANGAYPADAR,RANGAYPADAR,19,297
KACHCHH,NAKHATRANA,RASALIYA,RASALIYA,50,518
KACHCHH,NAKHATRANA,RATADIYA,RATADIYA,52,323
KACHCHH,NAKHATRANA,RATAMIYA,RATAMIYA,4,73
KACHCHH,NAKHATRANA,RAVAPAR NAVAVAS,RAVAPARNAVAVAS,30,383
KACHCHH,NAKHATRANA,ROHA SUMRI,ROHASUMRI,33,199
KACHCHH,NAKHATRANA,SANGNARA,SANGNARA,18,150
KACHCHH,NAKHATRANA,SANYRA,SANYRA,77,273
KACHCHH,NAKHATRANA,SUKHPAR ROHA,SUKHPARROHA,90,651
KACHCHH,NAKHATRANA,SUKHPAR VIRANI,SUKHPARVIRANI,30,116
KACHCHH,NAKHATRANA,SUKHSAN,SUKHSAN,19,1153
KACHCHH,NAKHATRANA,TAL,TAL,10,61
KACHCHH,NAKHATRANA,TARA,TARA,20,43
KACHCHH,NAKHATRANA,THAN,THAN,2,2
KACHCHH,NAKHATRANA,THARAVADA,THARAVADA,9,220
KACHCHH,NAKHATRANA,TODIYA,TODIYA,23,344
KACHCHH,NAKHATRANA,UGEDI,UGEDI,43,262
KACHCHH,NAKHATRANA,UKHEDA,UKHEDA,58,357
KACHCHH,NAKHATRANA,ULAT,ULAT,8,56
KACHCHH,NAKHATRANA,UMRAPAR,UMRAPAR,55,171
KACHCHH,NAKHATRANA,UNTHONGADI,UNTHONGADI,45,168
KACHCHH,NAKHATRANA,VADVA BHOPAVALA,VADVABHOPAVALA,91,1064
KACHCHH,NAKHATRANA,VADVA KANYAVALA,VADVAKANYAVALA,88,683
KACHCHH,NAKHATRANA,VALKA MOTA,VALKAMOTA,56,602
KACHCHH,NAKHATRANA,VALKA NANA,VALKANANA,26,656
KACHCHH,NAKHATRANA,VAMRAPADAR,VAMRAPADAR,5,37
KACHCHH,NAKHATRANA,VANG,VANG,25,341
KACHCHH,NAKHATRANA,VARAMSEDA,VARAMSEDA,91,912
KACHCHH,NAKHATRANA,VEHAR,VEHAR,39,147
KACHCHH,NAKHATRANA,VERSALPAR,VERSALPAR,9,238
KACHCHH,NAKHATRANA,VIBHAPAR,VIBHAPAR,37,99
KACHCHH,NAKHATRANA,VIGODI,VIGODI,82,513
KACHCHH,NAKHATRANA,VIJPASAR,VIJPASAR,91,912
KACHCHH,NAKHATRANA,VIRANI MOTI,VIRANIMOTI,73,1311
KACHCHH,NAKHATRANA,VIRANI NANI,VIRANINANI,28,142
KACHCHH,NAKHATRANA,VIRKHAL,VIRKHAL,17,102
KACHCHH,NAKHATRANA,VITHON,VITHON,36,170
KACHCHH,RAPAR,ADESAR,ADESAR,167,1139
KACHCHH,RAPAR,AMRAPAR,AMRAPAR,54,5031
KACHCHH,RAPAR,ANANDPAR,ANANDPAR,14,3008
KACHCHH,RAPAR,BADALPAR,BADALPAR,224,1275
KACHCHH,RAPAR,BADARGADH,BADARGADH,57,1152
KACHCHH,RAPAR,BALASAR,BALASAR,92,864
KACHCHH,RAPAR,BALASARI,BALASARI,66,584
KACHCHH,RAPAR,BAMBHANSAR,BAMBHANSAR,33,115
KACHCHH,RAPAR,BELA,BELA,28,1587
KACHCHH,RAPAR,BHARIDIA BHUTAKIA,BHARIDIABHUTAKIA,99,3143
KACHCHH,RAPAR,BHIMASAR,BHIMASAR,203,5481
KACHCHH,RAPAR,BHIMDEVKA,BHIMDEVKA,6,373
KACHCHH,RAPAR,CHHOTAPAR,CHHOTAPAR,123,3423
KACHCHH,RAPAR,CHITROD,CHITROD,96,1286
KACHCHH,RAPAR,DABHUNDA,DABHUNDA,65,3242
KACHCHH,RAPAR,DAVRI,DAVRI,16,949
KACHCHH,RAPAR,DEDARVA,DEDARVA,125,328
KACHCHH,RAPAR,DESHALPAR,DESHALPAR,34,719
KACHCHH,RAPAR,DHABDA,DHABDA,41,434
KACHCHH,RAPAR,DHADADHRO,DHADADHRO,88,1516
KACHCHH,RAPAR,FATEHGADH,FATEHGADH,76,2576
KACHCHH,RAPAR,FULPARA,FULPARA,245,1773
KACHCHH,RAPAR,GAGODAR,GAGODAR,68,1451
KACHCHH,RAPAR,GAVARIPAR,GAVARIPAR,275,1231
KACHCHH,RAPAR,GEDI,GEDI,124,3984
KACHCHH,RAPAR,GHANITHAL,GHANITHAL,59,1090
KACHCHH,RAPAR,GOVINDPAR,GOVINDPAR,7,146
KACHCHH,RAPAR,HAMIRPAR MOTI,HAMIRPARMOTI,46,1614
KACHCHH,RAPAR,HAMIRPAR NANI,HAMIRPARNANI,57,644
KACHCHH,RAPAR,JADAVAS,JADAVAS,19,614
KACHCHH,RAPAR,JADUPAR BHANGERA,JADUPARBHANGERA,39,421
KACHCHH,RAPAR,JATAVADA JILAR VAND,JATAVADAJILARVAND,85,1885
KACHCHH,RAPAR,JESDA,JESDA,77,848
KACHCHH,RAPAR,KALYANPAR,KALYANPAR,82,1121
KACHCHH,RAPAR,KANMER,KANMER,186,2537
KACHCHH,RAPAR,KANPAR,KANPAR,11,435
KACHCHH,RAPAR,KARUDA,KARUDA,14,217
KACHCHH,RAPAR,KHANDEK,KHANDEK,81,902
KACHCHH,RAPAR,KHANPAR,KHANPAR,6,1736
KACHCHH,RAPAR,KHENGARPAR,KHENGARPAR,275,1231
KACHCHH,RAPAR,KHIRAI,KHIRAI,114,390
KACHCHH,RAPAR,KIDIYANAGAR,KIDIYANAGAR,119,2817
KACHCHH,RAPAR,KUDA KUDA-JAMPAR,KUDAKUDAJAMPAR,31,323
KACHCHH,RAPAR,KUMBHARIYA,KUMBHARIYA,18,655
KACHCHH,RAPAR,LAKDA VANDH,LAKDAVANDH,9,286
KACHCHH,RAPAR,LAKHAGADH,LAKHAGADH,62,647
KACHCHH,RAPAR,LODRANI PARKARA VAN,LODRANIPARKARAVAN,265,1182
KACHCHH,RAPAR,MAKHEL,MAKHEL,77,1111
KACHCHH,RAPAR,MANABA,MANABA,6,292
KACHCHH,RAPAR,MANGADH,MANGADH,54,5031
KACHCHH,RAPAR,MANJUVAS,MANJUVAS,50,2489
KACHCHH,RAPAR,MAUVANA SHIVAGADH,MAUVANASHIVAGADH,45,1291
KACHCHH,RAPAR,MEVASA,MEVASA,56,584
KACHCHH,RAPAR,MODA,MODA,71,2474
KACHCHH,RAPAR,MOMAYMORA,MOMAYMORA,5,758
KACHCHH,RAPAR,NAGALPAR,NAGALPAR,127,4927
KACHCHH,RAPAR,NALIYATIMBO,NALIYATIMBO,15,332
KACHCHH,RAPAR,NANDA,NANDA,19,770
KACHCHH,RAPAR,NANDASAR,NANDASAR,110,907
KACHCHH,RAPAR,NARANPAR,NARANPAR,275,1231
KACHCHH,RAPAR,NILPAR,NILPAR,68,504
KACHCHH,RAPAR,PADAMPAR,PADAMPAR,222,5481
KACHCHH,RAPAR,PAGIVANDH,PAGIVANDH,71,512
KACHCHH,RAPAR,PALANPAR,PALANPAR,26,272
KACHCHH,RAPAR,PALANSVA,PALANSVA,52,5007
KACHCHH,RAPAR,PANDYA NO GADH,PANDYANOGADH,8,1751
KACHCHH,RAPAR,PETHAPAR,PETHAPAR,6,182
KACHCHH,RAPAR,PRAGPAR,PRAGPAR,80,508
KACHCHH,RAPAR,PRATAP GADH,PRATAPGADH,19,172
KACHCHH,RAPAR,RAMVAV,RAMVAV,144,1555
KACHCHH,RAPAR,RAV MOTI,RAVMOTI,119,1921
KACHCHH,RAPAR,SAI,SAI,220,1243
KACHCHH,RAPAR,SANGADH,SANGADH,16,136
KACHCHH,RAPAR,SANVA,SANVA,239,1734
KACHCHH,RAPAR,SANY,SANY,63,2109
KACHCHH,RAPAR,SARASLA,SARASLA,7,37
KACHCHH,RAPAR,SELARI,SELARI,104,961
KACHCHH,RAPAR,SOMANI VANDH,SOMANIVANDH,122,3423
KACHCHH,RAPAR,SONALVA,SONALVA,37,1008
KACHCHH,RAPAR,SUDANA VANDH,SUDANAVANDH,78,850
KACHCHH,RAPAR,SUKHPAR,SUKHPAR,23,573
KACHCHH,RAPAR,SURBA VANDH,SURBAVANDH,11,93
KACHCHH,RAPAR,SUVAI,SUVAI,267,1160
KACHCHH,RAPAR,TAGA,TAGA,13,227
KACHCHH,RAPAR,THANPAR,THANPAR,83,1161
KACHCHH,RAPAR,THORIARI,THORIARI,5,1338
KACHCHH,RAPAR,TINDALVA,TINDALVA,36,732
KACHCHH,RAPAR,TRAMBAU,TRAMBAU,82,1516
KACHCHH,RAPAR,UMAIYA,UMAIYA,43,822
KACHCHH,RAPAR,VAJEPAR,VAJEPAR,342,1160
KACHCHH,RAPAR,VALLABHPAR,VALLABHPAR,112,5412
KACHCHH,RAPAR,VANOI,VANOI,31,323
KACHCHH,RAPAR,VARNUN,VARNUN,7,292
KACHCHH,RAPAR,VEKRA,VEKRA,21,195
KACHCHH,RAPAR,VERSARA,VERSARA,269,1194
KACHCHH,RAPAR,VIJAPAR,VIJAPAR,10,311
KACHCHH,RAPAR,VRAJVANI,VRAJVANI,18,514
KHEDA,BALASINOR,ALELA,ALELA,22,216
KHEDA,BALASINOR,BALIYADEV,BALIYADEV,5,110
KHEDA,BALASINOR,BHANTHALA,BHANTHALA,67,546
KHEDA,BALASINOR,BODELI,BODELI,9,874
KHEDA,BALASINOR,DAKHARIYA,DAKHARIYA,13,188
KHEDA,BALASINOR,DEV,DEV,50,1098
KHEDA,BALASINOR,DHADI,DHADI,2,241
KHEDA,BALASINOR,DHANELA,DHANELA,1,307
KHEDA,BALASINOR,DHUNDHALIYA,DHUNDHALIYA,9,243
KHEDA,BALASINOR,DOLAT POYDA,DOLATPOYDA,4,573
KHEDA,BALASINOR,FELSANI,FELSANI,7,769
KHEDA,BALASINOR,GADHAVADA,GADHAVADA,44,724
KHEDA,BALASINOR,GADHNA MUVADA,GADHNAMUVADA,1,42
KHEDA,BALASINOR,GAJA PAGINA MUVADA,GAJAPAGINAMUVADA,9,761
KHEDA,BALASINOR,GUNDELA,GUNDELA,13,42
KHEDA,BALASINOR,GUNTHLI,GUNTHLI,42,1330
KHEDA,BALASINOR,HANDIYA (BALASINOR),HANDIYABALASINOR,28,495
KHEDA,BALASINOR,JAMIYATPURA,JAMIYATPURA,11,200
KHEDA,BALASINOR,JANOD,JANOD,32,621
KHEDA,BALASINOR,JETHOLI,JETHOLI,30,2647
KHEDA,BALASINOR,JORAPURA,JORAPURA,36,317
KHEDA,BALASINOR,KADHYA,KADHYA,26,172
KHEDA,BALASINOR,KAMBOPA,KAMBOPA,4,999
KHEDA,BALASINOR,KARANPUR,KARANPUR,19,223
KHEDA,BALASINOR,KHANDIVAV,KHANDIVAV,14,624
KHEDA,BALASINOR,KOTARBOR,KOTARBOR,6,45
KHEDA,BALASINOR,KUNJRA,KUNJRA,11,119
KHEDA,BALASINOR,LIMBDI,LIMBDI,8,300
KHEDA,BALASINOR,MANVARPURA,MANVARPURA,5,122
KHEDA,BALASINOR,MEGHALIYA,MEGHALIYA,45,922
KHEDA,BALASINOR,NAVAGAMA,NAVAGAMA,17,442
KHEDA,BALASINOR,OTHVAD,OTHVAD,52,1758
KHEDA,BALASINOR,PANDVA,PANDVA,39,2677
KHEDA,BALASINOR,PARPADIYA,PARPADIYA,8,121
KHEDA,BALASINOR,PILODRA,PILODRA,33,372
KHEDA,BALASINOR,RAIYOLI,RAIYOLI,16,887
KHEDA,BALASINOR,RAJPUR (BALASINOR),RAJPURBALASINOR,46,540
KHEDA,BALASINOR,RALIYATA (BALASINOR),RALIYATABALASINOR,9,154
KHEDA,BALASINOR,SAKARIYA,SAKARIYA,18,583
KHEDA,BALASINOR,SALIYAVADI,SALIYAVADI,15,739
KHEDA,BALASINOR,SARODA,SARODA,17,758
KHEDA,BALASINOR,SUTARIYA,SUTARIYA,8,532
KHEDA,BALASINOR,VADADALA,VADADALA,57,1871
KHEDA,BALASINOR,VANAKBORI,VANAKBORI,8,148
KHEDA,BALASINOR,VASADRA,VASADRA,58,829
KHEDA,KAPADVANJ,ABOCH,ABOCH,52,433
KHEDA,KAPADVANJ,ABVEL,ABVEL,63,330
KHEDA,KAPADVANJ,ADHAR NA MUVADA,ADHARNAMUVADA,8,87
KHEDA,KAPADVANJ,ALAMPUR,ALAMPUR,44,138
KHEDA,KAPADVANJ,ALAVA,ALAVA,92,1080
KHEDA,KAPADVANJ,AMBALIYARA,AMBALIYARA,19,642
KHEDA,KAPADVANJ,ANTISAR,ANTISAR,429,2167
KHEDA,KAPADVANJ,ANTROLI,ANTROLI,80,1227
KHEDA,KAPADVANJ,ATARSUMBA,ATARSUMBA,83,659
KHEDA,KAPADVANJ,BAVANO MATH,BAVANOMATH,9,39
KHEDA,KAPADVANJ,BETAVADA,BETAVADA,31,891
KHEDA,KAPADVANJ,BHAILAKUI,BHAILAKUI,25,267
KHEDA,KAPADVANJ,BHOJA NA MUVADA,BHOJANAMUVADA,40,370
KHEDA,KAPADVANJ,BHUNGALIYA,BHUNGALIYA,33,389
KHEDA,KAPADVANJ,BHUTIYA,BHUTIYA,19,773
KHEDA,KAPADVANJ,BOBHA,BOBHA,8,180
KHEDA,KAPADVANJ,CHIKHLOD,CHIKHLOD,115,1669
KHEDA,KAPADVANJ,DADANA MUVADA,DADANAMUVADA,12,147
KHEDA,KAPADVANJ,DAHIYAP,DAHIYAP,92,1626
KHEDA,KAPADVANJ,DANA,DANA,24,757
KHEDA,KAPADVANJ,DANADRA,DANADRA,114,452
KHEDA,KAPADVANJ,DANDIYAPUR,DANDIYAPUR,9,347
KHEDA,KAPADVANJ,DANTALI,DANTALI,54,1053
KHEDA,KAPADVANJ,DASALVADA,DASALVADA,58,426
KHEDA,KAPADVANJ,DERADI PAVATHI,DERADIPAVATHI,10,35
KHEDA,KAPADVANJ,DHULIYA VASNA,DHULIYAVASNA,31,283
KHEDA,KAPADVANJ,DUDHATHAL,DUDHATHAL,57,369
KHEDA,KAPADVANJ,FATIYABAD,FATIYABAD,23,227
KHEDA,KAPADVANJ,FULJI NAMUVADA,FULJINAMUVADA,15,198
KHEDA,KAPADVANJ,GAROD,GAROD,141,2211
KHEDA,KAPADVANJ,GHADIA,GHADIA,51,722
KHEDA,KAPADVANJ,GHAUWA,GHAUWA,95,857
KHEDA,KAPADVANJ,GOCHARNA MUVADA,GOCHARNAMUVADA,3,209
KHEDA,KAPADVANJ,HAMIRPURA,HAMIRPURA,16,228
KHEDA,KAPADVANJ,JAGDUPUR,JAGDUPUR,10,87
KHEDA,KAPADVANJ,JALOYA,JALOYA,21,158
KHEDA,KAPADVANJ,JAMBUDI,JAMBUDI,7,231
KHEDA,KAPADVANJ,KABHAINA MUVADA,KABHAINAMUVADA,25,322
KHEDA,KAPADVANJ,KALAJI,KALAJI,19,208
KHEDA,KAPADVANJ,KAMBOYA,KAMBOYA,3,131
KHEDA,KAPADVANJ,KARKARIYA,KARKARIYA,34,281
KHEDA,KAPADVANJ,KASHIPURA,KASHIPURA,24,582
KHEDA,KAPADVANJ,KAVATH,KAVATH,7,453
KHEDA,KAPADVANJ,KEVADIYA,KEVADIYA,27,810
KHEDA,KAPADVANJ,KHADOL,KHADOL,58,573
KHEDA,KAPADVANJ,KHANPUR,KHANPUR,23,147
KHEDA,KAPADVANJ,KOSAM,KOSAM,42,256
KHEDA,KAPADVANJ,KOTWALNA MUVADA,KOTWALNAMUVADA,11,133
KHEDA,KAPADVANJ,LADUJINA MUVADA,LADUJINAMUVADA,17,193
KHEDA,KAPADVANJ,LAL MANDVA,LALMANDVA,34,1688
KHEDA,KAPADVANJ,LALPUR,LALPUR,28,207
KHEDA,KAPADVANJ,LALPUR (NIRMALI),LALPURNIRMALI,31,755
KHEDA,KAPADVANJ,LETAR,LETAR,80,479
KHEDA,KAPADVANJ,MAHAMADPURA,MAHAMADPURA,32,388
KHEDA,KAPADVANJ,MAL ITADI BARAIYA BH,MALITADIBARAIYABH,43,283
KHEDA,KAPADVANJ,MAL ITADI PAGI BHAG,MALITADIPAGIBHAG,63,881
KHEDA,KAPADVANJ,MALANA MUVADA,MALANAMUVADA,9,348
KHEDA,KAPADVANJ,MIRAPUR,MIRAPUR,33,295
KHEDA,KAPADVANJ,MOTI ZER,MOTIZER,52,676
KHEDA,KAPADVANJ,NANI ZER,NANIZER,28,539
KHEDA,KAPADVANJ,NARSHIPUR,NARSHIPUR,31,1026
KHEDA,KAPADVANJ,NATHANA MUVADA,NATHANAMUVADA,3,97
KHEDA,KAPADVANJ,NAVAGAM,NAVAGAM,74,1162
KHEDA,KAPADVANJ,NIKOL,NIKOL,41,405
KHEDA,KAPADVANJ,NIRMALI,NIRMALI,24,1420
KHEDA,KAPADVANJ,PALAIYA,PALAIYA,9,63
KHEDA,KAPADVANJ,PATHODA,PATHODA,15,472
KHEDA,KAPADVANJ,PIROJPUR,PIROJPUR,21,147
KHEDA,KAPADVANJ,PUNADARA,PUNADARA,59,310
KHEDA,KAPADVANJ,RAMOSADI,RAMOSADI,12,193
KHEDA,KAPADVANJ,RAMPURA (SUNDARVADI/MANDVA),RAMPURASUNDARVADIMANDVA,14,75
KHEDA,KAPADVANJ,RELIYA,RELIYA,20,120
KHEDA,KAPADVANJ,ROZAVADA,ROZAVADA,8,89
KHEDA,KAPADVANJ,SALOD,SALOD,13,518
KHEDA,KAPADVANJ,SAVALI,SAVALI,122,820
KHEDA,KAPADVANJ,SHIHORA,SHIHORA,47,413
KHEDA,KAPADVANJ,SINGALI,SINGALI,36,390
KHEDA,KAPADVANJ,SINGPUR,SINGPUR,17,181
KHEDA,KAPADVANJ,SORNA,SORNA,58,939
KHEDA,KAPADVANJ,SUKI,SUKI,10,139
KHEDA,KAPADVANJ,SULTANPUR (TAIYABPUR,SULTANPURTAIYABPUR,25,127
KHEDA,KAPADVANJ,SULTANPUR (VADADHARA,SULTANPURVADADHARA,14,539
KHEDA,KAPADVANJ,SUNDA,SUNDA,53,1177
KHEDA,KAPADVANJ,TAIYABPUR,TAIYABPUR,71,733
KHEDA,KAPADVANJ,TALPODA,TALPODA,16,100
KHEDA,KAPADVANJ,TELNAR,TELNAR,22,1146
KHEDA,KAPADVANJ,THAVAD,THAVAD,47,529
KHEDA,KAPADVANJ,THUNCHAL,THUNCHAL,15,230
KHEDA,KAPADVANJ,TORNA,TORNA,63,1497
KHEDA,KAPADVANJ,UKARDINA MUVADA,UKARDINAMUVADA,37,315
KHEDA,KAPADVANJ,VADADHARA,VADADHARA,35,447
KHEDA,KAPADVANJ,VADALI,VADALI,94,737
KHEDA,KAPADVANJ,VADOL,VADOL,29,1220
KHEDA,KAPADVANJ,VAGHANA MUVADA,VAGHANAMUVADA,6,91
KHEDA,KAPADVANJ,VAGHAS,VAGHAS,33,1268
KHEDA,KAPADVANJ,VAGHAVAT,VAGHAVAT,16,78
KHEDA,KAPADVANJ,VAGHJIPUR,VAGHJIPUR,14,150
KHEDA,KAPADVANJ,VALVA MAHUDA,VALVAMAHUDA,5,129
KHEDA,KAPADVANJ,VASNA,VASNA,15,212
KHEDA,KAPADVANJ,VAVNA MUVADA,VAVNAMUVADA,8,81
KHEDA,KAPADVANJ,VEJALPUR,VEJALPUR,15,141
KHEDA,KAPADVANJ,VYAS VASNA,VYASVASNA,54,830
KHEDA,KAPADVANJ,VYASJINA MUVADA,VYASJINAMUVADA,12,258
KHEDA,KAPADVANJ,ZANDA,ZANDA,45,521
KHEDA,KATHLAL,ABHRIPUR,ABHRIPUR,4,258
KHEDA,KATHLAL,ANARA,ANARA,56,1283
KHEDA,KATHLAL,APRUJI,APRUJI,32,417
KHEDA,KATHLAL,ARAL,ARAL,17,241
KHEDA,KATHLAL,BADARPUR,BADARPUR,16,452
KHEDA,KATHLAL,BAGDOL,BAGDOL,10,326
KHEDA,KATHLAL,BHAGATNA MUVADA,BHAGATNAMUVADA,5,130
KHEDA,KATHLAL,BHANER,BHANER,34,899
KHEDA,KATHLAL,BHARKUNDA,BHARKUNDA,9,1038
KHEDA,KATHLAL,BHATERA,BHATERA,56,917
KHEDA,KATHLAL,CHARAN NIKOL,CHARANNIKOL,45,1526
KHEDA,KATHLAL,CHARED,CHARED,27,115
KHEDA,KATHLAL,CHELAVAT,CHELAVAT,14,116
KHEDA,KATHLAL,CHHIPADI,CHHIPADI,63,455
KHEDA,KATHLAL,CHHIPIAL,CHHIPIAL,11,446
KHEDA,KATHLAL,DAMPAT,DAMPAT,57,1439
KHEDA,KATHLAL,FAGVEL,FAGVEL,63,1427
KHEDA,KATHLAL,FULCHHATRAPURA,FULCHHATRAPURA,3,447
KHEDA,KATHLAL,GADVEL,GADVEL,27,221
KHEDA,KATHLAL,GANGADAS NA MUVADA,GANGADASNAMUVADA,4,226
KHEDA,KATHLAL,GANGIYAL,GANGIYAL,13,240
KHEDA,KATHLAL,GHOGHAVADA,GHOGHAVADA,6,588
KHEDA,KATHLAL,GUGADIA,GUGADIA,7,200
KHEDA,KATHLAL,HATHIA NI MUVADI,HATHIANIMUVADI,6,80
KHEDA,KATHLAL,JAMNI,JAMNI,6,95
KHEDA,KATHLAL,JITPURA,JITPURA,3,185
KHEDA,KATHLAL,KAKARKHAD,KAKARKHAD,46,362
KHEDA,KATHLAL,KALETAR,KALETAR,2,259
KHEDA,KATHLAL,KANIYEL,KANIYEL,41,1688
KHEDA,KATHLAL,KATHANA,KATHANA,53,1042
KHEDA,KATHLAL,KHADAL,KHADAL,38,408
KHEDA,KATHLAL,KHALAL,KHALAL,33,326
KHEDA,KATHLAL,LADVEL,LADVEL,13,270
KHEDA,KATHLAL,LAKHAMIYA NI MUVADI,LAKHAMIYANIMUVADI,2,97
KHEDA,KATHLAL,LASUNDRA,LASUNDRA,82,2113
KHEDA,KATHLAL,LAXMANPURA,LAXMANPURA,49,482
KHEDA,KATHLAL,MADADARA,MADADARA,17,160
KHEDA,KATHLAL,MANOR NI MIVADI,MANORNIMIVADI,4,121
KHEDA,KATHLAL,MIRJAPUR,MIRJAPUR,7,456
KHEDA,KATHLAL,MOTI BHANAVAT,MOTIBHANAVAT,5,155
KHEDA,KATHLAL,MUDEL RATANPUR,MUDELRATANPUR,21,361
KHEDA,KATHLAL,NANI BHANAVAT,NANIBHANAVAT,7,46
KHEDA,KATHLAL,NARPUR,NARPUR,13,173
KHEDA,KATHLAL,PAHAD,PAHAD,12,153
KHEDA,KATHLAL,PATTO,PATTO,6,289
KHEDA,KATHLAL,PITHAI,PITHAI,44,951
KHEDA,KATHLAL,PORDA BHATERA,PORDABHATERA,29,366
KHEDA,KATHLAL,PORDA FAGVEL,PORDAFAGVEL,27,333
KHEDA,KATHLAL,RAVDAVAT,RAVDAVAT,23,332
KHEDA,KATHLAL,SANDESAR,SANDESAR,15,764
KHEDA,KATHLAL,SARALI,SARALI,11,418
KHEDA,KATHLAL,SARKHEJ,SARKHEJ,50,324
KHEDA,KATHLAL,SHAHPUR,SHAHPUR,23,360
KHEDA,KATHLAL,SIKANDAR PORDA,SIKANDARPORDA,15,171
KHEDA,KATHLAL,SIPAI NI MUVADI,SIPAINIMUVADI,2,190
KHEDA,KATHLAL,SURAVAT,SURAVAT,6,49
KHEDA,KATHLAL,VANTADA,VANTADA,11,108
KHEDA,KATHLAL,VISHVANATHPURA,VISHVANATHPURA,34,277
KHEDA,KHEDA,BHERAI,BHERAI,55,631
KHEDA,KHEDA,BIDAJ,BIDAJ,24,1760
KHEDA,KHEDA,CHALINDRA,CHALINDRA,61,1077
KHEDA,KHEDA,CHANDNA,CHANDNA,57,607
KHEDA,KHEDA,CHITRASAR,CHITRASAR,58,762
KHEDA,KHEDA,DAMARI,DAMARI,4,393
KHEDA,KHEDA,DEDHARDA,DEDHARDA,2,309
KHEDA,KHEDA,DHADAL,DHADAL,37,454
KHEDA,KHEDA,DHARODA,DHARODA,65,2748
KHEDA,KHEDA,GOBLAJ,GOBLAJ,75,1522
KHEDA,KHEDA,GOVINDPURA,GOVINDPURA,28,496
KHEDA,KHEDA,HARIYADA,HARIYADA,65,1146
KHEDA,KHEDA,KAJIPURA,KAJIPURA,25,226
KHEDA,KHEDA,KALOLI,KALOLI,33,1312
KHEDA,KHEDA,KANERA,KANERA,46,744
KHEDA,KHEDA,KATHVADA,KATHVADA,66,883
KHEDA,KHEDA,KHUMARVAD,KHUMARVAD,17,590
KHEDA,KHEDA,LALI,LALI,55,1287
KHEDA,KHEDA,MAHIJ,MAHIJ,129,2083
KHEDA,KHEDA,MALARPURA,MALARPURA,40,333
KHEDA,KHEDA,NAVAGAM,NAVAGAM,72,1420
KHEDA,KHEDA,NAYAKA,NAYAKA,177,2372
KHEDA,KHEDA,PANSOLI,PANSOLI,25,425
KHEDA,KHEDA,PARASANTAJ,PARASANTAJ,16,866
KHEDA,KHEDA,PINGALAJ,PINGALAJ,29,587
KHEDA,KHEDA,RADHU,RADHU,171,1865
KHEDA,KHEDA,RASIKPURA,RASIKPURA,15,277
KHEDA,KHEDA,SAMADARA,SAMADARA,40,547
KHEDA,KHEDA,SARSA,SARSA,46,2432
KHEDA,KHEDA,SHANKEJ,SHANKEJ,40,731
KHEDA,KHEDA,SHETRA,SHETRA,42,903
KHEDA,KHEDA,VADALA,VADALA,17,359
KHEDA,KHEDA,VAIKUNTHPURA,VAIKUNTHPURA,7,78
KHEDA,KHEDA,VARSANGH,VARSANGH,22,789
KHEDA,KHEDA,VASANA BUJARAG,VASANABUJARAG,78,1150
KHEDA,KHEDA,VASANA KHURD,VASANAKHURD,13,1921
KHEDA,KHEDA,VASANA MARIGAYA,VASANAMARIGAYA,35,907
KHEDA,KHEDA,VAVADI,VAVADI,22,367
KHEDA,MAHUDHA,ALINA,ALINA,162,4647
KHEDA,MAHUDHA,BAGADU,BAGADU,17,317
KHEDA,MAHUDHA,BALADI,BALADI,46,397
KHEDA,MAHUDHA,BALOL,BALOL,42,305
KHEDA,MAHUDHA,BHUMAS,BHUMAS,63,877
KHEDA,MAHUDHA,CHUNEL,CHUNEL,128,2354
KHEDA,MAHUDHA,DADUSAR,DADUSAR,38,793
KHEDA,MAHUDHA,DHANDHODI,DHANDHODI,25,326
KHEDA,MAHUDHA,FALOLI,FALOLI,24,227
KHEDA,MAHUDHA,FINAV,FINAV,63,688
KHEDA,MAHUDHA,HAZATIYA,HAZATIYA,32,464
KHEDA,MAHUDHA,HERANJ,HERANJ,102,2837
KHEDA,MAHUDHA,KADI,KADI,32,582
KHEDA,MAHUDHA,KAIYAJ,KAIYAJ,34,306
KHEDA,MAHUDHA,KAPRUPUR,KAPRUPUR,19,662
KHEDA,MAHUDHA,KHALADI,KHALADI,28,670
KHEDA,MAHUDHA,KHANDIVAV,KHANDIVAV,3,192
KHEDA,MAHUDHA,KHURDABAD,KHURDABAD,10,52
KHEDA,MAHUDHA,KHUTAJ,KHUTAJ,54,680
KHEDA,MAHUDHA,MAHISA,MAHISA,117,4800
KHEDA,MAHUDHA,MANGALPUR,MANGALPUR,38,433
KHEDA,MAHUDHA,MEHMADAVADNA MUVADA,MEHMADAVADNAMUVADA,40,413
KHEDA,MAHUDHA,MINAVADA,MINAVADA,47,544
KHEDA,MAHUDHA,MIRZAPUR,MIRZAPUR,37,145
KHEDA,MAHUDHA,MOTI KHADOL,MOTIKHADOL,36,361
KHEDA,MAHUDHA,MULAJ,MULAJ,47,343
KHEDA,MAHUDHA,NAGWAL,NAGWAL,16,2194
KHEDA,MAHUDHA,NANDGAM,NANDGAM,47,822
KHEDA,MAHUDHA,NANI KHADOL,NANIKHADOL,43,806
KHEDA,MAHUDHA,NIZAMPUR,NIZAMPUR,24,502
KHEDA,MAHUDHA,PORDA,PORDA,6,294
KHEDA,MAHUDHA,RUPPURA,RUPPURA,26,573
KHEDA,MAHUDHA,SANALI,SANALI,33,375
KHEDA,MAHUDHA,SAPLA,SAPLA,39,563
KHEDA,MAHUDHA,SASTAPUR,SASTAPUR,22,383
KHEDA,MAHUDHA,SHERI,SHERI,18,643
KHEDA,MAHUDHA,SINGALI,SINGALI,34,342
KHEDA,MAHUDHA,TORANIYA,TORANIYA,38,321
KHEDA,MAHUDHA,UNDARA,UNDARA,79,818
KHEDA,MAHUDHA,VADTHAL,VADTHAL,70,1752
KHEDA,MAHUDHA,VASNA,VASNA,45,670
KHEDA,MATAR,ALINDRA,ALINDRA,43,1932
KHEDA,MATAR,ANTROLI,ANTROLI,16,1745
KHEDA,MATAR,ASAMALI,ASAMALI,45,950
KHEDA,MATAR,ASLALI,ASLALI,41,532
KHEDA,MATAR,BAMANGAM,BAMANGAM,77,1187
KHEDA,MATAR,BARODA,BARODA,10,595
KHEDA,MATAR,BHALADA,BHALADA,45,1640
KHEDA,MATAR,CHANOR,CHANOR,17,443
KHEDA,MATAR,DALOLI,DALOLI,17,581
KHEDA,MATAR,DETHLI,DETHLI,33,2199
KHEDA,MATAR,GARMALA,GARMALA,19,1028
KHEDA,MATAR,HADEVA,HADEVA,9,307
KHEDA,MATAR,HAIJARABAD,HAIJARABAD,5,1970
KHEDA,MATAR,HERANJ,HERANJ,11,616
KHEDA,MATAR,INDARVARNA,INDARVARNA,3,497
KHEDA,MATAR,KATHODA,KATHODA,9,691
KHEDA,MATAR,KHADIYARPURA,KHADIYARPURA,20,259
KHEDA,MATAR,KHANDHLI,KHANDHLI,28,1489
KHEDA,MATAR,KHARENTI,KHARENTI,4,1064
KHEDA,MATAR,KOSHIYAL,KOSHIYAL,24,696
KHEDA,MATAR,KUNJARA,KUNJARA,25,176
KHEDA,MATAR,LAVAL,LAVAL,9,1878
KHEDA,MATAR,LIMBASI,LIMBASI,172,2953
KHEDA,MATAR,MACHHIEL,MACHHIEL,9,1348
KHEDA,MATAR,MAHELAJ,MAHELAJ,5,1475
KHEDA,MATAR,MALAVADA,MALAVADA,55,1002
KHEDA,MATAR,MALIYATAJ,MALIYATAJ,3,943
KHEDA,MATAR,MARALA,MARALA,21,236
KHEDA,MATAR,MATAR,MATAR,131,1556
KHEDA,MATAR,MEHMEDABAD,MEHMEDABAD,2,291
KHEDA,MATAR,NADHANPUR,NADHANPUR,8,830
KHEDA,MATAR,NAGRAMA,NAGRAMA,34,302
KHEDA,MATAR,NANDOLI,NANDOLI,34,421
KHEDA,MATAR,PALLA,PALLA,9,189
KHEDA,MATAR,PARIYEJ,PARIYEJ,31,3640
KHEDA,MATAR,PIPARIYA,PIPARIYA,7,529
KHEDA,MATAR,PUNAJ,PUNAJ,53,536
KHEDA,MATAR,RADHVANAJ,RADHVANAJ,17,813
KHEDA,MATAR,RANASAR,RANASAR,25,343
KHEDA,MATAR,RATANPUR,RATANPUR,24,910
KHEDA,MATAR,SANDHANA,SANDHANA,9,2296
KHEDA,MATAR,SAYLA,SAYLA,2,284
KHEDA,MATAR,SHEKHUPUR,SHEKHUPUR,11,467
KHEDA,MATAR,SIHOLDI,SIHOLDI,9,617
KHEDA,MATAR,SINJIWADA,SINJIWADA,20,1166
KHEDA,MATAR,SOKHDA,SOKHDA,32,939
KHEDA,MATAR,TRAJ,TRAJ,28,2510
KHEDA,MATAR,TRANJA,TRANJA,71,1150
KHEDA,MATAR,UNDHELA,UNDHELA,19,1095
KHEDA,MATAR,UNTAI,UNTAI,3,394
KHEDA,MATAR,VALOTRI,VALOTRI,8,270
KHEDA,MATAR,VANSAR,VANSAR,22,888
KHEDA,MATAR,VASAI,VASAI,23,515
KHEDA,MATAR,VASTANA,VASTANA,9,996
KHEDA,MATAR,VIROJA,VIROJA,34,361
KHEDA,MEHMEDABAD,AJABPURA,AJABPURA,5,89
KHEDA,MEHMEDABAD,AKLACHA,AKLACHA,60,460
KHEDA,MEHMEDABAD,AMSARAN,AMSARAN,56,688
KHEDA,MEHMEDABAD,ARERI,ARERI,14,445
KHEDA,MEHMEDABAD,BARMUVADA,BARMUVADA,34,2016
KHEDA,MEHMEDABAD,BAVRA,BAVRA,38,984
KHEDA,MEHMEDABAD,CHARAN NA MUVADA,CHARANNAMUVADA,7,99
KHEDA,MEHMEDABAD,CHARAN NA MUVADA (IN,CHARANNAMUVADAIN,13,137
KHEDA,MEHMEDABAD,CHHAPRA,CHHAPRA,64,778
KHEDA,MEHMEDABAD,DAJIPURA,DAJIPURA,13,445
KHEDA,MEHMEDABAD,DEVKI VANSOL,DEVKIVANSOL,22,1618
KHEDA,MEHMEDABAD,GADVA,GADVA,13,404
KHEDA,MEHMEDABAD,GHODALI,GHODALI,21,429
KHEDA,MEHMEDABAD,GHODASAR,GHODASAR,58,891
KHEDA,MEHMEDABAD,GOKALPURA,GOKALPURA,22,211
KHEDA,MEHMEDABAD,GOTHAJ,GOTHAJ,12,904
KHEDA,MEHMEDABAD,HALDARVAS,HALDARVAS,41,1636
KHEDA,MEHMEDABAD,HATHNOLI,HATHNOLI,9,424
KHEDA,MEHMEDABAD,IAWA,IAWA,15,322
KHEDA,MEHMEDABAD,JALAMPURA,JALAMPURA,3,93
KHEDA,MEHMEDABAD,JALIYA,JALIYA,21,1021
KHEDA,MEHMEDABAD,JINJAR,JINJAR,12,545
KHEDA,MEHMEDABAD,KACHHAI,KACHHAI,40,927
KHEDA,MEHMEDABAD,KANIJ,KANIJ,92,3426
KHEDA,MEHMEDABAD,KAROLI,KAROLI,26,676
KHEDA,MEHMEDABAD,KATAKPURA,KATAKPURA,18,377
KHEDA,MEHMEDABAD,KESRA,KESRA,22,1092
KHEDA,MEHMEDABAD,KHAMBHALI,KHAMBHALI,25,448
KHEDA,MEHMEDABAD,KHATRAJ,KHATRAJ,51,774
KHEDA,MEHMEDABAD,KOTHIPURA,KOTHIPURA,26,543
KHEDA,MEHMEDABAD,KUNA,KUNA,31,560
KHEDA,MEHMEDABAD,MALTAJ,MALTAJ,22,508
KHEDA,MEHMEDABAD,MANKWA,MANKWA,37,1592
KHEDA,MEHMEDABAD,MODAJ,MODAJ,29,1903
KHEDA,MEHMEDABAD,MOTI ADBOLI,MOTIADBOLI,17,502
KHEDA,MEHMEDABAD,MOTI TIMBLI,MOTITIMBLI,12,218
KHEDA,MEHMEDABAD,NANI ADBOLI,NANIADBOLI,25,503
KHEDA,MEHMEDABAD,NANI TIMBALI,NANITIMBALI,3,64
KHEDA,MEHMEDABAD,NAVAGAM (DOLPURA),NAVAGAMDOLPURA,3,712
KHEDA,MEHMEDABAD,NAVCHETAN,NAVCHETAN,3,265
KHEDA,MEHMEDABAD,NENPUR,NENPUR,26,1447
KHEDA,MEHMEDABAD,PAHAD,PAHAD,5,152
KHEDA,MEHMEDABAD,PAHADIYA,PAHADIYA,17,209
KHEDA,MEHMEDABAD,RASKA,RASKA,80,756
KHEDA,MEHMEDABAD,RATANPURA,RATANPURA,1,61
KHEDA,MEHMEDABAD,RINCHHOL,RINCHHOL,18,959
KHEDA,MEHMEDABAD,ROSHISA,ROSHISA,28,464
KHEDA,MEHMEDABAD,RUDAN,RUDAN,10,1213
KHEDA,MEHMEDABAD,SADRA,SADRA,11,803
KHEDA,MEHMEDABAD,SAMASPUR,SAMASPUR,9,965
KHEDA,MEHMEDABAD,SANSOLI,SANSOLI,55,351
KHEDA,MEHMEDABAD,SARSAVANI,SARSAVANI,14,715
KHEDA,MEHMEDABAD,SHATRUNDA,SHATRUNDA,26,415
KHEDA,MEHMEDABAD,SIHUNJ,SIHUNJ,82,2976
KHEDA,MEHMEDABAD,SOJALI,SOJALI,22,161
KHEDA,MEHMEDABAD,SUNDHA,SUNDHA,9,325
KHEDA,MEHMEDABAD,SURAJPURA,SURAJPURA,6,57
KHEDA,MEHMEDABAD,UMEDPURA,UMEDPURA,4,168
KHEDA,MEHMEDABAD,VADADLA,VADADLA,5,281
KHEDA,MEHMEDABAD,VAMALI,VAMALI,7,365
KHEDA,MEHMEDABAD,VANSOL SUNDHA,VANSOLSUNDHA,17,1423
KHEDA,MEHMEDABAD,VANSOLI,VANSOLI,7,311
KHEDA,MEHMEDABAD,VARSOLA,VARSOLA,105,927
KHEDA,MEHMEDABAD,VIROL,VIROL,53,810
KHEDA,MEHMEDABAD,WANTHVALI,WANTHVALI,34,2176
KHEDA,NADIAD,AKHDOL,AKHDOL,53,1394
KHEDA,NADIAD,ALINDRA,ALINDRA,63,820
KHEDA,NADIAD,ALJADA,ALJADA,6,257
KHEDA,NADIAD,ANDHAJ,ANDHAJ,28,984
KHEDA,NADIAD,ARAJANPUR KOT,ARAJANPURKOT,18,155
KHEDA,NADIAD,ARERA,ARERA,36,1241
KHEDA,NADIAD,BAMROLI,BAMROLI,15,3571
KHEDA,NADIAD,BHUMEL,BHUMEL,15,666
KHEDA,NADIAD,BILODRA,BILODRA,50,694
KHEDA,NADIAD,CHALALI,CHALALI,28,1500
KHEDA,NADIAD,DABHAN,DABHAN,76,1299
KHEDA,NADIAD,DANTALI,DANTALI,67,557
KHEDA,NADIAD,DAVDA,DAVDA,1,639
KHEDA,NADIAD,DAWAPURA,DAWAPURA,14,487
KHEDA,NADIAD,DEGAM,DEGAM,6,869
KHEDA,NADIAD,DUMRAL,DUMRAL,15,495
KHEDA,NADIAD,ERANDIYAPURA,ERANDIYAPURA,5,81
KHEDA,NADIAD,FATEPUR,FATEPUR,16,309
KHEDA,NADIAD,GANGAPUR,GANGAPUR,29,414
KHEDA,NADIAD,GUTAL,GUTAL,49,484
KHEDA,NADIAD,HATHAJ,HATHAJ,25,1556
KHEDA,NADIAD,HATHNOLI,HATHNOLI,23,318
KHEDA,NADIAD,JAVOL,JAVOL,23,878
KHEDA,NADIAD,KALOLI,KALOLI,24,886
KHEDA,NADIAD,KAMLA,KAMLA,54,484
KHEDA,NADIAD,KANJODA,KANJODA,48,937
KHEDA,NADIAD,KERIAVI,KERIAVI,13,1469
KHEDA,NADIAD,MAHOLIL,MAHOLIL,69,1907
KHEDA,NADIAD,MANJIPURA,MANJIPURA,21,289
KHEDA,NADIAD,MARIDA,MARIDA,60,1175
KHEDA,NADIAD,MITRAL,MITRAL,30,3212
KHEDA,NADIAD,MONGHROLI,MONGHROLI,11,1132
KHEDA,NADIAD,NANAVAGA,NANAVAGA,12,204
KHEDA,NADIAD,NARSANDA,NARSANDA,18,1849
KHEDA,NADIAD,PALAIYA,PALAIYA,26,570
KHEDA,NADIAD,PALANA,PALANA,63,1963
KHEDA,NADIAD,PALDI,PALDI,25,549
KHEDA,NADIAD,PIJ,PIJ,34,2496
KHEDA,NADIAD,PIPLAJ,PIPLAJ,11,1928
KHEDA,NADIAD,PIPLATA,PIPLATA,10,1838
KHEDA,NADIAD,RAJNAGAR,RAJNAGAR,7,515
KHEDA,NADIAD,RAMPURA,RAMPURA,23,616
KHEDA,NADIAD,SALUN TALPAD,SALUNTALPAD,42,1550
KHEDA,NADIAD,SALUN VANTO,SALUNVANTO,33,729
KHEDA,NADIAD,SILOD,SILOD,47,835
KHEDA,NADIAD,SODPUR,SODPUR,44,2673
KHEDA,NADIAD,SURSAMAL,SURSAMAL,32,1493
KHEDA,NADIAD,THALEDI,THALEDI,14,282
KHEDA,NADIAD,TUNDEL,TUNDEL,41,803
KHEDA,NADIAD,UTTARSANDA,UTTARSANDA,28,1970
KHEDA,NADIAD,VADTAL,VADTAL,8,1198
KHEDA,NADIAD,VALETVA,VALETVA,28,995
KHEDA,NADIAD,VALLA,VALLA,20,329
KHEDA,NADIAD,VASO,VASO,92,2259
KHEDA,NADIAD,VINA,VINA,54,1111
KHEDA,NADIAD,YOGI NAGAR,YOGINAGAR,24,283
KHEDA,NADIAD,ZAROL,ZAROL,7,352
KHEDA,THASRA,AGARWA,AGARWA,10,905
KHEDA,THASRA,AJROLI,AJROLI,6,420
KHEDA,THASRA,AJUPURA,AJUPURA,57,258
KHEDA,THASRA,AKLACHA,AKLACHA,2,170
KHEDA,THASRA,AMBAV,AMBAV,27,330
KHEDA,THASRA,AMRUTPURA,AMRUTPURA,6,234
KHEDA,THASRA,ANGHADI,ANGHADI,124,2098
KHEDA,THASRA,AURANGPURA,AURANGPURA,14,201
KHEDA,THASRA,BADHARPURA,BADHARPURA,12,591
KHEDA,THASRA,BALADHA,BALADHA,45,1026
KHEDA,THASRA,BHADRASA,BHADRASA,8,791
KHEDA,THASRA,BHARTHARI,BHARTHARI,41,523
KHEDA,THASRA,BHATPURA NO-1,BHATPURANO1,9,14
KHEDA,THASRA,BHATPURA NO-2,BHATPURANO2,4,43
KHEDA,THASRA,BHATVASNA,BHATVASNA,8,190
KHEDA,THASRA,BORDI,BORDI,71,1126
KHEDA,THASRA,CHANDASAR,CHANDASAR,43,112
KHEDA,THASRA,CHETARSUMBA,CHETARSUMBA,117,953
KHEDA,THASRA,CHITLAV,CHITLAV,19,335
KHEDA,THASRA,DABHALI,DABHALI,36,773
KHEDA,THASRA,DABHSAR,DABHSAR,5,268
KHEDA,THASRA,DHUNADARA,DHUNADARA,13,3401
KHEDA,THASRA,DHUNDI,DHUNDI,10,258
KHEDA,THASRA,EKALVELU,EKALVELU,11,638
KHEDA,THASRA,GADHVINA MUVADA,GADHVINAMUVADA,8,143
KHEDA,THASRA,GOLAJ,GOLAJ,40,842
KHEDA,THASRA,GUMADIYA,GUMADIYA,12,158
KHEDA,THASRA,HARKHOL,HARKHOL,7,251
KHEDA,THASRA,JAKHED,JAKHED,18,1034
KHEDA,THASRA,JALANAGAR,JALANAGAR,26,346
KHEDA,THASRA,JARGAL,JARGAL,21,826
KHEDA,THASRA,JESAPURA-MITHAPURA,JESAPURAMITHAPURA,24,321
KHEDA,THASRA,JORAPURA,JORAPURA,8,227
KHEDA,THASRA,KALSAR,KALSAR,9,1026
KHEDA,THASRA,KHAD GODHRA,KHADGODHRA,19,653
KHEDA,THASRA,KHIJALPUR TALPAD,KHIJALPURTALPAD,5,1146
KHEDA,THASRA,KHIJALPUR VANTO,KHIJALPURVANTO,9,329
KHEDA,THASRA,KOSAM,KOSAM,19,303
KHEDA,THASRA,KOTARIYA,KOTARIYA,18,200
KHEDA,THASRA,KOTLINDORA,KOTLINDORA,25,426
KHEDA,THASRA,KUNI,KUNI,55,1361
KHEDA,THASRA,MAHI ITADI,MAHIITADI,58,743
KHEDA,THASRA,MALAI,MALAI,14,125
KHEDA,THASRA,MALVAN,MALVAN,22,420
KHEDA,THASRA,MANJIPURA,MANJIPURA,20,571
KHEDA,THASRA,MARGHAKUI,MARGHAKUI,9,221
KHEDA,THASRA,MASRA,MASRA,27,685
KHEDA,THASRA,MENPURA,MENPURA,41,727
KHEDA,THASRA,MITHANA MUVADA,MITHANAMUVADA,24,352
KHEDA,THASRA,MOR AMBLI,MORAMBLI,12,395
KHEDA,THASRA,MULIYA,MULIYA,32,1909
KHEDA,THASRA,NANADARA,NANADARA,70,797
KHEDA,THASRA,NES,NES,18,675
KHEDA,THASRA,OZHARALA,OZHARALA,45,788
KHEDA,THASRA,PADAL,PADAL,10,544
KHEDA,THASRA,PALAIYA,PALAIYA,24,394
KHEDA,THASRA,PALI,PALI,75,1106
KHEDA,THASRA,PANDVANIA,PANDVANIA,29,835
KHEDA,THASRA,PILOL,PILOL,23,327
KHEDA,THASRA,PIPALVADA,PIPALVADA,11,1167
KHEDA,THASRA,PORDA,PORDA,5,553
KHEDA,THASRA,RAKHIYAL,RAKHIYAL,56,493
KHEDA,THASRA,RANI PORDA,RANIPORDA,3,278
KHEDA,THASRA,RANIYA,RANIYA,35,673
KHEDA,THASRA,RASULPUR PADAL,RASULPURPADAL,4,412
KHEDA,THASRA,RASULPUR THASRA,RASULPURTHASRA,29,283
KHEDA,THASRA,RAWALIYA,RAWALIYA,15,651
KHEDA,THASRA,ROZVA,ROZVA,79,1072
KHEDA,THASRA,RUSTAMPURA,RUSTAMPURA,39,218
KHEDA,THASRA,SAIYAT,SAIYAT,55,1067
KHEDA,THASRA,SALUN,SALUN,45,420
KHEDA,THASRA,SANADRA,SANADRA,35,912
KHEDA,THASRA,SANDHELI,SANDHELI,66,2065
KHEDA,THASRA,SANDHELIYA,SANDHELIYA,22,164
KHEDA,THASRA,SANGOL,SANGOL,43,286
KHEDA,THASRA,SARNAL,SARNAL,33,182
KHEDA,THASRA,SHAHPURA,SHAHPURA,14,266
KHEDA,THASRA,SHAMALPURA,SHAMALPURA,45,253
KHEDA,THASRA,SIMLAJ,SIMLAJ,50,540
KHEDA,THASRA,SONAIYA,SONAIYA,12,325
KHEDA,THASRA,SONIPUR,SONIPUR,101,621
KHEDA,THASRA,SUI,SUI,75,724
KHEDA,THASRA,TIMBANA MUVADA,TIMBANAMUVADA,38,274
KHEDA,THASRA,UDHMATPURA,UDHMATPURA,11,98
KHEDA,THASRA,UMBA,UMBA,8,374
KHEDA,THASRA,UPLET,UPLET,15,105
KHEDA,THASRA,VADAD,VADAD,65,1118
KHEDA,THASRA,VAJEWAL,VAJEWAL,26,340
KHEDA,THASRA,VALLAVPURA,VALLAVPURA,19,158
KHEDA,THASRA,VAMALI,VAMALI,2,124
KHEDA,THASRA,VANODA,VANODA,76,938
KHEDA,THASRA,VANOTI,VANOTI,31,901
KHEDA,THASRA,VASO,VASO,20,1006
KHEDA,THASRA,VINZOL,VINZOL,46,563
KHEDA,THASRA,VITHTHAPURA,VITHTHAPURA,27,100
KHEDA,THASRA,WANGHROLI,WANGHROLI,94,1901
KHEDA,VIRPUR,ALAMPURA,ALAMPURA,1,69
KHEDA,VIRPUR,ASPUR,ASPUR,36,196
KHEDA,VIRPUR,ASUNDARIYA,ASUNDARIYA,25,418
KHEDA,VIRPUR,BAGHARPURA,BAGHARPURA,4,97
KHEDA,VIRPUR,BALVAKHANT NA MUVADA,BALVAKHANTNAMUVADA,19,48
KHEDA,VIRPUR,BAR,BAR,50,1802
KHEDA,VIRPUR,BARODA,BARODA,30,387
KHEDA,VIRPUR,BHANJINI VAV,BHANJINIVAV,29,223
KHEDA,VIRPUR,BHARODI,BHARODI,51,340
KHEDA,VIRPUR,BHATPUR,BHATPUR,37,262
KHEDA,VIRPUR,CHHARVANGI,CHHARVANGI,7,63
KHEDA,VIRPUR,CHIKHLI JHOJHA,CHIKHLIJHOJHA,4,76
KHEDA,VIRPUR,CHORASA,CHORASA,44,726
KHEDA,VIRPUR,DEBHARI,DEBHARI,98,1256
KHEDA,VIRPUR,DHORAVADA,DHORAVADA,8,76
KHEDA,VIRPUR,GADHELI,GADHELI,20,310
KHEDA,VIRPUR,GANDHARI,GANDHARI,46,422
KHEDA,VIRPUR,GHATDA,GHATDA,31,340
KHEDA,VIRPUR,GOMVADI,GOMVADI,9,43
KHEDA,VIRPUR,GOPALPURA,GOPALPURA,29,124
KHEDA,VIRPUR,HANDIYA (VIRPUR),HANDIYAVIRPUR,10,292
KHEDA,VIRPUR,JAMALPUR,JAMALPUR,11,112
KHEDA,VIRPUR,JAMBUDI,JAMBUDI,6,64
KHEDA,VIRPUR,JAVARKHAT NA MUVADA,JAVARKHATNAMUVADA,7,93
KHEDA,VIRPUR,JODHPUR,JODHPUR,33,985
KHEDA,VIRPUR,KASLAVATI,KASLAVATI,17,252
KHEDA,VIRPUR,KASUDI,KASUDI,13,224
KHEDA,VIRPUR,KHAROD,KHAROD,49,669
KHEDA,VIRPUR,KHATA,KHATA,28,385
KHEDA,VIRPUR,KHEROLI,KHEROLI,51,487
KHEDA,VIRPUR,KOYDAM,KOYDAM,39,906
KHEDA,VIRPUR,KOYLA,KOYLA,32,397
KHEDA,VIRPUR,KUMBHARVADI,KUMBHARVADI,43,563
KHEDA,VIRPUR,LIMBARVADA,LIMBARVADA,50,2381
KHEDA,VIRPUR,NASROLI,NASROLI,28,211
KHEDA,VIRPUR,PANSRODA,PANSRODA,20,354
KHEDA,VIRPUR,PANTA,PANTA,9,162
KHEDA,VIRPUR,RAJENA,RAJENA,14,137
KHEDA,VIRPUR,RAJPUR (VIRPUR),RAJPURVIRPUR,27,224
KHEDA,VIRPUR,RALIYATA (VIRPUR),RALIYATAVIRPUR,13,113
KHEDA,VIRPUR,RAMPURA,RAMPURA,29,210
KHEDA,VIRPUR,RASULPUR,RASULPUR,27,142
KHEDA,VIRPUR,RATANKUVA,RATANKUVA,52,633
KHEDA,VIRPUR,ROJHAV,ROJHAV,16,208
KHEDA,VIRPUR,SALAIYA,SALAIYA,41,564
KHEDA,VIRPUR,SARADIYA,SARADIYA,62,1319
KHEDA,VIRPUR,SARIYA,SARIYA,24,239
KHEDA,VIRPUR,TAJPUR,TAJPUR,15,23
KHEDA,VIRPUR,UMARIYA,UMARIYA,3,122
KHEDA,VIRPUR,VAGHAS,VAGHAS,60,360
KHEDA,VIRPUR,VARADHARA,VARADHARA,46,610
KHEDA,VIRPUR,VIRPUR,VIRPUR,99,579
MAHESANA,BECHARAJI,ADIVADA,ADIVADA,15,578
MAHESANA,BECHARAJI,AJABPURA,AJABPURA,19,189
MAHESANA,BECHARAJI,AKBA,AKBA,18,755
MAHESANA,BECHARAJI,AMBALA,AMBALA,19,467
MAHESANA,BECHARAJI,ASJOL,ASJOL,5,569
MAHESANA,BECHARAJI,BARIYAF,BARIYAF,3,757
MAHESANA,BECHARAJI,BECHAR,BECHAR,104,737
MAHESANA,BECHARAJI,BHALGAMDA,BHALGAMDA,11,160
MAHESANA,BECHARAJI,CHADASNA,CHADASNA,35,516
MAHESANA,BECHARAJI,CHANDANKI,CHANDANKI,36,477
MAHESANA,BECHARAJI,CHANDRODA,CHANDRODA,8,496
MAHESANA,BECHARAJI,CHHATASANA,CHHATASANA,2,270
MAHESANA,BECHARAJI,DEDANA,DEDANA,95,1462
MAHESANA,BECHARAJI,DEDARDA,DEDARDA,22,146
MAHESANA,BECHARAJI,DELPURA KHANT,DELPURAKHANT,33,475
MAHESANA,BECHARAJI,DELVADA KHANT,DELVADAKHANT,14,519
MAHESANA,BECHARAJI,DETHLI,DETHLI,5,1057
MAHESANA,BECHARAJI,DEVGADH,DEVGADH,33,292
MAHESANA,BECHARAJI,DHANPURA,DHANPURA,2,196
MAHESANA,BECHARAJI,DHARPURA-KHANT,DHARPURAKHANT,4,447
MAHESANA,BECHARAJI,DODIVADA,DODIVADA,57,1129
MAHESANA,BECHARAJI,EDELA,EDELA,20,485
MAHESANA,BECHARAJI,FINCHDI,FINCHDI,18,452
MAHESANA,BECHARAJI,GAMBHU,GAMBHU,69,2220
MAHESANA,BECHARAJI,GANESHPURA,GANESHPURA,37,760
MAHESANA,BECHARAJI,INDRAP,INDRAP,47,259
MAHESANA,BECHARAJI,JETPUR,JETPUR,51,879
MAHESANA,BECHARAJI,KAKASNA,KAKASNA,14,211
MAHESANA,BECHARAJI,KALRI,KALRI,18,727
MAHESANA,BECHARAJI,KANODA,KANODA,69,1262
MAHESANA,BECHARAJI,KARANSAGAR,KARANSAGAR,5,417
MAHESANA,BECHARAJI,KHAMBHEL,KHAMBHEL,17,952
MAHESANA,BECHARAJI,MANDALI,MANDALI,9,181
MAHESANA,BECHARAJI,MATRASAN,MATRASAN,27,338
MAHESANA,BECHARAJI,MODHERA,MODHERA,125,2120
MAHESANA,BECHARAJI,MOTAP,MOTAP,69,1056
MAHESANA,BECHARAJI,POYDA,POYDA,42,144
MAHESANA,BECHARAJI,PRATAPGADH,PRATAPGADH,3,96
MAHESANA,BECHARAJI,RANCHHODPURA,RANCHHODPURA,18,365
MAHESANA,BECHARAJI,RANELA,RANELA,38,567
MAHESANA,BECHARAJI,RANTEJ,RANTEJ,91,1308
MAHESANA,BECHARAJI,RUPPURA KARANPURA,RUPPURAKARANPURA,54,650
MAHESANA,BECHARAJI,SADUTHLA,SADUTHLA,35,365
MAHESANA,BECHARAJI,SANKHALPUR,SANKHALPUR,120,1893
MAHESANA,BECHARAJI,SANPAVADA,SANPAVADA,108,919
MAHESANA,BECHARAJI,SUJANPURA,SUJANPURA,4,929
MAHESANA,BECHARAJI,SURAJ,SURAJ,22,503
MAHESANA,BECHARAJI,SURPURA,SURPURA,39,366
MAHESANA,BECHARAJI,UDELA,UDELA,12,253
MAHESANA,BECHARAJI,VANPUR,VANPUR,6,91
MAHESANA,BECHARAJI,VENPURA,VENPURA,13,336
MAHESANA,BECHARAJI,VIJAPURDA,VIJAPURDA,34,406
MAHESANA,KADI,ACHRASAN,ACHRASAN,9,406
MAHESANA,KADI,ADRAJ,ADRAJ,73,2896
MAHESANA,KADI,ADUDRA,ADUDRA,18,970
MAHESANA,KADI,AGOL,AGOL,66,2006
MAHESANA,KADI,ALAMPUR,ALAMPUR,6,92
MAHESANA,KADI,ALDESAN,ALDESAN,75,679
MAHESANA,KADI,ALUSNA,ALUSNA,6,176
MAHESANA,KADI,AMBAVPURA,AMBAVPURA,7,258
MAHESANA,KADI,AMBLIYARA,AMBLIYARA,73,840
MAHESANA,KADI,ANANDPURA,ANANDPURA,21,430
MAHESANA,KADI,ANKHOL,ANKHOL,10,127
MAHESANA,KADI,BABAJIPURA,BABAJIPURA,29,219
MAHESANA,KADI,BALASAR,BALASAR,76,1170
MAHESANA,KADI,BAVLU,BAVLU,92,2060
MAHESANA,KADI,BHALTHI,BHALTHI,28,386
MAHESANA,KADI,BHATASAN,BHATASAN,50,332
MAHESANA,KADI,BORISANA,BORISANA,114,1175
MAHESANA,KADI,BUDASAN,BUDASAN,60,456
MAHESANA,KADI,CHADASNA,CHADASNA,8,450
MAHESANA,KADI,CHALASAN,CHALASAN,22,373
MAHESANA,KADI,CHANDARDA,CHANDARDA,40,239
MAHESANA,KADI,CHANDRASAN,CHANDRASAN,73,1121
MAHESANA,KADI,CHAROL,CHAROL,71,1065
MAHESANA,KADI,CHHALESRA,CHHALESRA,12,237
MAHESANA,KADI,DANGARVA,DANGARVA,5,1614
MAHESANA,KADI,DARAN,DARAN,42,1662
MAHESANA,KADI,DARAN MORVA,DARANMORVA,25,305
MAHESANA,KADI,DELLA,DELLA,30,215
MAHESANA,KADI,DEUSANA,DEUSANA,35,2244
MAHESANA,KADI,DHANALI,DHANALI,5,291
MAHESANA,KADI,DHANDHALPUR,DHANDHALPUR,8,194
MAHESANA,KADI,DHOLASAN,DHOLASAN,13,313
MAHESANA,KADI,DHORIYA,DHORIYA,8,177
MAHESANA,KADI,DIGDI,DIGDI,34,328
MAHESANA,KADI,DUDHAI,DUDHAI,21,198
MAHESANA,KADI,FATTEHPURA,FATTEHPURA,9,106
MAHESANA,KADI,FULETRA,FULETRA,54,1244
MAHESANA,KADI,GALODRA,GALODRA,17,630
MAHESANA,KADI,GANESHPURA,GANESHPURA,21,244
MAHESANA,KADI,GHUGHLA,GHUGHLA,22,1142
MAHESANA,KADI,GHUMASAN,GHUMASAN,50,880
MAHESANA,KADI,GOVINDPURA,GOVINDPURA,30,167
MAHESANA,KADI,HARIPURA,HARIPURA,4,278
MAHESANA,KADI,INDRAD,INDRAD,60,1157
MAHESANA,KADI,IRANA,IRANA,27,839
MAHESANA,KADI,ISHVARPURA,ISHVARPURA,6,50
MAHESANA,KADI,JADAVPURA,JADAVPURA,55,529
MAHESANA,KADI,JAMIYATPURA,JAMIYATPURA,9,131
MAHESANA,KADI,JASALPUR,JASALPUR,53,666
MAHESANA,KADI,JESANGPURA,JESANGPURA,21,277
MAHESANA,KADI,JETPURA,JETPURA,22,819
MAHESANA,KADI,JHALODA,JHALODA,101,2203
MAHESANA,KADI,JHULASAN,JHULASAN,7,1087
MAHESANA,KADI,KAIYAL,KAIYAL,2,667
MAHESANA,KADI,KALYANPURA,KALYANPURA,35,319
MAHESANA,KADI,KANJARI,KANJARI,41,848
MAHESANA,KADI,KARANNAGAR,KARANNAGAR,86,1902
MAHESANA,KADI,KARJISAN,KARJISAN,7,613
MAHESANA,KADI,KARSANPURA,KARSANPURA,8,97
MAHESANA,KADI,KASVA,KASVA,30,1001
MAHESANA,KADI,KHANDERAVPURA,KHANDERAVPURA,12,116
MAHESANA,KADI,KHANDMORVA,KHANDMORVA,23,180
MAHESANA,KADI,KHAVAD,KHAVAD,71,2205
MAHESANA,KADI,KHERPUR,KHERPUR,33,383
MAHESANA,KADI,KOLAD,KOLAD,17,516
MAHESANA,KADI,KORDA,KORDA,56,822
MAHESANA,KADI,KUNDAL,KUNDAL,24,935
MAHESANA,KADI,LAKSHMANPURA,LAKSHMANPURA,15,534
MAHESANA,KADI,LAKSHMIPURA(A),LAKSHMIPURAA,21,336
MAHESANA,KADI,LAKSHMIPURA(NANDASAN),LAKSHMIPURANANDASAN,158,1796
MAHESANA,KADI,LHOR,LHOR,28,856
MAHESANA,KADI,LUNASAN,LUNASAN,7,562
MAHESANA,KADI,MAHARAJPURA,MAHARAJPURA,16,345
MAHESANA,KADI,MANIPUR,MANIPUR,36,452
MAHESANA,KADI,MATHASUL,MATHASUL,13,572
MAHESANA,KADI,MEDHA,MEDHA,10,667
MAHESANA,KADI,MERDA,MERDA,21,1063
MAHESANA,KADI,MOKASAN,MOKASAN,6,493
MAHESANA,KADI,MOYAN,MOYAN,4,216
MAHESANA,KADI,NADAN,NADAN,6,787
MAHESANA,KADI,NADOLIYA,NADOLIYA,28,277
MAHESANA,KADI,NAGARASAN,NAGARASAN,26,841
MAHESANA,KADI,NANAPURASONVAD,NANAPURASONVAD,23,184
MAHESANA,KADI,NANDASAN,NANDASAN,142,1511
MAHESANA,KADI,NANI KADI,NANIKADI,95,1613
MAHESANA,KADI,NARANPURA,NARANPURA,10,197
MAHESANA,KADI,NAROLA,NAROLA,12,310
MAHESANA,KADI,NARSIPURA,NARSIPURA,25,176
MAHESANA,KADI,PALLI,PALLI,75,530
MAHESANA,KADI,PANTHODA,PANTHODA,16,660
MAHESANA,KADI,PIROJPUR,PIROJPUR,38,405
MAHESANA,KADI,RAJPUR,RAJPUR,150,1903
MAHESANA,KADI,RANGPURDA,RANGPURDA,36,699
MAHESANA,KADI,ROZAPURI,ROZAPURI,19,165
MAHESANA,KADI,SADRA,SADRA,75,661
MAHESANA,KADI,SARSAV,SARSAV,39,870
MAHESANA,KADI,SEDARDI,SEDARDI,22,580
MAHESANA,KADI,SEDFA,SEDFA,19,107
MAHESANA,KADI,SENDRANA,SENDRANA,7,567
MAHESANA,KADI,SHIYAPURA,SHIYAPURA,5,373
MAHESANA,KADI,SUJATPURA,SUJATPURA,12,210
MAHESANA,KADI,SURAJ,SURAJ,15,1210
MAHESANA,KADI,TANKIYA,TANKIYA,5,242
MAHESANA,KADI,THADOD,THADOD,37,256
MAHESANA,KADI,THOL,THOL,130,3190
MAHESANA,KADI,UNTVA,UNTVA,18,691
MAHESANA,KADI,VADAVI,VADAVI,41,1130
MAHESANA,KADI,VADPURA,VADPURA,6,218
MAHESANA,KADI,VADU,VADU,30,1287
MAHESANA,KADI,VAGHRODA,VAGHRODA,58,960
MAHESANA,KADI,VALAVDI,VALAVDI,50,269
MAHESANA,KADI,VAMAJ,VAMAJ,57,5184
MAHESANA,KADI,VANSOL,VANSOL,9,707
MAHESANA,KADI,VARKHADIA,VARKHADIA,55,818
MAHESANA,KADI,VEKRA,VEKRA,35,929
MAHESANA,KADI,VIDAJ,VIDAJ,61,1226
MAHESANA,KADI,VINAYAKPURA,VINAYAKPURA,7,80
MAHESANA,KADI,VISALPUR,VISALPUR,4,163
MAHESANA,KADI,VISATPURA,VISATPURA,9,249
MAHESANA,KADI,YASHVANTPURA,YASHVANTPURA,36,199
MAHESANA,KHERALU,AMARPURA,AMARPURA,7,68
MAHESANA,KHERALU,AMBAVADA,AMBAVADA,30,442
MAHESANA,KHERALU,ARATHI,ARATHI,58,640
MAHESANA,KHERALU,BALAD,BALAD,60,1015
MAHESANA,KHERALU,CHACHARIYA,CHACHARIYA,14,208
MAHESANA,KHERALU,CHADA,CHADA,20,685
MAHESANA,KHERALU,CHANSOL,CHANSOL,29,1720
MAHESANA,KHERALU,CHOTIYA,CHOTIYA,24,400
MAHESANA,KHERALU,DABHAD,DABHAD,60,953
MAHESANA,KHERALU,DABHODA,DABHODA,61,845
MAHESANA,KHERALU,DALISANA,DALISANA,31,465
MAHESANA,KHERALU,DAVOL,DAVOL,16,520
MAHESANA,KHERALU,DEDASAN,DEDASAN,13,406
MAHESANA,KHERALU,DELVADA,DELVADA,24,240
MAHESANA,KHERALU,FATTEPURA(KHE),FATTEPURAKHE,15,185
MAHESANA,KHERALU,GAJIPUR,GAJIPUR,4,113
MAHESANA,KHERALU,GATHAMAN,GATHAMAN,18,308
MAHESANA,KHERALU,GORISANA,GORISANA,50,430
MAHESANA,KHERALU,KUDA,KUDA,13,318
MAHESANA,KHERALU,LALAWADA,LALAWADA,29,208
MAHESANA,KHERALU,LIMBDI,LIMBDI,22,311
MAHESANA,KHERALU,LUNVA,LUNVA,70,1053
MAHESANA,KHERALU,MACHHAVA,MACHHAVA,15,638
MAHESANA,KHERALU,MADHASANA,MADHASANA,40,317
MAHESANA,KHERALU,MAHEKUBPURA,MAHEKUBPURA,13,128
MAHESANA,KHERALU,MAHIYAL,MAHIYAL,44,266
MAHESANA,KHERALU,MALARPURA,MALARPURA,10,179
MAHESANA,KHERALU,MALEKPUR (KHE),MALEKPURKHE,38,295
MAHESANA,KHERALU,MANDALI,MANDALI,53,933
MAHESANA,KHERALU,MANDROPUR,MANDROPUR,101,833
MAHESANA,KHERALU,MOTI HIRVANI,MOTIHIRVANI,46,741
MAHESANA,KHERALU,NALU,NALU,27,198
MAHESANA,KHERALU,NANDALI,NANDALI,22,315
MAHESANA,KHERALU,NANI HIRVANI,NANIHIRVANI,51,534
MAHESANA,KHERALU,NANIVADA(KADARPUR),NANIVADAKADARPUR,42,222
MAHESANA,KHERALU,NORTOL,NORTOL,28,331
MAHESANA,KHERALU,PANCHHA,PANCHHA,15,695
MAHESANA,KHERALU,RAHEMANPURA,RAHEMANPURA,9,67
MAHESANA,KHERALU,RASULPUR,RASULPUR,36,217
MAHESANA,KHERALU,SADIKPUR,SADIKPUR,19,98
MAHESANA,KHERALU,SAKARI,SAKARI,16,42
MAHESANA,KHERALU,SAMOJA,SAMOJA,42,264
MAHESANA,KHERALU,SANGATHALA,SANGATHALA,15,640
MAHESANA,KHERALU,SHAHPUR (SANTOKPURA),SHAHPURSANTOKPURA,7,89
MAHESANA,KHERALU,SUVARIYA,SUVARIYA,5,72
MAHESANA,KHERALU,THANGANA,THANGANA,8,245
MAHESANA,KHERALU,UNAD,UNAD,53,778
MAHESANA,KHERALU,VAGHVADI,VAGHVADI,57,578
MAHESANA,KHERALU,VARETHA,VARETHA,44,424
MAHESANA,KHERALU,VAVDI (KHE),VAVDIKHE,17,185
MAHESANA,KHERALU,VITHODA,VITHODA,30,755
MAHESANA,MAHESANA,AJABPURA,AJABPURA,5,497
MAHESANA,MAHESANA,AKHAJ,AKHAJ,137,1511
MAHESANA,MAHESANA,ALODA,ALODA,61,917
MAHESANA,MAHESANA,AMBALIYASAN,AMBALIYASAN,36,735
MAHESANA,MAHESANA,AMBASAN,AMBASAN,16,1568
MAHESANA,MAHESANA,BALIYASAN,BALIYASAN,59,441
MAHESANA,MAHESANA,BALOL,BALOL,93,5537
MAHESANA,MAHESANA,BALVANTPURA,BALVANTPURA,21,228
MAHESANA,MAHESANA,BAMOSANA,BAMOSANA,18,770
MAHESANA,MAHESANA,BHAKADIYA,BHAKADIYA,20,334
MAHESANA,MAHESANA,BHASARIYA,BHASARIYA,30,386
MAHESANA,MAHESANA,BHESANA,BHESANA,44,754
MAHESANA,MAHESANA,BODLA,BODLA,35,369
MAHESANA,MAHESANA,BORIAVI,BORIAVI,73,1255
MAHESANA,MAHESANA,BUTTAPALDI,BUTTAPALDI,11,398
MAHESANA,MAHESANA,CHALUVA,CHALUVA,62,1087
MAHESANA,MAHESANA,CHARADU,CHARADU,40,1186
MAHESANA,MAHESANA,CHHATHIYARDA,CHHATHIYARDA,40,1257
MAHESANA,MAHESANA,CHITRODIPURA,CHITRODIPURA,5,517
MAHESANA,MAHESANA,DAVADA,DAVADA,40,445
MAHESANA,MAHESANA,DEDIYASAN,DEDIYASAN,47,1024
MAHESANA,MAHESANA,DELA,DELA,50,597
MAHESANA,MAHESANA,DELOLI,DELOLI,32,1159
MAHESANA,MAHESANA,DEVINAPURA,DEVINAPURA,55,527
MAHESANA,MAHESANA,DEVRASAN,DEVRASAN,18,498
MAHESANA,MAHESANA,DHANDHUSAN,DHANDHUSAN,22,381
MAHESANA,MAHESANA,DHANPURA,DHANPURA,5,702
MAHESANA,MAHESANA,DHOLASAN,DHOLASAN,67,588
MAHESANA,MAHESANA,DITASAN,DITASAN,21,171
MAHESANA,MAHESANA,DIVANPURA-ALIAS-APAP,DIVANPURAALIASAPAP,31,501
MAHESANA,MAHESANA,GAMANPURA,GAMANPURA,51,781
MAHESANA,MAHESANA,GERATPUR,GERATPUR,4,87
MAHESANA,MAHESANA,GHADHA,GHADHA,68,1033
MAHESANA,MAHESANA,GILOSAN,GILOSAN,27,615
MAHESANA,MAHESANA,GOJARIYA,GOJARIYA,123,2398
MAHESANA,MAHESANA,GOKALPURA,GOKALPURA,26,598
MAHESANA,MAHESANA,GORAD,GORAD,50,987
MAHESANA,MAHESANA,HADVI,HADVI,6,251
MAHESANA,MAHESANA,HARDESAN,HARDESAN,27,297
MAHESANA,MAHESANA,HARIPURA,HARIPURA,3,239
MAHESANA,MAHESANA,HARSUNDAL,HARSUNDAL,21,485
MAHESANA,MAHESANA,HEBUVA,HEBUVA,21,323
MAHESANA,MAHESANA,HEDUVA HANUMAT,HEDUVAHANUMAT,24,275
MAHESANA,MAHESANA,HEDUVA-RAJGAR,HEDUVARAJGAR,41,292
MAHESANA,MAHESANA,HINGLAJPURA,HINGLAJPURA,21,297
MAHESANA,MAHESANA,IJPURA BAROT,IJPURABAROT,9,293
MAHESANA,MAHESANA,IJPURA JETHAJI,IJPURAJETHAJI,22,779
MAHESANA,MAHESANA,JAGUDAN,JAGUDAN,151,1215
MAHESANA,MAHESANA,JAKASNA,JAKASNA,12,697
MAHESANA,MAHESANA,JAMNAPUR,JAMNAPUR,11,245
MAHESANA,MAHESANA,JETALPUR,JETALPUR,36,346
MAHESANA,MAHESANA,JORNANG,JORNANG,105,1381
MAHESANA,MAHESANA,JOTANA,JOTANA,78,1362
MAHESANA,MAHESANA,JUNI SEDHAVI,JUNISEDHAVI,29,516
MAHESANA,MAHESANA,KADAVASAN,KADAVASAN,8,420
MAHESANA,MAHESANA,KANPURA,KANPURA,19,347
MAHESANA,MAHESANA,KARSHANPURA,KARSHANPURA,10,269
MAHESANA,MAHESANA,KASALPURA,KASALPURA,91,959
MAHESANA,MAHESANA,KATOSAN,KATOSAN,35,1675
MAHESANA,MAHESANA,KHADALPUR,KHADALPUR,25,511
MAHESANA,MAHESANA,KHARA,KHARA,18,486
MAHESANA,MAHESANA,KHARSADA,KHARSADA,34,374
MAHESANA,MAHESANA,KHERVA,KHERVA,33,2064
MAHESANA,MAHESANA,KOCHVA,KOCHVA,35,219
MAHESANA,MAHESANA,KUKAS,KUKAS,97,798
MAHESANA,MAHESANA,LAKHAVAD,LAKHAVAD,34,967
MAHESANA,MAHESANA,LANGHNAJ,LANGHNAJ,107,2554
MAHESANA,MAHESANA,LAXMIPURA,LAXMIPURA,35,277
MAHESANA,MAHESANA,LINCH,LINCH,142,1589
MAHESANA,MAHESANA,MAGUNA,MAGUNA,91,1108
MAHESANA,MAHESANA,MANDALI,MANDALI,64,400
MAHESANA,MAHESANA,MANKNAJ,MANKNAJ,28,1906
MAHESANA,MAHESANA,MAREDA,MAREDA,30,393
MAHESANA,MAHESANA,MARTOLI,MARTOLI,11,798
MAHESANA,MAHESANA,MEMADPURA,MEMADPURA,34,683
MAHESANA,MAHESANA,MEU,MEU,49,3503
MAHESANA,MAHESANA,MEVAD,MEVAD,58,509
MAHESANA,MAHESANA,MITHA,MITHA,73,716
MAHESANA,MAHESANA,MODIPUR,MODIPUR,10,331
MAHESANA,MAHESANA,MOTIDAU,MOTIDAU,108,2256
MAHESANA,MAHESANA,MUDARDA,MUDARDA,64,677
MAHESANA,MAHESANA,MULSAN,MULSAN,84,665
MAHESANA,MAHESANA,NADASA,NADASA,16,1821
MAHESANA,MAHESANA,NANIDAU,NANIDAU,14,487
MAHESANA,MAHESANA,NAVI SEDHAVI,NAVISEDHAVI,22,540
MAHESANA,MAHESANA,NUGAR,NUGAR,57,938
MAHESANA,MAHESANA,PADHARIYA,PADHARIYA,37,659
MAHESANA,MAHESANA,PALAJ,PALAJ,67,2649
MAHESANA,MAHESANA,PALAVASNA,PALAVASNA,51,462
MAHESANA,MAHESANA,PALODAR,PALODAR,129,1307
MAHESANA,MAHESANA,PANCHOT,PANCHOT,118,2158
MAHESANA,MAHESANA,PILUDARA,PILUDARA,68,2974
MAHESANA,MAHESANA,PUNASAN,PUNASAN,39,462
MAHESANA,MAHESANA,RAMOSANA,RAMOSANA,33,390
MAHESANA,MAHESANA,RAMPURA (KATOSAN),RAMPURAKATOSAN,11,738
MAHESANA,MAHESANA,RAMPURA (KUKAS),RAMPURAKUKAS,14,267
MAHESANA,MAHESANA,RANIPURA,RANIPURA,7,295
MAHESANA,MAHESANA,RUPAL,RUPAL,6,118
MAHESANA,MAHESANA,SAKHPURDA,SAKHPURDA,16,234
MAHESANA,MAHESANA,SALDI,SALDI,41,612
MAHESANA,MAHESANA,SAMETRA,SAMETRA,65,1316
MAHESANA,MAHESANA,SANGANPUR,SANGANPUR,62,591
MAHESANA,MAHESANA,SANTHAL,SANTHAL,64,2083
MAHESANA,MAHESANA,SIDOSAN,SIDOSAN,28,508
MAHESANA,MAHESANA,SOBHASAN,SOBHASAN,55,551
MAHESANA,MAHESANA,TALETI,TALETI,35,465
MAHESANA,MAHESANA,TAVADIYA,TAVADIYA,7,388
MAHESANA,MAHESANA,TEJPURA,TEJPURA,8,477
MAHESANA,MAHESANA,TUNDALI,TUNDALI,57,550
MAHESANA,MAHESANA,UCHARPI,UCHARPI,11,230
MAHESANA,MAHESANA,VADASMA,VADASMA,39,1949
MAHESANA,MAHESANA,VADOSAN,VADOSAN,32,930
MAHESANA,MAHESANA,VIRSODA,VIRSODA,22,819
MAHESANA,MAHESANA,VIRTA,VIRTA,5,711
MAHESANA,SATLASANA,AJABAPUR(JIVAK),AJABAPURJIVAK,6,56
MAHESANA,SATLASANA,ANAND BHANKHARI,ANANDBHANKHARI,1,118
MAHESANA,SATLASANA,ANKALIYARA,ANKALIYARA,16,197
MAHESANA,SATLASANA,BEDASMA,BEDASMA,15,235
MAHESANA,SATLASANA,BHALUSANA,BHALUSANA,33,728
MAHESANA,SATLASANA,BHANAVAS,BHANAVAS,18,137
MAHESANA,SATLASANA,BHATVAS,BHATVAS,17,336
MAHESANA,SATLASANA,BHIMPUR,BHIMPUR,32,385
MAHESANA,SATLASANA,CHELANA,CHELANA,9,1374
MAHESANA,SATLASANA,CHHELPURA,CHHELPURA,1,109
MAHESANA,SATLASANA,DHADHIVAS,DHADHIVAS,7,57
MAHESANA,SATLASANA,DHARAVANIYA,DHARAVANIYA,3,263
MAHESANA,SATLASANA,DHAROI,DHAROI,8,334
MAHESANA,SATLASANA,DULANA,DULANA,14,225
MAHESANA,SATLASANA,FATEPURA,FATEPURA,12,1993
MAHESANA,SATLASANA,GALALPUR,GALALPUR,7,109
MAHESANA,SATLASANA,GAMANPURA,GAMANPURA,17,146
MAHESANA,SATLASANA,GOTHADA,GOTHADA,27,198
MAHESANA,SATLASANA,HADOL,HADOL,6,556
MAHESANA,SATLASANA,HIMMATPURA,HIMMATPURA,18,99
MAHESANA,SATLASANA,ISAKPURA,ISAKPURA,2,82
MAHESANA,SATLASANA,JASHPURIYA,JASHPURIYA,2,924
MAHESANA,SATLASANA,JASPUR,JASPUR,7,159
MAHESANA,SATLASANA,KAJIPUR,KAJIPUR,3,126
MAHESANA,SATLASANA,KANEDIYA,KANEDIYA,8,475
MAHESANA,SATLASANA,KESARPURA,KESARPURA,11,169
MAHESANA,SATLASANA,KEVDASAN,KEVDASAN,3,127
MAHESANA,SATLASANA,KHARI,KHARI,10,70
MAHESANA,SATLASANA,KHILOD,KHILOD,6,245
MAHESANA,SATLASANA,KHODAMALI,KHODAMALI,20,912
MAHESANA,SATLASANA,KOTHASANA MOTA,KOTHASANAMOTA,22,265
MAHESANA,SATLASANA,KOTHASANA NANA,KOTHASANANANA,26,1556
MAHESANA,SATLASANA,KUBADA,KUBADA,11,136
MAHESANA,SATLASANA,MALANA,MALANA,2,216
MAHESANA,SATLASANA,MALAPURA,MALAPURA,1,159
MAHESANA,SATLASANA,MOTIBHALU,MOTIBHALU,32,375
MAHESANA,SATLASANA,MUMANVAS,MUMANVAS,16,185
MAHESANA,SATLASANA,NANIBHALU,NANIBHALU,6,321
MAHESANA,SATLASANA,NAVAVAS,NAVAVAS,22,244
MAHESANA,SATLASANA,NEDARDI,NEDARDI,24,2292
MAHESANA,SATLASANA,NIJAMPUR,NIJAMPUR,11,131
MAHESANA,SATLASANA,OTALPUR,OTALPUR,3,257
MAHESANA,SATLASANA,PIROJPURA,PIROJPURA,3,139
MAHESANA,SATLASANA,RABARIVAS,RABARIVAS,7,20
MAHESANA,SATLASANA,RADHUPURA,RADHUPURA,5,202
MAHESANA,SATLASANA,RAJPUR(GADH),RAJPURGADH,13,99
MAHESANA,SATLASANA,RANGPUR (GADH),RANGPURGADH,11,285
MAHESANA,SATLASANA,RANPUR,RANPUR,6,699
MAHESANA,SATLASANA,RINCHHADA,RINCHHADA,4,235
MAHESANA,SATLASANA,SADRASAN,SADRASAN,6,94
MAHESANA,SATLASANA,SAMARAPUR,SAMARAPUR,10,294
MAHESANA,SATLASANA,SANTOLA,SANTOLA,10,53
MAHESANA,SATLASANA,SARDARPUR,SARDARPUR,28,330
MAHESANA,SATLASANA,SARTANPUR,SARTANPUR,21,270
MAHESANA,SATLASANA,SATLASANA,SATLASANA,96,1102
MAHESANA,SATLASANA,SEMOR,SEMOR,17,210
MAHESANA,SATLASANA,SHAHUPURA,SHAHUPURA,11,89
MAHESANA,SATLASANA,SHESHHPUR,SHESHHPUR,14,138
MAHESANA,SATLASANA,SUDASANA,SUDASANA,27,296
MAHESANA,SATLASANA,TAKHATPURA,TAKHATPURA,9,81
MAHESANA,SATLASANA,TALEGADH,TALEGADH,4,138
MAHESANA,SATLASANA,TIMBA,TIMBA,51,845
MAHESANA,SATLASANA,UMARI,UMARI,21,656
MAHESANA,SATLASANA,UMRECHA,UMRECHA,20,280
MAHESANA,SATLASANA,VADTAL,VADTAL,2,13
MAHESANA,SATLASANA,VAGHAR,VAGHAR,3,300
MAHESANA,SATLASANA,VAGHVA,VAGHVA,1,84
MAHESANA,SATLASANA,VAJAPUR,VAJAPUR,20,294
MAHESANA,SATLASANA,VANSADA,VANSADA,12,105
MAHESANA,SATLASANA,VASAI,VASAI,1,400
MAHESANA,SATLASANA,VAV,VAV,23,493
MAHESANA,SATLASANA,VAVDI (GADH),VAVDIGADH,2,191
MAHESANA,UNJHA,AITHOR,AITHOR,154,2332
MAHESANA,UNJHA,AMUDH,AMUDH,15,642
MAHESANA,UNJHA,BHANKHAR,BHANKHAR,26,1290
MAHESANA,UNJHA,BHUNAV,BHUNAV,37,970
MAHESANA,UNJHA,BRAHMANVADA,BRAHMANVADA,43,995
MAHESANA,UNJHA,DABHI,DABHI,40,1367
MAHESANA,UNJHA,DASAJ,DASAJ,44,2330
MAHESANA,UNJHA,HAJIPUR,HAJIPUR,25,343
MAHESANA,UNJHA,JAGANNATHPURA,JAGANNATHPURA,31,734
MAHESANA,UNJHA,KAHODA,KAHODA,67,2020
MAHESANA,UNJHA,KAMLI,KAMLI,50,1684
MAHESANA,UNJHA,KANTHRAVI,KANTHRAVI,54,1943
MAHESANA,UNJHA,KARANPUR,KARANPUR,27,878
MAHESANA,UNJHA,KARLI,KARLI,17,1878
MAHESANA,UNJHA,KHATASANA,KHATASANA,17,411
MAHESANA,UNJHA,LIHODA,LIHODA,14,220
MAHESANA,UNJHA,LINDI,LINDI,5,116
MAHESANA,UNJHA,MAHERWADA,MAHERWADA,48,2370
MAHESANA,UNJHA,MAKTUPUR,MAKTUPUR,101,1384
MAHESANA,UNJHA,NAVAPURA,NAVAPURA,33,630
MAHESANA,UNJHA,PALI,PALI,31,538
MAHESANA,UNJHA,RANCHHODPURA,RANCHHODPURA,54,507
MAHESANA,UNJHA,SHIHI,SHIHI,29,525
MAHESANA,UNJHA,SUNOK,SUNOK,43,1071
MAHESANA,UNJHA,SURPURA,SURPURA,10,256
MAHESANA,UNJHA,TUNDAV,TUNDAV,56,968
MAHESANA,UNJHA,UNAVA,UNAVA,123,3111
MAHESANA,UNJHA,UPERA,UPERA,53,2663
MAHESANA,UNJHA,VANAGLA,VANAGLA,59,589
MAHESANA,UNJHA,VARVADA,VARVADA,25,895
MAHESANA,UNJHA,VISOL,VISOL,9,456
MAHESANA,VADNAGAR,ANANDPURA,ANANDPURA,10,386
MAHESANA,VADNAGAR,ASPA,ASPA,50,361
MAHESANA,VADNAGAR,BABIPURA,BABIPURA,4,319
MAHESANA,VADNAGAR,BADARPUR,BADARPUR,39,637
MAHESANA,VADNAGAR,BAJPURA,BAJPURA,16,99
MAHESANA,VADNAGAR,CHAMPA,CHAMPA,15,218
MAHESANA,VADNAGAR,CHANDPUR,CHANDPUR,9,52
MAHESANA,VADNAGAR,CHHABALIYA,CHHABALIYA,12,837
MAHESANA,VADNAGAR,DABU,DABU,20,116
MAHESANA,VADNAGAR,GANESHPURA,GANESHPURA,17,1124
MAHESANA,VADNAGAR,HAJIPUR,HAJIPUR,15,190
MAHESANA,VADNAGAR,JAGAPURA,JAGAPURA,9,91
MAHESANA,VADNAGAR,JASKA,JASKA,23,1435
MAHESANA,VADNAGAR,KAHIPUR,KAHIPUR,87,1048
MAHESANA,VADNAGAR,KAMALPUR (VAD),KAMALPURVAD,18,323
MAHESANA,VADNAGAR,KARBATIYA,KARBATIYA,57,826
MAHESANA,VADNAGAR,KARSHANPURA,KARSHANPURA,37,545
MAHESANA,VADNAGAR,KESIMPA,KESIMPA,63,460
MAHESANA,VADNAGAR,KHANPUR,KHANPUR,11,57
MAHESANA,VADNAGAR,KHATASANA,KHATASANA,9,168
MAHESANA,VADNAGAR,KHATODA,KHATODA,28,438
MAHESANA,VADNAGAR,MALEKPUR,MALEKPUR,33,396
MAHESANA,VADNAGAR,MIRJHAPUR,MIRJHAPUR,9,429
MAHESANA,VADNAGAR,MOLIPUR,MOLIPUR,8,501
MAHESANA,VADNAGAR,NAVAPURA,NAVAPURA,11,72
MAHESANA,VADNAGAR,PIPALDAR,PIPALDAR,24,880
MAHESANA,VADNAGAR,RAJPUR (VAD),RAJPURVAD,8,316
MAHESANA,VADNAGAR,SABALPUR,SABALPUR,7,618
MAHESANA,VADNAGAR,SARNA,SARNA,28,429
MAHESANA,VADNAGAR,SHAHPUR (VAD),SHAHPURVAD,20,638
MAHESANA,VADNAGAR,SHEKHPUR (KHE),SHEKHPURKHE,26,143
MAHESANA,VADNAGAR,SHEKHPUR (VAD),SHEKHPURVAD,13,307
MAHESANA,VADNAGAR,SHOBHASAN,SHOBHASAN,68,623
MAHESANA,VADNAGAR,SIPOR,SIPOR,159,1850
MAHESANA,VADNAGAR,SULIPUR,SULIPUR,20,194
MAHESANA,VADNAGAR,SULTANPUR,SULTANPUR,53,828
MAHESANA,VADNAGAR,SUNDHIYA,SUNDHIYA,114,2810
MAHESANA,VADNAGAR,TRANSVAD,TRANSVAD,26,579
MAHESANA,VADNAGAR,UNDANI,UNDANI,68,680
MAHESANA,VADNAGAR,UNDHAI,UNDHAI,81,1041
MAHESANA,VADNAGAR,VAGHADI (NAVI),VAGHADINAVI,4,129
MAHESANA,VADNAGAR,VAGHDI (JUNI),VAGHDIJUNI,3,183
MAHESANA,VADNAGAR,VAKTAPUR,VAKTAPUR,15,376
MAHESANA,VADNAGAR,VALASANA,VALASANA,88,1190
MAHESANA,VIJAPUR,ABASANA,ABASANA,43,247
MAHESANA,VIJAPUR,AGALOD,AGALOD,86,1348
MAHESANA,VIJAPUR,ASHANAPURA(GERITA),ASHANAPURAGERITA,31,243
MAHESANA,VIJAPUR,ASODA,ASODA,40,800
MAHESANA,VIJAPUR,BAMANVA,BAMANVA,31,1043
MAHESANA,VIJAPUR,BHIMPUR VALOR,BHIMPURVALOR,3,37
MAHESANA,VIJAPUR,BILIYA,BILIYA,38,628
MAHESANA,VIJAPUR,CHANGOD,CHANGOD,7,573
MAHESANA,VIJAPUR,DABHALA,DABHALA,220,3620
MAHESANA,VIJAPUR,DAGAVADIYA,DAGAVADIYA,37,439
MAHESANA,VIJAPUR,DERIYA,DERIYA,16,214
MAHESANA,VIJAPUR,DEVDA,DEVDA,32,624
MAHESANA,VIJAPUR,DEVPURA,DEVPURA,65,310
MAHESANA,VIJAPUR,DHANPURA(GHATU),DHANPURAGHATU,92,833
MAHESANA,VIJAPUR,FALU,FALU,47,626
MAHESANA,VIJAPUR,FUDEDA,FUDEDA,54,733
MAHESANA,VIJAPUR,GADHADA,GADHADA,8,300
MAHESANA,VIJAPUR,GANESHPURA,GANESHPURA,29,280
MAHESANA,VIJAPUR,GAVADA,GAVADA,86,1324
MAHESANA,VIJAPUR,GERITA,GERITA,63,1320
MAHESANA,VIJAPUR,GUNCHHALI,GUNCHHALI,25,405
MAHESANA,VIJAPUR,GUNDRASAN,GUNDRASAN,28,688
MAHESANA,VIJAPUR,HATHIPURA,HATHIPURA,42,213
MAHESANA,VIJAPUR,HIRPURA,HIRPURA,72,625
MAHESANA,VIJAPUR,IBHARAMPURA,IBHARAMPURA,12,390
MAHESANA,VIJAPUR,JANTRAL,JANTRAL,71,1524
MAHESANA,VIJAPUR,JEPUR,JEPUR,92,1348
MAHESANA,VIJAPUR,KAMALPUR,KAMALPUR,31,590
MAHESANA,VIJAPUR,KANBHA,KANBHA,19,448
MAHESANA,VIJAPUR,KELISANA,KELISANA,41,623
MAHESANA,VIJAPUR,KHANUSA,KHANUSA,41,583
MAHESANA,VIJAPUR,KHAROD,KHAROD,16,1197
MAHESANA,VIJAPUR,KOLAVDA,KOLAVDA,48,1032
MAHESANA,VIJAPUR,KOT,KOT,38,365
MAHESANA,VIJAPUR,KOTADI,KOTADI,52,565
MAHESANA,VIJAPUR,KUKARVADA,KUKARVADA,52,1045
MAHESANA,VIJAPUR,LADOL,LADOL,95,4344
MAHESANA,VIJAPUR,MALAV,MALAV,26,415
MAHESANA,VIJAPUR,MALOSAN,MALOSAN,122,1268
MAHESANA,VIJAPUR,MANDALIKHAROD,MANDALIKHAROD,33,474
MAHESANA,VIJAPUR,MANEKPUR DABHALA,MANEKPURDABHALA,12,177
MAHESANA,VIJAPUR,MORVAD,MORVAD,29,489
MAHESANA,VIJAPUR,MOTIPURA,MOTIPURA,42,384
MAHESANA,VIJAPUR,PAMOL,PAMOL,44,606
MAHESANA,VIJAPUR,PEDHAMALI,PEDHAMALI,113,975
MAHESANA,VIJAPUR,PILVAI,PILVAI,162,1732
MAHESANA,VIJAPUR,RAMPUR KUVAYDA,RAMPURKUVAYDA,49,244
MAHESANA,VIJAPUR,RAMPURA (KOT),RAMPURAKOT,14,584
MAHESANA,VIJAPUR,RANASAN,RANASAN,58,1298
MAHESANA,VIJAPUR,RANCHHODPURA,RANCHHODPURA,19,74
MAHESANA,VIJAPUR,RANSIPUR,RANSIPUR,39,583
MAHESANA,VIJAPUR,SANGHPUR,SANGHPUR,80,868
MAHESANA,VIJAPUR,SARDARPUR,SARDARPUR,47,1027
MAHESANA,VIJAPUR,SAYAJINAGAR,SAYAJINAGAR,28,614
MAHESANA,VIJAPUR,SOJA,SOJA,70,960
MAHESANA,VIJAPUR,SOKHADA,SOKHADA,58,988
MAHESANA,VIJAPUR,SUNDARPUR,SUNDARPUR,22,491
MAHESANA,VIJAPUR,TATOSAN,TATOSAN,35,849
MAHESANA,VIJAPUR,TECHAVA,TECHAVA,45,518
MAHESANA,VIJAPUR,TITODAN,TITODAN,40,727
MAHESANA,VIJAPUR,UBKHAL,UBKHAL,58,531
MAHESANA,VIJAPUR,VADASAN,VADASAN,72,1034
MAHESANA,VIJAPUR,VASAI,VASAI,201,2160
MAHESANA,VISNAGAR,BAKARPUR,BAKARPUR,35,498
MAHESANA,VISNAGAR,BASANA,BASANA,105,1505
MAHESANA,VISNAGAR,BECHARPURA,BECHARPURA,7,379
MAHESANA,VISNAGAR,BHALAK,BHALAK,35,582
MAHESANA,VISNAGAR,BHANDU,BHANDU,24,2034
MAHESANA,VISNAGAR,BOKARVADA,BOKARVADA,46,685
MAHESANA,VISNAGAR,CHHOGALA,CHHOGALA,18,205
MAHESANA,VISNAGAR,CHITRODA MOTA,CHITRODAMOTA,25,423
MAHESANA,VISNAGAR,CHITRODIPURA,CHITRODIPURA,9,606
MAHESANA,VISNAGAR,DADHIYAL,DADHIYAL,14,1280
MAHESANA,VISNAGAR,DENAP,DENAP,25,969
MAHESANA,VISNAGAR,DHAMANVA,DHAMANVA,26,509
MAHESANA,VISNAGAR,DHARUSANA,DHARUSANA,15,224
MAHESANA,VISNAGAR,GANPATPURA,GANPATPURA,5,165
MAHESANA,VISNAGAR,GHAGHRET,GHAGHRET,32,845
MAHESANA,VISNAGAR,GOTHVA,GOTHVA,54,1642
MAHESANA,VISNAGAR,GUNJA,GUNJA,14,1324
MAHESANA,VISNAGAR,GUNJALA,GUNJALA,46,287
MAHESANA,VISNAGAR,HASANPUR,HASANPUR,11,274
MAHESANA,VISNAGAR,IYASARA,IYASARA,11,576
MAHESANA,VISNAGAR,JETALVASANA,JETALVASANA,10,998
MAHESANA,VISNAGAR,KADA,KADA,113,2449
MAHESANA,VISNAGAR,KAJIALIYASANA,KAJIALIYASANA,21,371
MAHESANA,VISNAGAR,KAMALPUR (GOTHVA),KAMALPURGOTHVA,1,338
MAHESANA,VISNAGAR,KAMANA,KAMANA,24,1354
MAHESANA,VISNAGAR,KANSA,KANSA,54,2106
MAHESANA,VISNAGAR,KANSARAKUI,KANSARAKUI,22,911
MAHESANA,VISNAGAR,KHADALPUR,KHADALPUR,14,300
MAHESANA,VISNAGAR,KHANDOSAN,KHANDOSAN,57,1541
MAHESANA,VISNAGAR,KHARVADA,KHARVADA,29,933
MAHESANA,VISNAGAR,KIYADAR,KIYADAR,3,311
MAHESANA,VISNAGAR,KOMALPUR (KARVADA),KOMALPURKARVADA,19,196
MAHESANA,VISNAGAR,KUVASANA,KUVASANA,51,836
MAHESANA,VISNAGAR,LACHHADI,LACHHADI,66,1173
MAHESANA,VISNAGAR,LAXMIPURA(BALAK),LAXMIPURABALAK,8,572
MAHESANA,VISNAGAR,MAGRODA,MAGRODA,12,773
MAHESANA,VISNAGAR,MAHAMADPUR,MAHAMADPUR,12,270
MAHESANA,VISNAGAR,MEGHA ALIYASANA,MEGHAALIYASANA,34,405
MAHESANA,VISNAGAR,PALDI,PALDI,22,501
MAHESANA,VISNAGAR,PUDGAM,PUDGAM,29,1585
MAHESANA,VISNAGAR,RAJGADH,RAJGADH,11,306
MAHESANA,VISNAGAR,RALISANA,RALISANA,14,635
MAHESANA,VISNAGAR,RAMPURA,RAMPURA,5,269
MAHESANA,VISNAGAR,RANDALA,RANDALA,6,430
MAHESANA,VISNAGAR,RANGAKUI,RANGAKUI,11,248
MAHESANA,VISNAGAR,RANGPUR (KHE),RANGPURKHE,21,543
MAHESANA,VISNAGAR,RAVALAPURA,RAVALAPURA,8,412
MAHESANA,VISNAGAR,SADUTHALA,SADUTHALA,45,1041
MAHESANA,VISNAGAR,SATUSANA,SATUSANA,4,360
MAHESANA,VISNAGAR,SAVALA,SAVALA,80,2252
MAHESANA,VISNAGAR,SUNSHI,SUNSHI,18,605
MAHESANA,VISNAGAR,TARABH,TARABH,44,1550
MAHESANA,VISNAGAR,THALOTA,THALOTA,20,758
MAHESANA,VISNAGAR,THUMTHAL,THUMTHAL,12,202
MAHESANA,VISNAGAR,UDALPUR,UDALPUR,41,749
MAHESANA,VISNAGAR,UMTA,UMTA,100,3375
MAHESANA,VISNAGAR,VADU,VADU,16,499
MAHESANA,VISNAGAR,VALAM,VALAM,106,3251
NARMADA,DEDIAPADA,AANJANVAI,AANJANVAI,3,181
NARMADA,DEDIAPADA,ALMAVADI,ALMAVADI,3,211
NARMADA,DEDIAPADA,AMBAVADI,AMBAVADI,35,229
NARMADA,DEDIAPADA,ARETHI,ARETHI,2,62
NARMADA,DEDIAPADA,BABADA,BABADA,1,269
NARMADA,DEDIAPADA,BANDI SHERVAN,BANDISHERVAN,10,106
NARMADA,DEDIAPADA,BARSAN,BARSAN,5,30
NARMADA,DEDIAPADA,BASANA,BASANA,13,213
NARMADA,DEDIAPADA,BAYADI,BAYADI,5,67
NARMADA,DEDIAPADA,BEBAR,BEBAR,2,97
NARMADA,DEDIAPADA,BHARADA,BHARADA,6,31
NARMADA,DEDIAPADA,BHARADA(RELVA),BHARADARELVA,5,132
NARMADA,DEDIAPADA,BHATPUR,BHATPUR,2,133
NARMADA,DEDIAPADA,BHUTBEDA,BHUTBEDA,6,115
NARMADA,DEDIAPADA,BOGAJ,BOGAJ,38,202
NARMADA,DEDIAPADA,BORIPITHA,BORIPITHA,2,136
NARMADA,DEDIAPADA,CHIKADA,CHIKADA,6,500
NARMADA,DEDIAPADA,CHOPADI,CHOPADI,5,58
NARMADA,DEDIAPADA,CHULI,CHULI,12,167
NARMADA,DEDIAPADA,DABHVAN,DABHVAN,3,148
NARMADA,DEDIAPADA,DEDIAPADA,DEDIAPADA,40,235
NARMADA,DEDIAPADA,DEVIPADA,DEVIPADA,3,20
NARMADA,DEDIAPADA,DHANOR,DHANOR,4,55
NARMADA,DEDIAPADA,DUMKHAL,DUMKHAL,15,315
NARMADA,DEDIAPADA,FULSAR,FULSAR,27,82
NARMADA,DEDIAPADA,GADI,GADI,1,90
NARMADA,DEDIAPADA,GAJARGOTA,GAJARGOTA,35,189
NARMADA,DEDIAPADA,GANGAPUR,GANGAPUR,58,171
NARMADA,DEDIAPADA,GHADH,GHADH,3,82
NARMADA,DEDIAPADA,GHATOLI,GHATOLI,23,213
NARMADA,DEDIAPADA,GHODI,GHODI,5,104
NARMADA,DEDIAPADA,GICHAD,GICHAD,3,59
NARMADA,DEDIAPADA,GOPALIYA,GOPALIYA,3,65
NARMADA,DEDIAPADA,GORDA,GORDA,8,38
NARMADA,DEDIAPADA,GULDACHAM,GULDACHAM,12,119
NARMADA,DEDIAPADA,HARIPURA,HARIPURA,1,55
NARMADA,DEDIAPADA,INDALAVI,INDALAVI,3,88
NARMADA,DEDIAPADA,JAMANI,JAMANI,1,91
NARMADA,DEDIAPADA,JAMBAR,JAMBAR,4,86
NARMADA,DEDIAPADA,JARGAM,JARGAM,5,152
NARMADA,DEDIAPADA,JARNAVADI,JARNAVADI,15,80
NARMADA,DEDIAPADA,JUNA MOSDA,JUNAMOSDA,24,102
NARMADA,DEDIAPADA,KABRIPTHAR,KABRIPTHAR,6,80
NARMADA,DEDIAPADA,KAKERPADA,KAKERPADA,26,107
NARMADA,DEDIAPADA,KALTAR,KALTAR,4,36
NARMADA,DEDIAPADA,KANBUDI,KANBUDI,1,127
NARMADA,DEDIAPADA,KANJAL,KANJAL,5,50
NARMADA,DEDIAPADA,KANJI,KANJI,10,145
NARMADA,DEDIAPADA,KEVDI,KEVDI,3,201
NARMADA,DEDIAPADA,KHABJIDABDA,KHABJIDABDA,3,77
NARMADA,DEDIAPADA,KHARCHIPADA,KHARCHIPADA,12,65
NARMADA,DEDIAPADA,KHATAM,KHATAM,25,93
NARMADA,DEDIAPADA,KHEIDIPADA,KHEIDIPADA,32,262
NARMADA,DEDIAPADA,KHOKHARAUMAR,KHOKHARAUMAR,22,128
NARMADA,DEDIAPADA,KHUPAR BARSAN,KHUPARBARSAN,18,72
NARMADA,DEDIAPADA,KHURDI,KHURDI,31,112
NARMADA,DEDIAPADA,KOKAM,KOKAM,47,90
NARMADA,DEDIAPADA,KOLIVADA(BO),KOLIVADABO,2,31
NARMADA,DEDIAPADA,KOLIWADA(PAN),KOLIWADAPAN,5,83
NARMADA,DEDIAPADA,KUKARDA,KUKARDA,2,156
NARMADA,DEDIAPADA,KUMBKHADI,KUMBKHADI,1,22
NARMADA,DEDIAPADA,KUNBAR,KUNBAR,11,226
NARMADA,DEDIAPADA,KUNDIAMBA,KUNDIAMBA,6,326
NARMADA,DEDIAPADA,KUTILPADA,KUTILPADA,11,86
NARMADA,DEDIAPADA,LADAVA,LADAVA,1,66
NARMADA,DEDIAPADA,MAAL,MAAL,10,211
NARMADA,DEDIAPADA,MACHIPADA,MACHIPADA,23,69
NARMADA,DEDIAPADA,MADYUSAG,MADYUSAG,3,121
NARMADA,DEDIAPADA,MAGARDEV,MAGARDEV,3,52
NARMADA,DEDIAPADA,MANDALA,MANDALA,26,273
NARMADA,DEDIAPADA,MATHASAR,MATHASAR,1,56
NARMADA,DEDIAPADA,MATHAVALI,MATHAVALI,12,90
NARMADA,DEDIAPADA,MOHBUDI,MOHBUDI,10,87
NARMADA,DEDIAPADA,MOJRA,MOJRA,4,50
NARMADA,DEDIAPADA,MORJADI,MORJADI,1,330
NARMADA,DEDIAPADA,MOSIT,MOSIT,2,101
NARMADA,DEDIAPADA,MOSKUT,MOSKUT,12,93
NARMADA,DEDIAPADA,MOSKUVA,MOSKUVA,8,124
NARMADA,DEDIAPADA,MOTASUKAAMBA,MOTASUKAAMBA,3,212
NARMADA,DEDIAPADA,MOTI KALBI,MOTIKALBI,3,7
NARMADA,DEDIAPADA,MOTIBEDVAN,MOTIBEDVAN,20,85
NARMADA,DEDIAPADA,MULKAPADA,MULKAPADA,9,71
NARMADA,DEDIAPADA,NANA SUKAAAMBA,NANASUKAAAMBA,4,101
NARMADA,DEDIAPADA,NANI BEDVAAN,NANIBEDVAAN,24,110
NARMADA,DEDIAPADA,NANI SINGLOTI,NANISINGLOTI,28,133
NARMADA,DEDIAPADA,NAVAGAM,NAVAGAM,1,210
NARMADA,DEDIAPADA,NAVAGAM(PANUDA),NAVAGAMPANUDA,5,93
NARMADA,DEDIAPADA,NINGHAT,NINGHAT,8,138
NARMADA,DEDIAPADA,NIVALDA,NIVALDA,10,184
NARMADA,DEDIAPADA,PAANSAR,PAANSAR,4,200
NARMADA,DEDIAPADA,PANCHUMAR,PANCHUMAR,1,79
NARMADA,DEDIAPADA,PANGAM,PANGAM,21,79
NARMADA,DEDIAPADA,PANKHALA,PANKHALA,1,86
NARMADA,DEDIAPADA,PANUDA,PANUDA,5,172
NARMADA,DEDIAPADA,PATDI,PATDI,4,307
NARMADA,DEDIAPADA,PATVALI,PATVALI,7,81
NARMADA,DEDIAPADA,PIPARVATI,PIPARVATI,10,81
NARMADA,DEDIAPADA,PIPLA,PIPLA,13,184
NARMADA,DEDIAPADA,PIPLOD,PIPLOD,7,89
NARMADA,DEDIAPADA,PIPRIPADA,PIPRIPADA,2,25
NARMADA,DEDIAPADA,POMLAPADA,POMLAPADA,11,148
NARMADA,DEDIAPADA,RAKHASKUNDI,RAKHASKUNDI,11,76
NARMADA,DEDIAPADA,RAMBHAVA,RAMBHAVA,2,58
NARMADA,DEDIAPADA,RELVA,RELVA,5,54
NARMADA,DEDIAPADA,ROHDA,ROHDA,23,117
NARMADA,DEDIAPADA,ROZGHAT,ROZGHAT,13,104
NARMADA,DEDIAPADA,RUKHAL,RUKHAL,2,90
NARMADA,DEDIAPADA,SABUTI,SABUTI,7,144
NARMADA,DEDIAPADA,SAJANVAV,SAJANVAV,4,76
NARMADA,DEDIAPADA,SAMARPADA(SIDDI,SAMARPADASIDDI,5,49
NARMADA,DEDIAPADA,SAMARPADA(THAVA,SAMARPADATHAVA,26,149
NARMADA,DEDIAPADA,SAMOT,SAMOT,28,290
NARMADA,DEDIAPADA,SANKLI,SANKLI,34,80
NARMADA,DEDIAPADA,SEJPUR,SEJPUR,5,76
NARMADA,DEDIAPADA,SOLIYA,SOLIYA,41,301
NARMADA,DEDIAPADA,SORAPADA,SORAPADA,1,172
NARMADA,DEDIAPADA,SUKVAL,SUKVAL,1,150
NARMADA,DEDIAPADA,TABDA,TABDA,13,317
NARMADA,DEDIAPADA,THAPAVI,THAPAVI,6,44
NARMADA,DEDIAPADA,TILIPADA,TILIPADA,5,69
NARMADA,DEDIAPADA,TIMBAPADA,TIMBAPADA,11,84
NARMADA,DEDIAPADA,UMARAN,UMARAN,24,243
NARMADA,DEDIAPADA,VADIVAV,VADIVAV,1,136
NARMADA,DEDIAPADA,VADPADA,VADPADA,14,104
NARMADA,DEDIAPADA,VADVA,VADVA,11,174
NARMADA,DEDIAPADA,VAGHUMAR,VAGHUMAR,3,66
NARMADA,DEDIAPADA,VAL,VAL,6,204
NARMADA,DEDIAPADA,VANDRI,VANDRI,3,51
NARMADA,DEDIAPADA,VEDCHA,VEDCHA,1,48
NARMADA,DEDIAPADA,ZANK,ZANK,27,329
NARMADA,NANDOD,AAKUWADA,AAKUWADA,23,188
NARMADA,NANDOD,AAMDALA,AAMDALA,12,182
NARMADA,NANDOD,AAMLETHA,AAMLETHA,38,568
NARMADA,NANDOD,AAMLI,AAMLI,10,114
NARMADA,NANDOD,AKTESWAR,AKTESWAR,28,301
NARMADA,NANDOD,AMARPARA,AMARPARA,13,127
NARMADA,NANDOD,ANIZARA,ANIZARA,19,333
NARMADA,NANDOD,AORAPA,AORAPA,3,138
NARMADA,NANDOD,BAKHAR,BAKHAR,2,177
NARMADA,NANDOD,BAMAN FALIYA,BAMANFALIYA,2,77
NARMADA,NANDOD,BHACHARVADA,BHACHARVADA,53,2524
NARMADA,NANDOD,BHADAM,BHADAM,31,1122
NARMADA,NANDOD,BHANDRA,BHANDRA,19,87
NARMADA,NANDOD,BHEKHDIYA,BHEKHDIYA,3,178
NARMADA,NANDOD,BHILVASI,BHILVASI,25,219
NARMADA,NANDOD,BHUCHAD,BHUCHAD,16,314
NARMADA,NANDOD,BHUMLIYA,BHUMLIYA,21,223
NARMADA,NANDOD,BILTHANA,BILTHANA,6,80
NARMADA,NANDOD,BITADA,BITADA,7,121
NARMADA,NANDOD,BORIDRA,BORIDRA,24,191
NARMADA,NANDOD,BORIYA,BORIYA,2,129
NARMADA,NANDOD,BORUTAR,BORUTAR,2,59
NARMADA,NANDOD,CHHINDIYAPARA,CHHINDIYAPARA,6,95
NARMADA,NANDOD,CHICHDIYA,CHICHDIYA,4,161
NARMADA,NANDOD,CHITRAVADI,CHITRAVADI,5,278
NARMADA,NANDOD,CHITROL,CHITROL,2,108
NARMADA,NANDOD,DHAMANACHA,DHAMANACHA,14,560
NARMADA,NANDOD,DHAMDARA,DHAMDARA,6,122
NARMADA,NANDOD,DHANIYARA,DHANIYARA,2,215
NARMADA,NANDOD,DHANPOR,DHANPOR,6,430
NARMADA,NANDOD,DHARIKHEDA,DHARIKHEDA,23,146
NARMADA,NANDOD,DHEPHA,DHEPHA,2,58
NARMADA,NANDOD,DHIRKHADI,DHIRKHADI,2,60
NARMADA,NANDOD,DHOBISAL,DHOBISAL,2,71
NARMADA,NANDOD,DHOLAR,DHOLAR,27,267
NARMADA,NANDOD,DHOLIVAV,DHOLIVAV,7,86
NARMADA,NANDOD,FULWADI,FULWADI,9,250
NARMADA,NANDOD,GABHANA,GABHANA,2,222
NARMADA,NANDOD,GADIT,GADIT,8,158
NARMADA,NANDOD,GADKOI,GADKOI,10,153
NARMADA,NANDOD,GADOD,GADOD,2,148
NARMADA,NANDOD,GAGAR,GAGAR,5,135
NARMADA,NANDOD,GALUPURA,GALUPURA,2,19
NARMADA,NANDOD,GAMBHIRPURA,GAMBHIRPURA,2,91
NARMADA,NANDOD,GAMKUVA,GAMKUVA,2,162
NARMADA,NANDOD,GHANTA,GHANTA,3,199
NARMADA,NANDOD,GOPALPURA,GOPALPURA,27,206
NARMADA,NANDOD,GORA,GORA,11,300
NARMADA,NANDOD,GULVANI,GULVANI,4,144
NARMADA,NANDOD,GUNETHA,GUNETHA,2,66
NARMADA,NANDOD,GUREDESHWAR,GUREDESHWAR,48,344
NARMADA,NANDOD,GUVAR,GUVAR,23,1115
NARMADA,NANDOD,HARIPURA,HARIPURA,2,11
NARMADA,NANDOD,HAZRPURA,HAZRPURA,26,816
NARMADA,NANDOD,HELAMBI,HELAMBI,16,67
NARMADA,NANDOD,INDRAVRNA,INDRAVRNA,10,240
NARMADA,NANDOD,JEETNAGER,JEETNAGER,1,184
NARMADA,NANDOD,JESHALPOR,JESHALPOR,24,576
NARMADA,NANDOD,JETPOR,JETPOR,2,95
NARMADA,NANDOD,JETPUR(RAM),JETPURRAM,1,47
NARMADA,NANDOD,JIOUR,JIOUR,15,529
NARMADA,NANDOD,JITGHATH,JITGHATH,5,449
NARMADA,NANDOD,JUNARAJ,JUNARAJ,7,45
NARMADA,NANDOD,JUNVAD,JUNVAD,28,220
NARMADA,NANDOD,KAKADVA,KAKADVA,4,192
NARMADA,NANDOD,KALIMAKVANA,KALIMAKVANA,4,274
NARMADA,NANDOD,KANDROJ,KANDROJ,25,386
NARMADA,NANDOD,KANPORE,KANPORE,2,122
NARMADA,NANDOD,KARATHA,KARATHA,7,598
NARMADA,NANDOD,KARELI,KARELI,10,107
NARMADA,NANDOD,KEVADIYA,KEVADIYA,3,383
NARMADA,NANDOD,KHADAGADA,KHADAGADA,20,292
NARMADA,NANDOD,KHAMAR,KHAMAR,2,87
NARMADA,NANDOD,KHOJALVASA,KHOJALVASA,17,148
NARMADA,NANDOD,KHUNTA AANBA,KHUNTAAANBA,19,198
NARMADA,NANDOD,KOTHARA,KOTHARA,10,165
NARMADA,NANDOD,KOTHI,KOTHI,2,257
NARMADA,NANDOD,KUMASGAM,KUMASGAM,22,119
NARMADA,NANDOD,KUMBHIYA,KUMBHIYA,3,53
NARMADA,NANDOD,LACHHRAS,LACHHRAS,24,1213
NARMADA,NANDOD,LIMDI,LIMDI,2,171
NARMADA,NANDOD,LIMKHETAR,LIMKHETAR,3,102
NARMADA,NANDOD,LODHAN,LODHAN,15,85
NARMADA,NANDOD,MAHUDIPADA,MAHUDIPADA,4,118
NARMADA,NANDOD,MANDAN,MANDAN,1,15
NARMADA,NANDOD,MANGAROL,MANGAROL,55,921
NARMADA,NANDOD,MANKADAMBA,MANKADAMBA,18,409
NARMADA,NANDOD,MANKUVA,MANKUVA,3,66
NARMADA,NANDOD,MAOJEE,MAOJEE,5,55
NARMADA,NANDOD,MAYASHI,MAYASHI,3,168
NARMADA,NANDOD,MEDGAM,MEDGAM,4,73
NARMADA,NANDOD,MITHIVAV,MITHIVAV,1,59
NARMADA,NANDOD,MOTA AAMBA,MOTAAAMBA,1,81
NARMADA,NANDOD,MOTA HENDVA,MOTAHENDVA,6,71
NARMADA,NANDOD,MOTA LIMATWADA,MOTALIMATWADA,2,219
NARMADA,NANDOD,MOTA PIPRIYA,MOTAPIPRIYA,7,118
NARMADA,NANDOD,MOTARAYPURA,MOTARAYPURA,10,583
NARMADA,NANDOD,MOTI CHIKHALI,MOTICHIKHALI,2,53
NARMADA,NANDOD,MOTIBHAMRI,MOTIBHAMRI,3,142
NARMADA,NANDOD,MOTIRAVAL,MOTIRAVAL,49,129
NARMADA,NANDOD,NAGHOTPOR,NAGHOTPOR,5,361
NARMADA,NANDOD,NAMALGATH,NAMALGATH,10,85
NARMADA,NANDOD,NANA HAIDAVA,NANAHAIDAVA,4,59
NARMADA,NANDOD,NANA LIMATWADA,NANALIMATWADA,2,102
NARMADA,NANDOD,NANA PIPRIYA,NANAPIPRIYA,1,98
NARMADA,NANDOD,NANA RAYPURA,NANARAYPURA,2,59
NARMADA,NANDOD,NANA ZUNDA,NANAZUNDA,5,24
NARMADA,NANDOD,NANI CHIKHALI,NANICHIKHALI,3,74
NARMADA,NANDOD,NANIRAVALGAAM,NANIRAVALGAAM,2,108
NARMADA,NANDOD,NARKHADI,NARKHADI,26,238
NARMADA,NANDOD,NASRI,NASRI,2,95
NARMADA,NANDOD,NAVAGAM,NAVAGAM,2,50
NARMADA,NANDOD,NAVAGAM(RAM.),NAVAGAMRAM,2,133
NARMADA,NANDOD,NAVAPARA(NIKOLI),NAVAPARANIKOLI,14,422
NARMADA,NANDOD,NAVAPURA(GARU),NAVAPURAGARU,1,42
NARMADA,NANDOD,NAVAVAGHPURA,NAVAVAGHPURA,52,359
NARMADA,NANDOD,NAVRA,NAVRA,54,1082
NARMADA,NANDOD,NIKOLI,NIKOLI,6,635
NARMADA,NANDOD,ORI,ORI,64,723
NARMADA,NANDOD,PALSI,PALSI,5,179
NARMADA,NANDOD,PANCHLA,PANCHLA,9,80
NARMADA,NANDOD,PANISADDIYA,PANISADDIYA,3,55
NARMADA,NANDOD,PANTALAVDI,PANTALAVDI,7,62
NARMADA,NANDOD,PATI,PATI,5,56
NARMADA,NANDOD,PATNA,PATNA,18,503
NARMADA,NANDOD,PINCHHIPURA,PINCHHIPURA,9,302
NARMADA,NANDOD,POICHA,POICHA,66,357
NARMADA,NANDOD,PRATAPNAGAR,PRATAPNAGAR,16,387
NARMADA,NANDOD,PRATAPPARA,PRATAPPARA,12,344
NARMADA,NANDOD,RAJUVADIYA,RAJUVADIYA,12,967
NARMADA,NANDOD,RAMGADH,RAMGADH,2,48
NARMADA,NANDOD,RAMPARA(MANG.),RAMPARAMANG,15,290
NARMADA,NANDOD,RAMPARA(PATNA),RAMPARAPATNA,4,19
NARMADA,NANDOD,RANIPARA,RANIPARA,38,142
NARMADA,NANDOD,RASELA,RASELA,12,189
NARMADA,NANDOD,REL(UMARVA),RELUMARVA,1,174
NARMADA,NANDOD,RINGANI,RINGANI,20,174
NARMADA,NANDOD,RUNDH,RUNDH,10,492
NARMADA,NANDOD,SAJANPURA,SAJANPURA,1,18
NARMADA,NANDOD,SAKVA,SAKVA,7,85
NARMADA,NANDOD,SAMARIYA,SAMARIYA,12,175
NARMADA,NANDOD,SAMSERPURA,SAMSERPURA,2,80
NARMADA,NANDOD,SANDHIYA,SANDHIYA,3,189
NARMADA,NANDOD,SANJROLI,SANJROLI,19,180
NARMADA,NANDOD,SENGPARA,SENGPARA,3,206
NARMADA,NANDOD,SHAHERAV,SHAHERAV,3,585
NARMADA,NANDOD,SISODARA,SISODARA,22,730
NARMADA,NANDOD,SODHALIYA,SODHALIYA,4,294
NARMADA,NANDOD,SONGAM,SONGAM,3,144
NARMADA,NANDOD,SUKA,SUKA,3,85
NARMADA,NANDOD,SULTANPURA,SULTANPURA,7,74
NARMADA,NANDOD,SUNDARPURA,SUNDARPURA,2,450
NARMADA,NANDOD,SURAJVAD,SURAJVAD,3,481
NARMADA,NANDOD,SURVANI,SURVANI,2,35
NARMADA,NANDOD,TANKARI,TANKARI,3,636
NARMADA,NANDOD,TAROPA,TAROPA,13,294
NARMADA,NANDOD,THARI,THARI,19,290
NARMADA,NANDOD,THAVADIA,THAVADIA,2,37
NARMADA,NANDOD,TIMARVA,TIMARVA,5,136
NARMADA,NANDOD,TIMBI,TIMBI,45,394
NARMADA,NANDOD,TORNA,TORNA,20,240
NARMADA,NANDOD,UMARAVA,UMARAVA,5,778
NARMADA,NANDOD,UMARAVA(JOSHI),UMARAVAJOSHI,1,1
NARMADA,NANDOD,VAALPARA,VAALPARA,1,45
NARMADA,NANDOD,VADHRALI,VADHRALI,16,335
NARMADA,NANDOD,VADI,VADI,30,120
NARMADA,NANDOD,VADIYA,VADIYA,14,349
NARMADA,NANDOD,VAGHETHA,VAGHETHA,22,376
NARMADA,NANDOD,VAGHODIYA,VAGHODIYA,44,335
NARMADA,NANDOD,VANDARIYA,VANDARIYA,3,248
NARMADA,NANDOD,VANJANI TAD,VANJANITAD,1,48
NARMADA,NANDOD,VANZAR,VANZAR,8,161
NARMADA,NANDOD,VANZI,VANZI,2,96
NARMADA,NANDOD,VARACHHA,VARACHHA,19,210
NARMADA,NANDOD,VARKHAD,VARKHAD,44,447
NARMADA,NANDOD,VASALA(GAAM),VASALAGAAM,5,212
NARMADA,NANDOD,VASANTPURA,VASANTPURA,2,64
NARMADA,NANDOD,VAVDI,VAVDI,19,391
NARMADA,NANDOD,VAVIALA,VAVIALA,16,272
NARMADA,NANDOD,VERISALPARA,VERISALPARA,2,26
NARMADA,NANDOD,VIRPOR,VIRPOR,22,1006
NARMADA,NANDOD,VIRSINGPARA,VIRSINGPARA,13,74
NARMADA,NANDOD,WELCHADI,WELCHADI,35,196
NARMADA,NANDOD,ZARIYA,ZARIYA,27,194
NARMADA,NANDOD,ZARVANI,ZARVANI,6,228
NARMADA,NANDOD,ZER,ZER,1,99
NARMADA,SAGBARA,AMIYAR,AMIYAR,5,123
NARMADA,SAGBARA,BARKTURA,BARKTURA,7,97
NARMADA,SAGBARA,BHADOD,BHADOD,3,38
NARMADA,SAGBARA,BHAWARI SHAVAR,BHAWARISHAVAR,1,46
NARMADA,SAGBARA,BHOGWAD,BHOGWAD,9,37
NARMADA,SAGBARA,BHOR AAMLI,BHORAAMLI,26,102
NARMADA,SAGBARA,BODVAV,BODVAV,17,114
NARMADA,SAGBARA,CHATUWAD,CHATUWAD,1,472
NARMADA,SAGBARA,CHIKALI,CHIKALI,10,60
NARMADA,SAGBARA,CHIMBAPANI,CHIMBAPANI,1,5
NARMADA,SAGBARA,CHITRA KEVADI,CHITRAKEVADI,5,29
NARMADA,SAGBARA,CHOPADVAV,CHOPADVAV,8,16
NARMADA,SAGBARA,DABKA,DABKA,26,54
NARMADA,SAGBARA,DATTVADA,DATTVADA,11,41
NARMADA,SAGBARA,DEVMOGRA,DEVMOGRA,1,13
NARMADA,SAGBARA,DEVSAKI,DEVSAKI,4,36
NARMADA,SAGBARA,DHAVLIVER,DHAVLIVER,21,105
NARMADA,SAGBARA,DHODHANVADI,DHODHANVADI,1,111
NARMADA,SAGBARA,DUDHALIVER,DUDHALIVER,4,28
NARMADA,SAGBARA,GAY SAVAR,GAYSAVAR,8,48
NARMADA,SAGBARA,GHANSHERA,GHANSHERA,31,100
NARMADA,SAGBARA,GHODMUNG,GHODMUNG,8,42
NARMADA,SAGBARA,GOANAAMBA,GOANAAMBA,8,34
NARMADA,SAGBARA,GOATPADA,GOATPADA,4,42
NARMADA,SAGBARA,GODDA,GODDA,6,15
NARMADA,SAGBARA,HOLIAAMBLI,HOLIAAMBLI,1,37
NARMADA,SAGBARA,JAVLI,JAVLI,14,165
NARMADA,SAGBARA,KAKARPADA,KAKARPADA,1,39
NARMADA,SAGBARA,KEL,KEL,5,65
NARMADA,SAGBARA,KHADKIMAHU,KHADKIMAHU,3,12
NARMADA,SAGBARA,KHADKUNI,KHADKUNI,3,60
NARMADA,SAGBARA,KHAIRPADA,KHAIRPADA,13,167
NARMADA,SAGBARA,KHAMPADA,KHAMPADA,1,14
NARMADA,SAGBARA,KHANKHADI,KHANKHADI,10,26
NARMADA,SAGBARA,KHOCHARPADA,KHOCHARPADA,16,101
NARMADA,SAGBARA,KHOTA,KHOTA,1,110
NARMADA,SAGBARA,KODBA,KODBA,6,60
NARMADA,SAGBARA,KODKHADI,KODKHADI,3,19
NARMADA,SAGBARA,KOLVAN,KOLVAN,28,375
NARMADA,SAGBARA,KUNWARKHADI,KUNWARKHADI,1,2
NARMADA,SAGBARA,KUVDAVADI,KUVDAVADI,13,75
NARMADA,SAGBARA,KUYADA,KUYADA,16,52
NARMADA,SAGBARA,KUYALA,KUYALA,4,94
NARMADA,SAGBARA,MAHUPADA,MAHUPADA,42,172
NARMADA,SAGBARA,MAKRAN,MAKRAN,3,38
NARMADA,SAGBARA,MORAVI,MORAVI,9,19
NARMADA,SAGBARA,MOTA KAKDIAAMBA,MOTAKAKDIAAMBA,7,222
NARMADA,SAGBARA,MOTADOR AAMBA,MOTADORAAMBA,3,22
NARMADA,SAGBARA,MOTIDEVROOPAN,MOTIDEVROOPAN,4,6
NARMADA,SAGBARA,MOTOMOGRI,MOTOMOGRI,1,26
NARMADA,SAGBARA,MOVEE,MOVEE,8,135
NARMADA,SAGBARA,NAAL,NAAL,1,18
NARMADA,SAGBARA,NALAKUND,NALAKUND,1,21
NARMADA,SAGBARA,NANA DORAAMBA,NANADORAAMBA,3,35
NARMADA,SAGBARA,NANA KAKDIAAMBA,NANAKAKDIAAMBA,5,80
NARMADA,SAGBARA,NANI DEVRUPAN,NANIDEVRUPAN,15,82
NARMADA,SAGBARA,NANI MOGRI,NANIMOGRI,1,6
NARMADA,SAGBARA,NANI PARODHI,NANIPARODHI,6,39
NARMADA,SAGBARA,NARWADI,NARWADI,12,101
NARMADA,SAGBARA,NAVAGAM(SELAMBA),NAVAGAMSELAMBA,2,22
NARMADA,SAGBARA,NAVAPADA,NAVAPADA,5,43
NARMADA,SAGBARA,NEVADI AAMBA,NEVADIAAMBA,7,75
NARMADA,SAGBARA,PADI,PADI,1,128
NARMADA,SAGBARA,PALASWADA,PALASWADA,1,166
NARMADA,SAGBARA,PANA,PANA,4,17
NARMADA,SAGBARA,PANCHPIPARI,PANCHPIPARI,7,187
NARMADA,SAGBARA,PANKHALA,PANKHALA,10,45
NARMADA,SAGBARA,PARODHI,PARODHI,4,26
NARMADA,SAGBARA,PATHANA,PATHANA,3,46
NARMADA,SAGBARA,PATI,PATI,13,102
NARMADA,SAGBARA,PATLA MAU,PATLAMAU,10,128
NARMADA,SAGBARA,PIPARIPADA,PIPARIPADA,8,30
NARMADA,SAGBARA,PIPLAPANI,PIPLAPANI,7,161
NARMADA,SAGBARA,PIRMANDALA,PIRMANDALA,5,46
NARMADA,SAGBARA,PUNJARIGADH,PUNJARIGADH,3,200
NARMADA,SAGBARA,RACHHWADA,RACHHWADA,6,55
NARMADA,SAGBARA,RANBUDA,RANBUDA,1,133
NARMADA,SAGBARA,ROZDEV,ROZDEV,3,64
NARMADA,SAGBARA,SAGBARA,SAGBARA,29,129
NARMADA,SAGBARA,SAJANVAV,SAJANVAV,4,54
NARMADA,SAGBARA,SELAMBA,SELAMBA,10,90
NARMADA,SAGBARA,SIMAAMLEE,SIMAAMLEE,1,106
NARMADA,SAGBARA,SORAPADA,SORAPADA,4,211
NARMADA,SAGBARA,SORTA,SORTA,3,26
NARMADA,SAGBARA,TANKANI,TANKANI,8,52
NARMADA,SAGBARA,TAVAL,TAVAL,24,136
NARMADA,SAGBARA,UBHARIYA,UBHARIYA,9,192
NARMADA,SAGBARA,UMAN,UMAN,3,83
NARMADA,SAGBARA,UMARAN,UMARAN,11,102
NARMADA,SAGBARA,UMARKUI,UMARKUI,1,12
NARMADA,TILAKWADA,AALAMPURA,AALAMPURA,9,80
NARMADA,TILAKWADA,AAMLIYA,AAMLIYA,2,155
NARMADA,TILAKWADA,AGAR,AGAR,10,423
NARMADA,TILAKWADA,ALVA,ALVA,12,315
NARMADA,TILAKWADA,BANDARPURA,BANDARPURA,1,48
NARMADA,TILAKWADA,BHADRAVA,BHADRAVA,3,126
NARMADA,TILAKWADA,BUJETHA,BUJETHA,16,400
NARMADA,TILAKWADA,CHITRAKHADI,CHITRAKHADI,7,96
NARMADA,TILAKWADA,CHUDESHWAR,CHUDESHWAR,6,194
NARMADA,TILAKWADA,DABHED,DABHED,8,200
NARMADA,TILAKWADA,DABHIYA,DABHIYA,1,124
NARMADA,TILAKWADA,DEVLIYA,DEVLIYA,38,243
NARMADA,TILAKWADA,DHANIKHOD,DHANIKHOD,1,28
NARMADA,TILAKWADA,FATEHPUR(VAJI),FATEHPURVAJI,7,383
NARMADA,TILAKWADA,FATEPUE(VAN),FATEPUEVAN,7,103
NARMADA,TILAKWADA,FERKUVA,FERKUVA,6,88
NARMADA,TILAKWADA,GAMBHIRPURA,GAMBHIRPURA,5,49
NARMADA,TILAKWADA,GAMOD,GAMOD,4,599
NARMADA,TILAKWADA,GANSHINDA,GANSHINDA,7,833
NARMADA,TILAKWADA,GAUCHARIYA,GAUCHARIYA,2,75
NARMADA,TILAKWADA,GEGDIYA,GEGDIYA,5,45
NARMADA,TILAKWADA,GODHAM,GODHAM,1,79
NARMADA,TILAKWADA,GOLATALAVDI,GOLATALAVDI,9,193
NARMADA,TILAKWADA,HAFISHPURA,HAFISHPURA,33,162
NARMADA,TILAKWADA,HARIPURA,HARIPURA,2,38
NARMADA,TILAKWADA,HIJADA MAHUDI,HIJADAMAHUDI,7,123
NARMADA,TILAKWADA,HIMMATPURA,HIMMATPURA,2,24
NARMADA,TILAKWADA,IDARMA,IDARMA,7,124
NARMADA,TILAKWADA,JALODRA,JALODRA,4,371
NARMADA,TILAKWADA,JESINGPURA,JESINGPURA,10,74
NARMADA,TILAKWADA,JETPUR,JETPUR,8,112
NARMADA,TILAKWADA,KAKDIYA,KAKDIYA,5,136
NARMADA,TILAKWADA,KAMSOLI,KAMSOLI,7,177
NARMADA,TILAKWADA,KANDLEJ,KANDLEJ,4,79
NARMADA,TILAKWADA,KANTHARPURA,KANTHARPURA,11,397
NARMADA,TILAKWADA,KARELI,KARELI,8,247
NARMADA,TILAKWADA,KASOTIYA,KASOTIYA,1,132
NARMADA,TILAKWADA,KASUNDER,KASUNDER,5,62
NARMADA,TILAKWADA,KATKOI,KATKOI,18,132
NARMADA,TILAKWADA,KESARPURA,KESARPURA,1,36
NARMADA,TILAKWADA,KHAROD,KHAROD,1,127
NARMADA,TILAKWADA,KHATAAASITTRA,KHATAAASITTRA,4,96
NARMADA,TILAKWADA,KHUSALPURA,KHUSALPURA,6,78
NARMADA,TILAKWADA,KOYARI,KOYARI,5,81
NARMADA,TILAKWADA,LILGHATH,LILGHATH,1,74
NARMADA,TILAKWADA,LIMDIYA,LIMDIYA,3,155
NARMADA,TILAKWADA,LIMPARA,LIMPARA,11,407
NARMADA,TILAKWADA,MANGU,MANGU,3,121
NARMADA,TILAKWADA,MARSAN,MARSAN,6,188
NARMADA,TILAKWADA,MARUDHIYA,MARUDHIYA,1,114
NARMADA,TILAKWADA,MORA,MORA,2,51
NARMADA,TILAKWADA,MORIYA,MORIYA,4,289
NARMADA,TILAKWADA,NALGAM,NALGAM,3,75
NARMADA,TILAKWADA,NALIYA,NALIYA,7,249
NARMADA,TILAKWADA,NAMALPUR,NAMALPUR,1,94
NARMADA,TILAKWADA,NAMARIYA,NAMARIYA,15,218
NARMADA,TILAKWADA,NANVORA,NANVORA,1,86
NARMADA,TILAKWADA,NAVAPURA,NAVAPURA,2,89
NARMADA,TILAKWADA,NAVAPURA(U),NAVAPURAU,13,108
NARMADA,TILAKWADA,ODAMBIYA,ODAMBIYA,1,232
NARMADA,TILAKWADA,PINCHHIPURA,PINCHHIPURA,19,615
NARMADA,TILAKWADA,PINDOLI,PINDOLI,3,175
NARMADA,TILAKWADA,PUCHHPURA,PUCHHPURA,3,145
NARMADA,TILAKWADA,RAMPURA,RAMPURA,1,127
NARMADA,TILAKWADA,RATUDIYA,RATUDIYA,3,111
NARMADA,TILAKWADA,RENGAN,RENGAN,4,812
NARMADA,TILAKWADA,ROJANAR,ROJANAR,9,190
NARMADA,TILAKWADA,RUPPURA,RUPPURA,1,60
NARMADA,TILAKWADA,SAHEBPURA,SAHEBPURA,5,176
NARMADA,TILAKWADA,SAHPURA(TEDIYA),SAHPURATEDIYA,12,74
NARMADA,TILAKWADA,SAVLI,SAVLI,2,274
NARMADA,TILAKWADA,SEWADA,SEWADA,1,231
NARMADA,TILAKWADA,SHIRA,SHIRA,4,84
NARMADA,TILAKWADA,SINDHIYAPURA,SINDHIYAPURA,19,132
NARMADA,TILAKWADA,SOIKUVA,SOIKUVA,12,160
NARMADA,TILAKWADA,SURJIPURA,SURJIPURA,3,86
NARMADA,TILAKWADA,SURVA,SURVA,6,92
NARMADA,TILAKWADA,TEKRA(VA),TEKRAVA,3,36
NARMADA,TILAKWADA,TEKRAKAMSOLI,TEKRAKAMSOLI,16,80
NARMADA,TILAKWADA,TILKAWADA,TILKAWADA,3,182
NARMADA,TILAKWADA,UCHAD,UCHAD,7,241
NARMADA,TILAKWADA,UDHAI MANDVA,UDHAIMANDVA,6,758
NARMADA,TILAKWADA,UMEDPURA,UMEDPURA,1,76
NARMADA,TILAKWADA,UTAWALI,UTAWALI,4,277
NARMADA,TILAKWADA,VADIYA(KARA GHODA),VADIYAKARAGHODA,2,147
NARMADA,TILAKWADA,VAGHELI,VAGHELI,2,207
NARMADA,TILAKWADA,VAJIRIYA,VAJIRIYA,7,2113
NARMADA,TILAKWADA,VANDH,VANDH,4,99
NARMADA,TILAKWADA,VANKOL,VANKOL,3,54
NARMADA,TILAKWADA,VANMALA,VANMALA,12,67
NARMADA,TILAKWADA,VARVADA,VARVADA,1,141
NARMADA,TILAKWADA,VASAN,VASAN,4,194
NARMADA,TILAKWADA,VIRPUR,VIRPUR,4,123
NARMADA,TILAKWADA,VORA,VORA,22,422
NARMADA,TILAKWADA,VYADHAR,VYADHAR,5,190
NARMADA,TILAKWADA,ZARI,ZARI,1,75
NARMADA,TILAKWADA,ZAZPURA,ZAZPURA,1,47
NAVSARI,CHIKHLI,ACHHAVANI,ACHHAVANI,44,2062
NAVSARI,CHIKHLI,AGASI,AGASI,5,232
NAVSARI,CHIKHLI,ALIPOR,ALIPOR,108,3724
NAVSARI,CHIKHLI,AMADHARA,AMADHARA,17,1821
NAVSARI,CHIKHLI,AMBACH,AMBACH,14,352
NAVSARI,CHIKHLI,BAHEJ,BAHEJ,9,997
NAVSARI,CHIKHLI,BALWADA,BALWADA,46,894
NAVSARI,CHIKHLI,BAMANVEL,BAMANVEL,63,1627
NAVSARI,CHIKHLI,BAMANWADA,BAMANWADA,7,278
NAVSARI,CHIKHLI,BAROLIA,BAROLIA,28,841
NAVSARI,CHIKHLI,BHERVI,BHERVI,11,547
NAVSARI,CHIKHLI,BODVANK,BODVANK,67,1070
NAVSARI,CHIKHLI,CHARI,CHARI,10,2055
NAVSARI,CHIKHLI,CHASA,CHASA,70,1949
NAVSARI,CHIKHLI,CHIKHALI,CHIKHALI,17,146
NAVSARI,CHIKHLI,CHIMANPADA,CHIMANPADA,1,145
NAVSARI,CHIKHLI,CHITALI,CHITALI,42,602
NAVSARI,CHIKHLI,DEBARPADA,DEBARPADA,5,207
NAVSARI,CHIKHLI,DEGAM,DEGAM,112,2704
NAVSARI,CHIKHLI,DHAMA DHUMA,DHAMADHUMA,5,199
NAVSARI,CHIKHLI,DHOLUMBER,DHOLUMBER,9,567
NAVSARI,CHIKHLI,DONJA,DONJA,32,903
NAVSARI,CHIKHLI,FADVEL,FADVEL,37,1072
NAVSARI,CHIKHLI,GAURI,GAURI,3,124
NAVSARI,CHIKHLI,GHEJ,GHEJ,15,986
NAVSARI,CHIKHLI,GHEKTI,GHEKTI,12,216
NAVSARI,CHIKHLI,GHODVANI,GHODVANI,17,361
NAVSARI,CHIKHLI,GHOLAR,GHOLAR,26,891
NAVSARI,CHIKHLI,GODTHAL,GODTHAL,22,2130
NAVSARI,CHIKHLI,HARANGAM,HARANGAM,76,2131
NAVSARI,CHIKHLI,HOND,HOND,30,1438
NAVSARI,CHIKHLI,JAMANPADA,JAMANPADA,27,769
NAVSARI,CHIKHLI,JOGWAD,JOGWAD,40,591
NAVSARI,CHIKHLI,KAKADVEL,KAKADVEL,23,299
NAVSARI,CHIKHLI,KAKADVERI,KAKADVERI,8,289
NAVSARI,CHIKHLI,KALIYARI,KALIYARI,49,600
NAVSARI,CHIKHLI,KANBHAI,KANBHAI,17,426
NAVSARI,CHIKHLI,KANGVAI,KANGVAI,49,924
NAVSARI,CHIKHLI,KHAMBHDA,KHAMBHDA,47,592
NAVSARI,CHIKHLI,KHAROLI,KHAROLI,78,1151
NAVSARI,CHIKHLI,KHERGAM,KHERGAM,69,2292
NAVSARI,CHIKHLI,KHUDVEL,KHUDVEL,27,388
NAVSARI,CHIKHLI,KHUNDH,KHUNDH,64,2283
NAVSARI,CHIKHLI,KUKERI,KUKERI,128,2864
NAVSARI,CHIKHLI,MAJIGAM,MAJIGAM,62,820
NAVSARI,CHIKHLI,MALIADHARA,MALIADHARA,5,711
NAVSARI,CHIKHLI,MALWADA,MALWADA,10,335
NAVSARI,CHIKHLI,MANDAV KHADAK,MANDAVKHADAK,37,908
NAVSARI,CHIKHLI,MANEKPOR,MANEKPOR,53,869
NAVSARI,CHIKHLI,MINKACHCHH,MINKACHCHH,40,497
NAVSARI,CHIKHLI,MOGRAWADI,MOGRAWADI,6,808
NAVSARI,CHIKHLI,NADAGDHARI,NADAGDHARI,9,179
NAVSARI,CHIKHLI,NANDHAI,NANDHAI,3,519
NAVSARI,CHIKHLI,NARANPOR,NARANPOR,3,527
NAVSARI,CHIKHLI,NOGAMA,NOGAMA,75,2306
NAVSARI,CHIKHLI,PANANJ,PANANJ,11,244
NAVSARI,CHIKHLI,PANIKHADAK,PANIKHADAK,22,520
NAVSARI,CHIKHLI,PATI,PATI,13,461
NAVSARI,CHIKHLI,PELADI BHERVI,PELADIBHERVI,5,477
NAVSARI,CHIKHLI,PIPALGABHAN,PIPALGABHAN,39,1887
NAVSARI,CHIKHLI,RANKUWA,RANKUWA,59,1245
NAVSARI,CHIKHLI,RANVERIKALLA,RANVERIKALLA,49,1709
NAVSARI,CHIKHLI,RANVERIKHURD,RANVERIKHURD,76,1263
NAVSARI,CHIKHLI,RETHVANIA,RETHVANIA,44,792
NAVSARI,CHIKHLI,RUMLA,RUMLA,111,2044
NAVSARI,CHIKHLI,RUZAVNI,RUZAVNI,7,348
NAVSARI,CHIKHLI,SADADVEL,SADADVEL,105,2011
NAVSARI,CHIKHLI,SADAKPOR,SADAKPOR,174,5660
NAVSARI,CHIKHLI,SAMAROLI,SAMAROLI,49,2801
NAVSARI,CHIKHLI,SARAIYA,SARAIYA,73,2336
NAVSARI,CHIKHLI,SARAVANI,SARAVANI,24,808
NAVSARI,CHIKHLI,SOLDHARA,SOLDHARA,28,4262
NAVSARI,CHIKHLI,SUNTHWAD,SUNTHWAD,46,487
NAVSARI,CHIKHLI,SURKHAI,SURKHAI,49,1005
NAVSARI,CHIKHLI,SYADA,SYADA,17,1792
NAVSARI,CHIKHLI,TALAVCHORA,TALAVCHORA,17,1655
NAVSARI,CHIKHLI,TANKAL,TANKAL,21,1143
NAVSARI,CHIKHLI,TEJLAV,TEJLAV,28,868
NAVSARI,CHIKHLI,THALA,THALA,77,844
NAVSARI,CHIKHLI,TORANVERA,TORANVERA,4,526
NAVSARI,CHIKHLI,UNDHWAL,UNDHWAL,25,245
NAVSARI,CHIKHLI,VAD,VAD,7,824
NAVSARI,CHIKHLI,VADPADA,VADPADA,12,114
NAVSARI,CHIKHLI,VANKAL,VANKAL,23,2125
NAVSARI,CHIKHLI,VANZNA,VANZNA,118,2719
NAVSARI,CHIKHLI,VAV,VAV,17,789
NAVSARI,CHIKHLI,VELANPOR,VELANPOR,7,209
NAVSARI,CHIKHLI,ZARI,ZARI,17,388
NAVSARI,GANDEVI,AJRAI,AJRAI,42,521
NAVSARI,GANDEVI,AMALSAD,AMALSAD,70,1326
NAVSARI,GANDEVI,AMBHETA,AMBHETA,72,1500
NAVSARI,GANDEVI,ANCHELI,ANCHELI,19,2308
NAVSARI,GANDEVI,ANTALIYA,ANTALIYA,42,334
NAVSARI,GANDEVI,BHATHA,BHATHA,21,1648
NAVSARI,GANDEVI,BIGRI,BIGRI,76,10579
NAVSARI,GANDEVI,CHHAPAR,CHHAPAR,11,1310
NAVSARI,GANDEVI,DASHAD,DASHAD,16,384
NAVSARI,GANDEVI,DEVDHA,DEVDHA,26,909
NAVSARI,GANDEVI,DEVSAR,DEVSAR,18,750
NAVSARI,GANDEVI,DHAKWADA,DHAKWADA,20,423
NAVSARI,GANDEVI,DHAMDACHHA,DHAMDACHHA,55,648
NAVSARI,GANDEVI,DHANORI,DHANORI,40,930
NAVSARI,GANDEVI,DUWADA,DUWADA,26,305
NAVSARI,GANDEVI,ENDHAL,ENDHAL,120,1954
NAVSARI,GANDEVI,GADAT,GADAT,37,654
NAVSARI,GANDEVI,GANDEVA,GANDEVA,131,2526
NAVSARI,GANDEVI,GANGHOR,GANGHOR,18,1117
NAVSARI,GANDEVI,GOVANDI BHATHALA,GOVANDIBHATHALA,52,1680
NAVSARI,GANDEVI,ICHHAPOR,ICHHAPOR,32,833
NAVSARI,GANDEVI,KACHHOLI,KACHHOLI,62,2536
NAVSARI,GANDEVI,KALAMTHA,KALAMTHA,35,1027
NAVSARI,GANDEVI,KALVACH,KALVACH,3,294
NAVSARI,GANDEVI,KESALI,KESALI,29,1496
NAVSARI,GANDEVI,KHAKHWADA,KHAKHWADA,33,405
NAVSARI,GANDEVI,KHAPARIYA,KHAPARIYA,24,734
NAVSARI,GANDEVI,KHAPARWADA,KHAPARWADA,19,3366
NAVSARI,GANDEVI,KHERGAM,KHERGAM,30,135
NAVSARI,GANDEVI,KOLVA,KOLVA,48,508
NAVSARI,GANDEVI,KOTHA,KOTHA,28,1008
NAVSARI,GANDEVI,MANEKPOR,MANEKPOR,20,828
NAVSARI,GANDEVI,MASA,MASA,48,2985
NAVSARI,GANDEVI,MATWAD,MATWAD,19,654
NAVSARI,GANDEVI,MENDHAR,MENDHAR,26,919
NAVSARI,GANDEVI,MOHANPUR,MOHANPUR,15,449
NAVSARI,GANDEVI,MORALI FALIA,MORALIFALIA,22,1007
NAVSARI,GANDEVI,NANDARKHA,NANDARKHA,39,1375
NAVSARI,GANDEVI,PATHRI,PATHRI,35,377
NAVSARI,GANDEVI,PATI,PATI,28,640
NAVSARI,GANDEVI,PINJRA,PINJRA,7,456
NAVSARI,GANDEVI,PIPALDHARA,PIPALDHARA,26,707
NAVSARI,GANDEVI,RAHEJ,RAHEJ,28,201
NAVSARI,GANDEVI,SALEJ,SALEJ,50,1381
NAVSARI,GANDEVI,SARIBUJARANG,SARIBUJARANG,52,1647
NAVSARI,GANDEVI,SARIKHURD,SARIKHURD,36,747
NAVSARI,GANDEVI,SONWADI,SONWADI,18,182
NAVSARI,GANDEVI,TORANGAM,TORANGAM,7,542
NAVSARI,GANDEVI,UNDACH LUHAR FALIYA,UNDACHLUHARFALIYA,19,2239
NAVSARI,GANDEVI,UNDACH VANIYA FALIYA,UNDACHVANIYAFALIYA,44,2017
NAVSARI,GANDEVI,VADSANGAL,VADSANGAL,15,463
NAVSARI,GANDEVI,VAGALVAD,VAGALVAD,9,92
NAVSARI,GANDEVI,VAGHRECH,VAGHRECH,33,963
NAVSARI,GANDEVI,VALOTI,VALOTI,27,534
NAVSARI,GANDEVI,VANGAM,VANGAM,29,2037
NAVSARI,GANDEVI,VASAN,VASAN,12,2474
NAVSARI,GANDEVI,VEGAM,VEGAM,24,1181
NAVSARI,JALALPORE,ABRAMA,ABRAMA,98,2851
NAVSARI,JALALPORE,ALAK,ALAK,15,255
NAVSARI,JALALPORE,ALURA,ALURA,17,229
NAVSARI,JALALPORE,ASANA,ASANA,9,1254
NAVSARI,JALALPORE,AT,AT,27,2131
NAVSARI,JALALPORE,BHATHA,BHATHA,29,754
NAVSARI,JALALPORE,BHINAR,BHINAR,34,1897
NAVSARI,JALALPORE,BHUTSAD,BHUTSAD,25,460
NAVSARI,JALALPORE,BODALI,BODALI,13,1524
NAVSARI,JALALPORE,BORSI,BORSI,10,113
NAVSARI,JALALPORE,CHHINAM,CHHINAM,35,492
NAVSARI,JALALPORE,CHIJGAM,CHIJGAM,19,1304
NAVSARI,JALALPORE,CHOKHAD,CHOKHAD,24,312
NAVSARI,JALALPORE,DABHEL,DABHEL,30,640
NAVSARI,JALALPORE,DALKI,DALKI,8,135
NAVSARI,JALALPORE,DAMBHER,DAMBHER,38,841
NAVSARI,JALALPORE,DANDI,DANDI,35,1625
NAVSARI,JALALPORE,DANTI,DANTI,27,261
NAVSARI,JALALPORE,DELVADA,DELVADA,22,396
NAVSARI,JALALPORE,DIPLA,DIPLA,53,645
NAVSARI,JALALPORE,EROO,EROO,63,947
NAVSARI,JALALPORE,ETHAN,ETHAN,22,226
NAVSARI,JALALPORE,HANSAPOR,HANSAPOR,55,438
NAVSARI,JALALPORE,KADOLI,KADOLI,46,553
NAVSARI,JALALPORE,KALAKACHHA,KALAKACHHA,19,533
NAVSARI,JALALPORE,KALTHAN,KALTHAN,9,832
NAVSARI,JALALPORE,KANERA,KANERA,23,1142
NAVSARI,JALALPORE,KARADI,KARADI,10,685
NAVSARI,JALALPORE,KARANKHAT,KARANKHAT,34,667
NAVSARI,JALALPORE,KAROD KOTHVA,KARODKOTHVA,29,1084
NAVSARI,JALALPORE,KHAMBHLAV,KHAMBHLAV,9,266
NAVSARI,JALALPORE,KHARSAD,KHARSAD,81,1848
NAVSARI,JALALPORE,KOLASANA,KOLASANA,41,269
NAVSARI,JALALPORE,KOTHAMADI,KOTHAMADI,46,1203
NAVSARI,JALALPORE,KUCHED,KUCHED,10,527
NAVSARI,JALALPORE,MACHHAD,MACHHAD,18,881
NAVSARI,JALALPORE,MAGOB,MAGOB,15,310
NAVSARI,JALALPORE,MAHUVAR,MAHUVAR,51,1388
NAVSARI,JALALPORE,MANDIR,MANDIR,46,1362
NAVSARI,JALALPORE,MANEKPOR,MANEKPOR,19,667
NAVSARI,JALALPORE,MANGROL,MANGROL,61,410
NAVSARI,JALALPORE,MAROLI,MAROLI,45,762
NAVSARI,JALALPORE,MATWAD,MATWAD,40,1570
NAVSARI,JALALPORE,MIRJAPOR,MIRJAPOR,28,392
NAVSARI,JALALPORE,NADOD,NADOD,42,265
NAVSARI,JALALPORE,NIMLAI,NIMLAI,9,466
NAVSARI,JALALPORE,ONJAL,ONJAL,13,2825
NAVSARI,JALALPORE,PANAR,PANAR,42,927
NAVSARI,JALALPORE,PARDI (ALAK),PARDIALAK,9,199
NAVSARI,JALALPORE,PARSOLI,PARSOLI,46,537
NAVSARI,JALALPORE,PARUJAN,PARUJAN,46,559
NAVSARI,JALALPORE,PETHAN,PETHAN,19,1088
NAVSARI,JALALPORE,PONSARA,PONSARA,18,505
NAVSARI,JALALPORE,RANODRA,RANODRA,13,118
NAVSARI,JALALPORE,SADODRA,SADODRA,7,202
NAVSARI,JALALPORE,SAGRA,SAGRA,25,842
NAVSARI,JALALPORE,SAMAPOR,SAMAPOR,5,1122
NAVSARI,JALALPORE,SANDALPOR,SANDALPOR,15,529
NAVSARI,JALALPORE,SARAV,SARAV,40,748
NAVSARI,JALALPORE,SIMALGAM,SIMALGAM,21,563
NAVSARI,JALALPORE,SIMLAK,SIMLAK,19,591
NAVSARI,JALALPORE,SISODRA (ALAK),SISODRAALAK,20,629
NAVSARI,JALALPORE,SULTANPUR,SULTANPUR,48,2081
NAVSARI,JALALPORE,TANKOLI,TANKOLI,18,234
NAVSARI,JALALPORE,TAVDI,TAVDI,23,1218
NAVSARI,JALALPORE,UMBHRAT,UMBHRAT,47,985
NAVSARI,JALALPORE,VADOLI,VADOLI,9,198
NAVSARI,JALALPORE,VANSI,VANSI,24,250
NAVSARI,JALALPORE,VEDCHHA,VEDCHHA,44,1194
NAVSARI,JALALPORE,VESMA,VESMA,48,659
NAVSARI,JALALPORE,WADA,WADA,23,317
NAVSARI,NAVSARI,ADADA,ADADA,39,996
NAVSARI,NAVSARI,AMADPOR,AMADPOR,63,1095
NAVSARI,NAVSARI,AMBADA,AMBADA,68,1084
NAVSARI,NAVSARI,AMRI,AMRI,5,456
NAVSARI,NAVSARI,ARSAN,ARSAN,8,262
NAVSARI,NAVSARI,ASTAGAM,ASTAGAM,61,1711
NAVSARI,NAVSARI,ASUNDAR,ASUNDAR,16,318
NAVSARI,NAVSARI,BHATTAI,BHATTAI,19,429
NAVSARI,NAVSARI,BHULA FALIYA,BHULAFALIYA,19,658
NAVSARI,NAVSARI,BHUNWADI,BHUNWADI,7,106
NAVSARI,NAVSARI,BORIACH,BORIACH,9,280
NAVSARI,NAVSARI,BUTLAV,BUTLAV,7,241
NAVSARI,NAVSARI,CHANDRAVASAN SUPA,CHANDRAVASANSUPA,22,637
NAVSARI,NAVSARI,CHHAPRA,CHHAPRA,45,605
NAVSARI,NAVSARI,CHOVISI,CHOVISI,34,790
NAVSARI,NAVSARI,DABHALAI,DABHALAI,5,290
NAVSARI,NAVSARI,DANDESAR,DANDESAR,45,628
NAVSARI,NAVSARI,DANTEJ,DANTEJ,15,200
NAVSARI,NAVSARI,DHAMAN,DHAMAN,26,584
NAVSARI,NAVSARI,DHARAGIRI,DHARAGIRI,25,258
NAVSARI,NAVSARI,ITALVA,ITALVA,23,1093
NAVSARI,NAVSARI,JAMALPORE,JAMALPORE,21,231
NAVSARI,NAVSARI,KABILPOR,KABILPOR,39,1405
NAVSARI,NAVSARI,KACHOL,KACHOL,13,375
NAVSARI,NAVSARI,KADIPOR,KADIPOR,8,187
NAVSARI,NAVSARI,KALIYAVADI,KALIYAVADI,9,26
NAVSARI,NAVSARI,KAMBADA,KAMBADA,8,322
NAVSARI,NAVSARI,KANBAD,KANBAD,12,277
NAVSARI,NAVSARI,KASBAPAR,KASBAPAR,33,593
NAVSARI,NAVSARI,KHADSUPA,KHADSUPA,48,1339
NAVSARI,NAVSARI,KHERGAM,KHERGAM,14,354
NAVSARI,NAVSARI,KUMBHAR FALIYA,KUMBHARFALIYA,12,685
NAVSARI,NAVSARI,KUREL,KUREL,26,274
NAVSARI,NAVSARI,MAHUDI,MAHUDI,19,447
NAVSARI,NAVSARI,MOGAR,MOGAR,14,1325
NAVSARI,NAVSARI,MOLDHARA,MOLDHARA,34,642
NAVSARI,NAVSARI,MUNSAD,MUNSAD,37,1205
NAVSARI,NAVSARI,NAGDHARA,NAGDHARA,18,1418
NAVSARI,NAVSARI,NASILPOR,NASILPOR,23,1341
NAVSARI,NAVSARI,NAVAPARA,NAVAPARA,4,92
NAVSARI,NAVSARI,ONCHI,ONCHI,25,360
NAVSARI,NAVSARI,PADGHA,PADGHA,33,741
NAVSARI,NAVSARI,PARDI,PARDI,16,700
NAVSARI,NAVSARI,PARTAPOR,PARTAPOR,6,221
NAVSARI,NAVSARI,PARTHAN,PARTHAN,37,355
NAVSARI,NAVSARI,PERA,PERA,37,593
NAVSARI,NAVSARI,PINSAD,PINSAD,21,612
NAVSARI,NAVSARI,PUNI,PUNI,17,204
NAVSARI,NAVSARI,RAJWADA,RAJWADA,17,249
NAVSARI,NAVSARI,SADLAV,SADLAV,25,868
NAVSARI,NAVSARI,SARAI,SARAI,5,404
NAVSARI,NAVSARI,SARONA,SARONA,27,189
NAVSARI,NAVSARI,SARPOR,SARPOR,9,717
NAVSARI,NAVSARI,SATEM,SATEM,14,875
NAVSARI,NAVSARI,SHAHU,SHAHU,21,290
NAVSARI,NAVSARI,SINGOD,SINGOD,10,397
NAVSARI,NAVSARI,SISODRA (GANESH),SISODRAGANESH,81,2238
NAVSARI,NAVSARI,SUPA,SUPA,16,526
NAVSARI,NAVSARI,TARSADI,TARSADI,29,320
NAVSARI,NAVSARI,TELADA,TELADA,26,343
NAVSARI,NAVSARI,TIGHRA,TIGHRA,10,240
NAVSARI,NAVSARI,TOLI,TOLI,17,596
NAVSARI,NAVSARI,UGAT,UGAT,41,830
NAVSARI,NAVSARI,UN,UN,14,519
NAVSARI,NAVSARI,VACHHARVAD,VACHHARVAD,16,273
NAVSARI,NAVSARI,VASAR,VASAR,14,1141
NAVSARI,NAVSARI,VEJALPORE,VEJALPORE,41,942
NAVSARI,NAVSARI,VIRAVAL,VIRAVAL,30,596
NAVSARI,NAVSARI,VIRWADI,VIRWADI,19,144
NAVSARI,NAVSARI,WADA ADDA,WADAADDA,2,1743
NAVSARI,VANSDA,AMBABARI,AMBABARI,9,1125
NAVSARI,VANSDA,AMBAPANI,AMBAPANI,18,511
NAVSARI,VANSDA,ANKLACHH,ANKLACHH,34,663
NAVSARI,VANSDA,BARTAD (UNAI),BARTADUNAI,5,357
NAVSARI,VANSDA,BARTAD(KHA.),BARTADKHA,11,876
NAVSARI,VANSDA,BEDMAR,BEDMAR,36,229
NAVSARI,VANSDA,BHINAR,BHINAR,16,1272
NAVSARI,VANSDA,BILMODA,BILMODA,9,77
NAVSARI,VANSDA,BORIYACHH,BORIYACHH,8,452
NAVSARI,VANSDA,CHADHAV,CHADHAV,30,288
NAVSARI,VANSDA,CHAPALDHARA,CHAPALDHARA,52,2783
NAVSARI,VANSDA,CHARANWADA,CHARANWADA,25,369
NAVSARI,VANSDA,CHHONDHA,CHHONDHA,42,438
NAVSARI,VANSDA,CHIKATIYA,CHIKATIYA,8,180
NAVSARI,VANSDA,CHORVANI,CHORVANI,29,452
NAVSARI,VANSDA,DHAKMAR,DHAKMAR,38,273
NAVSARI,VANSDA,DHARAMPURI,DHARAMPURI,8,265
NAVSARI,VANSDA,DHOLUMBER,DHOLUMBER,28,783
NAVSARI,VANSDA,DOLDHA,DOLDHA,14,710
NAVSARI,VANSDA,DUBAL FALIYA,DUBALFALIYA,3,300
NAVSARI,VANSDA,GANGPOOR,GANGPOOR,30,498
NAVSARI,VANSDA,GHODMAL,GHODMAL,12,667
NAVSARI,VANSDA,GODHABARI,GODHABARI,22,267
NAVSARI,VANSDA,HANUMANBARI,HANUMANBARI,11,162
NAVSARI,VANSDA,HOLIPADA,HOLIPADA,10,273
NAVSARI,VANSDA,JAMALIYA,JAMALIYA,18,274
NAVSARI,VANSDA,KALA AMBA,KALAAMBA,8,30
NAVSARI,VANSDA,KAMALZARI,KAMALZARI,3,151
NAVSARI,VANSDA,KAMBOYA,KAMBOYA,26,429
NAVSARI,VANSDA,KANDHA,KANDHA,29,407
NAVSARI,VANSDA,KANDOLPADA,KANDOLPADA,8,459
NAVSARI,VANSDA,KANSARIYA,KANSARIYA,13,285
NAVSARI,VANSDA,KANTASVEL,KANTASVEL,33,2116
NAVSARI,VANSDA,KAPADVANJ,KAPADVANJ,12,820
NAVSARI,VANSDA,KAVDEJ,KAVDEJ,17,281
NAVSARI,VANSDA,KELIYA,KELIYA,5,241
NAVSARI,VANSDA,KELKUTCH,KELKUTCH,3,257
NAVSARI,VANSDA,KEVDI,KEVDI,9,172
NAVSARI,VANSDA,KHADKIYA,KHADKIYA,7,226
NAVSARI,VANSDA,KHAMBHALIYA,KHAMBHALIYA,10,212
NAVSARI,VANSDA,KHAMBLA,KHAMBLA,52,574
NAVSARI,VANSDA,KHANPOOR,KHANPOOR,18,562
NAVSARI,VANSDA,KHARJAI,KHARJAI,7,169
NAVSARI,VANSDA,KHATAAMBA,KHATAAMBA,142,1073
NAVSARI,VANSDA,KUKDA,KUKDA,15,194
NAVSARI,VANSDA,KURELIYA,KURELIYA,22,742
NAVSARI,VANSDA,LACHHKADI,LACHHKADI,24,399
NAVSARI,VANSDA,LAKADBARI,LAKADBARI,14,278
NAVSARI,VANSDA,LAKHAWADI,LAKHAWADI,45,490
NAVSARI,VANSDA,LIMBARPADA,LIMBARPADA,7,422
NAVSARI,VANSDA,LIMZAR,LIMZAR,72,1049
NAVSARI,VANSDA,MAHUVAS,MAHUVAS,25,387
NAVSARI,VANSDA,MANKUNIYA,MANKUNIYA,34,747
NAVSARI,VANSDA,MANPOOR,MANPOOR,71,346
NAVSARI,VANSDA,MINDHABARI,MINDHABARI,22,407
NAVSARI,VANSDA,MOLAAMBA,MOLAAMBA,17,565
NAVSARI,VANSDA,MOTI BHAMTI,MOTIBHAMTI,38,350
NAVSARI,VANSDA,MOTI VALZAR,MOTIVALZAR,38,633
NAVSARI,VANSDA,NANI BHAMTI,NANIBHAMTI,18,130
NAVSARI,VANSDA,NANI VALZAR,NANIVALZAR,12,178
NAVSARI,VANSDA,NANIVAGHAI,NANIVAGHAI,13,47
NAVSARI,VANSDA,NAVANAGAR,NAVANAGAR,7,332
NAVSARI,VANSDA,NAVTAD,NAVTAD,10,1179
NAVSARI,VANSDA,NIRPAN,NIRPAN,8,177
NAVSARI,VANSDA,PALGABHAN,PALGABHAN,44,493
NAVSARI,VANSDA,PIPALKHED,PIPALKHED,12,529
NAVSARI,VANSDA,PRATAPNAGAR,PRATAPNAGAR,19,348
NAVSARI,VANSDA,RAJPOR,RAJPOR,7,198
NAVSARI,VANSDA,RANGPUR,RANGPUR,22,405
NAVSARI,VANSDA,RANIFALIYA,RANIFALIYA,23,356
NAVSARI,VANSDA,RAVANIA,RAVANIA,22,418
NAVSARI,VANSDA,RAYBORE,RAYBORE,15,316
NAVSARI,VANSDA,RUPVEL,RUPVEL,32,2059
NAVSARI,VANSDA,SADAD DEVI,SADADDEVI,6,53
NAVSARI,VANSDA,SARA,SARA,12,298
NAVSARI,VANSDA,SATIMAL,SATIMAL,27,318
NAVSARI,VANSDA,SINDHAI,SINDHAI,21,833
NAVSARI,VANSDA,SINGADH,SINGADH,19,1145
NAVSARI,VANSDA,SITAPOOR,SITAPOOR,22,139
NAVSARI,VANSDA,SUKHABARI,SUKHABARI,7,447
NAVSARI,VANSDA,TADPADA,TADPADA,23,112
NAVSARI,VANSDA,UMMARKUI,UMMARKUI,10,589
NAVSARI,VANSDA,UNAI,UNAI,10,300
NAVSARI,VANSDA,UPSAL,UPSAL,7,548
NAVSARI,VANSDA,VADICHODHA,VADICHODHA,4,270
NAVSARI,VANSDA,VAGHABARI,VAGHABARI,27,523
NAVSARI,VANSDA,VANARASI,VANARASI,12,300
NAVSARI,VANSDA,VANDARVELA,VANDARVELA,62,2318
NAVSARI,VANSDA,VANGAN,VANGAN,44,569
NAVSARI,VANSDA,VANSDA,VANSDA,7,253
NAVSARI,VANSDA,VANSIYA TALAV,VANSIYATALAV,14,301
NAVSARI,VANSDA,VANSKUI,VANSKUI,15,261
NAVSARI,VANSDA,VATI,VATI,15,105
NAVSARI,VANSDA,ZARI,ZARI,20,776
NAVSARI,VANSDA,ZOOJ,ZOOJ,6,156
PANCHMAHAL,GHOGHAMBA,ADEPUR,ADEPUR,2,262
PANCHMAHAL,GHOGHAMBA,ALBETA,ALBETA,12,21
PANCHMAHAL,GHOGHAMBA,AMBAKHUNT,AMBAKHUNT,9,221
PANCHMAHAL,GHOGHAMBA,BAKROL,BAKROL,30,341
PANCHMAHAL,GHOGHAMBA,BHANPURA,BHANPURA,27,253
PANCHMAHAL,GHOGHAMBA,BHILOD,BHILOD,5,549
PANCHMAHAL,GHOGHAMBA,BHOJAPURA,BHOJAPURA,15,163
PANCHMAHAL,GHOGHAMBA,BOR,BOR,59,316
PANCHMAHAL,GHOGHAMBA,BORIYA,BORIYA,1,84
PANCHMAHAL,GHOGHAMBA,CHANDRANAGAR,CHANDRANAGAR,20,243
PANCHMAHAL,GHOGHAMBA,CHATHA,CHATHA,28,289
PANCHMAHAL,GHOGHAMBA,CHATHI,CHATHI,18,95
PANCHMAHAL,GHOGHAMBA,CHELAWADA,CHELAWADA,25,261
PANCHMAHAL,GHOGHAMBA,DAMANPURA,DAMANPURA,21,168
PANCHMAHAL,GHOGHAMBA,DAMAVAV,DAMAVAV,24,136
PANCHMAHAL,GHOGHAMBA,DANTOL,DANTOL,37,284
PANCHMAHAL,GHOGHAMBA,DAUDRA,DAUDRA,6,99
PANCHMAHAL,GHOGHAMBA,DHANESHWAR,DHANESHWAR,23,403
PANCHMAHAL,GHOGHAMBA,DUDHAPURA,DUDHAPURA,24,179
PANCHMAHAL,GHOGHAMBA,FAROD,FAROD,45,498
PANCHMAHAL,GHOGHAMBA,GAJAPURA(KANPUR,GAJAPURAKANPUR,6,177
PANCHMAHAL,GHOGHAMBA,GAJAPURA(KANTU),GAJAPURAKANTU,37,212
PANCHMAHAL,GHOGHAMBA,GALIBILI,GALIBILI,24,187
PANCHMAHAL,GHOGHAMBA,GAMANI,GAMANI,6,208
PANCHMAHAL,GHOGHAMBA,GAMIRPURA,GAMIRPURA,3,150
PANCHMAHAL,GHOGHAMBA,GARMOTIYA,GARMOTIYA,20,195
PANCHMAHAL,GHOGHAMBA,GHOGHA,GHOGHA,16,92
PANCHMAHAL,GHOGHAMBA,GHOGHAMBA,GHOGHAMBA,30,365
PANCHMAHAL,GHOGHAMBA,GODLI,GODLI,13,410
PANCHMAHAL,GHOGHAMBA,GORADA,GORADA,8,78
PANCHMAHAL,GHOGHAMBA,GOTH,GOTH,11,71
PANCHMAHAL,GHOGHAMBA,GOYASUNDAL,GOYASUNDAL,9,117
PANCHMAHAL,GHOGHAMBA,GUNDI,GUNDI,18,309
PANCHMAHAL,GHOGHAMBA,GUNESHIYA,GUNESHIYA,16,259
PANCHMAHAL,GHOGHAMBA,JABUVANIYA,JABUVANIYA,10,64
PANCHMAHAL,GHOGHAMBA,JAGANA MUVADA,JAGANAMUVADA,16,64
PANCHMAHAL,GHOGHAMBA,JEETPURA,JEETPURA,4,160
PANCHMAHAL,GHOGHAMBA,JORAPURA(DAUDRA),JORAPURADAUDRA,2,24
PANCHMAHAL,GHOGHAMBA,JORAPURA(VANG),JORAPURAVANG,15,289
PANCHMAHAL,GHOGHAMBA,KALSAR,KALSAR,16,106
PANCHMAHAL,GHOGHAMBA,KANBIPALLI,KANBIPALLI,7,150
PANCHMAHAL,GHOGHAMBA,KANKODAKUI,KANKODAKUI,26,120
PANCHMAHAL,GHOGHAMBA,KANPUR,KANPUR,23,449
PANCHMAHAL,GHOGHAMBA,KANTAVEDA,KANTAVEDA,11,97
PANCHMAHAL,GHOGHAMBA,KANTU,KANTU,36,278
PANCHMAHAL,GHOGHAMBA,KHADAPA,KHADAPA,37,165
PANCHMAHAL,GHOGHAMBA,KHANPATLA,KHANPATLA,38,340
PANCHMAHAL,GHOGHAMBA,KHARKHADI,KHARKHADI,22,628
PANCHMAHAL,GHOGHAMBA,KHAROD,KHAROD,35,518
PANCHMAHAL,GHOGHAMBA,KHILODY,KHILODY,32,194
PANCHMAHAL,GHOGHAMBA,KOTHARA,KOTHARA,4,60
PANCHMAHAL,GHOGHAMBA,KOTHAYADI,KOTHAYADI,21,143
PANCHMAHAL,GHOGHAMBA,KUMBHAR PALLI,KUMBHARPALLI,6,100
PANCHMAHAL,GHOGHAMBA,LABDADHARA,LABDADHARA,27,285
PANCHMAHAL,GHOGHAMBA,LALPARI,LALPARI,12,340
PANCHMAHAL,GHOGHAMBA,MALU,MALU,49,288
PANCHMAHAL,GHOGHAMBA,MATH,MATH,9,72
PANCHMAHAL,GHOGHAMBA,MOL,MOL,14,301
PANCHMAHAL,GHOGHAMBA,MULA NI KAPDI,MULANIKAPDI,4,59
PANCHMAHAL,GHOGHAMBA,NATHKUVA,NATHKUVA,4,97
PANCHMAHAL,GHOGHAMBA,NATHPURA,NATHPURA,3,92
PANCHMAHAL,GHOGHAMBA,NAVAGAM,NAVAGAM,50,710
PANCHMAHAL,GHOGHAMBA,NURAPURA,NURAPURA,7,77
PANCHMAHAL,GHOGHAMBA,PADHORA,PADHORA,23,264
PANCHMAHAL,GHOGHAMBA,PADRADI,PADRADI,63,228
PANCHMAHAL,GHOGHAMBA,PALLA,PALLA,26,355
PANCHMAHAL,GHOGHAMBA,PAROLI,PAROLI,31,775
PANCHMAHAL,GHOGHAMBA,POYALI,POYALI,5,11
PANCHMAHAL,GHOGHAMBA,RAJGADH,RAJGADH,12,118
PANCHMAHAL,GHOGHAMBA,RANIPURA,RANIPURA,38,232
PANCHMAHAL,GHOGHAMBA,RANJITNAGAR,RANJITNAGAR,55,290
PANCHMAHAL,GHOGHAMBA,RAYANMUWADA,RAYANMUWADA,26,294
PANCHMAHAL,GHOGHAMBA,RINCHIYA,RINCHIYA,11,160
PANCHMAHAL,GHOGHAMBA,RINCHVANI,RINCHVANI,89,384
PANCHMAHAL,GHOGHAMBA,SAJORA,SAJORA,50,333
PANCHMAHAL,GHOGHAMBA,SARSAVA,SARSAVA,5,122
PANCHMAHAL,GHOGHAMBA,SAVAPURA,SAVAPURA,6,102
PANCHMAHAL,GHOGHAMBA,SHAMALKUVA,SHAMALKUVA,19,223
PANCHMAHAL,GHOGHAMBA,SHANIYADA,SHANIYADA,39,167
PANCHMAHAL,GHOGHAMBA,SHERPURA,SHERPURA,27,273
PANCHMAHAL,GHOGHAMBA,SIMALIYA,SIMALIYA,13,800
PANCHMAHAL,GHOGHAMBA,TADKUNDLA,TADKUNDLA,10,67
PANCHMAHAL,GHOGHAMBA,UDVA,UDVA,10,108
PANCHMAHAL,GHOGHAMBA,UNCHABEDA,UNCHABEDA,6,84
PANCHMAHAL,GHOGHAMBA,VADINATH,VADINATH,13,285
PANCHMAHAL,GHOGHAMBA,VANGARAVA,VANGARAVA,18,309
PANCHMAHAL,GHOGHAMBA,VANKOD,VANKOD,81,958
PANCHMAHAL,GHOGHAMBA,VAV,VAV,19,377
PANCHMAHAL,GHOGHAMBA,VAVKULLI,VAVKULLI,100,556
PANCHMAHAL,GHOGHAMBA,VELKOTAR,VELKOTAR,11,89
PANCHMAHAL,GHOGHAMBA,VIRAPURA,VIRAPURA,19,119
PANCHMAHAL,GHOGHAMBA,ZAB(VAV),ZABVAV,5,139
PANCHMAHAL,GHOGHAMBA,ZENZARI,ZENZARI,11,430
PANCHMAHAL,GHOGHAMBA,ZOZ,ZOZ,6,310
PANCHMAHAL,GODHRA,ACHHALA,ACHHALA,6,45
PANCHMAHAL,GODHRA,AMBALI,AMBALI,76,1183
PANCHMAHAL,GODHRA,ANGADIYA,ANGADIYA,29,2036
PANCHMAHAL,GODHRA,ANKADIYA,ANKADIYA,7,37
PANCHMAHAL,GODHRA,ASARDI,ASARDI,47,550
PANCHMAHAL,GODHRA,BAKHKHAR,BAKHKHAR,43,521
PANCHMAHAL,GODHRA,BAMROLIKHURD,BAMROLIKHURD,13,116
PANCHMAHAL,GODHRA,BETIYA,BETIYA,24,182
PANCHMAHAL,GODHRA,BHALANIYA,BHALANIYA,26,151
PANCHMAHAL,GODHRA,BHALODIYA,BHALODIYA,15,143
PANCHMAHAL,GODHRA,BHAMAIYA (EAST),BHAMAIYAEAST,156,346
PANCHMAHAL,GODHRA,BHAMAIYA (WEST),BHAMAIYAWEST,140,312
PANCHMAHAL,GODHRA,BHANPURA,BHANPURA,41,173
PANCHMAHAL,GODHRA,BHATPURA,BHATPURA,18,62
PANCHMAHAL,GODHRA,BHIMA,BHIMA,21,52
PANCHMAHAL,GODHRA,BODIDRA (BUZARG),BODIDRABUZARG,74,1164
PANCHMAHAL,GODHRA,CHANCHELAV,CHANCHELAV,26,152
PANCHMAHAL,GODHRA,CHANCHOPA,CHANCHOPA,14,317
PANCHMAHAL,GODHRA,CHANCHPUR,CHANCHPUR,39,336
PANCHMAHAL,GODHRA,CHHABANPUR,CHHABANPUR,17,61
PANCHMAHAL,GODHRA,CHHARIYA,CHHARIYA,61,202
PANCHMAHAL,GODHRA,CHHAVAD,CHHAVAD,70,262
PANCHMAHAL,GODHRA,CHIKHODRA,CHIKHODRA,18,511
PANCHMAHAL,GODHRA,CHUNDADI,CHUNDADI,17,58
PANCHMAHAL,GODHRA,DAHIKOT,DAHIKOT,26,306
PANCHMAHAL,GODHRA,DARUNIYA,DARUNIYA,9,59
PANCHMAHAL,GODHRA,DAYAL,DAYAL,4,1561
PANCHMAHAL,GODHRA,DHANITRA,DHANITRA,81,517
PANCHMAHAL,GODHRA,DHANOL,DHANOL,51,111
PANCHMAHAL,GODHRA,DHANOL (JANGAL),DHANOLJANGAL,9,15
PANCHMAHAL,GODHRA,DHOLI,DHOLI,30,153
PANCHMAHAL,GODHRA,ERANDI,ERANDI,17,488
PANCHMAHAL,GODHRA,GADH,GADH,22,110
PANCHMAHAL,GODHRA,GADUKPUR,GADUKPUR,18,175
PANCHMAHAL,GODHRA,GAVASI,GAVASI,45,101
PANCHMAHAL,GODHRA,GOLI,GOLI,30,107
PANCHMAHAL,GODHRA,GOLLAV,GOLLAV,201,2546
PANCHMAHAL,GODHRA,GOTAVIPURA,GOTAVIPURA,7,72
PANCHMAHAL,GODHRA,GOTHDA,GOTHDA,49,694
PANCHMAHAL,GODHRA,GOVINDI,GOVINDI,35,273
PANCHMAHAL,GODHRA,GUSAR,GUSAR,5,16
PANCHMAHAL,GODHRA,HAMIRPUR,HAMIRPUR,22,325
PANCHMAHAL,GODHRA,HARKUNDI,HARKUNDI,43,329
PANCHMAHAL,GODHRA,ICHCHHAPAGINA MUWADA,ICHCHHAPAGINAMUWADA,12,102
PANCHMAHAL,GODHRA,ISARODIYA,ISARODIYA,51,2294
PANCHMAHAL,GODHRA,JAFRABAD,JAFRABAD,35,306
PANCHMAHAL,GODHRA,JALIYA,JALIYA,32,284
PANCHMAHAL,GODHRA,JITPURA,JITPURA,86,610
PANCHMAHAL,GODHRA,JUNIDHARI,JUNIDHARI,38,1445
PANCHMAHAL,GODHRA,KABARIA,KABARIA,10,95
PANCHMAHAL,GODHRA,KABIRPUR,KABIRPUR,44,290
PANCHMAHAL,GODHRA,KALIYAKUVA,KALIYAKUVA,10,88
PANCHMAHAL,GODHRA,KALYANA,KALYANA,68,385
PANCHMAHAL,GODHRA,KANJIYA,KANJIYA,11,111
PANCHMAHAL,GODHRA,KANKANPUR,KANKANPUR,139,1245
PANCHMAHAL,GODHRA,KANKUTHAMBHLA,KANKUTHAMBHLA,39,153
PANCHMAHAL,GODHRA,KARANPURA,KARANPURA,6,66
PANCHMAHAL,GODHRA,KARSANA,KARSANA,60,374
PANCHMAHAL,GODHRA,KEVADIYA,KEVADIYA,31,213
PANCHMAHAL,GODHRA,KHAJURI (NADISAR),KHAJURINADISAR,25,774
PANCHMAHAL,GODHRA,KHAJURI (SAMPA),KHAJURISAMPA,8,84
PANCHMAHAL,GODHRA,KOTADA,KOTADA,31,267
PANCHMAHAL,GODHRA,LADPUR,LADPUR,24,72
PANCHMAHAL,GODHRA,LADPURA,LADPURA,7,77
PANCHMAHAL,GODHRA,LILESARA,LILESARA,62,211
PANCHMAHAL,GODHRA,MAHELOL,MAHELOL,96,926
PANCHMAHAL,GODHRA,MAHULIA,MAHULIA,53,189
PANCHMAHAL,GODHRA,MIRAP,MIRAP,95,872
PANCHMAHAL,GODHRA,MORDUNGRA,MORDUNGRA,33,219
PANCHMAHAL,GODHRA,MORYO,MORYO,54,484
PANCHMAHAL,GODHRA,MOTAL,MOTAL,29,2565
PANCHMAHAL,GODHRA,MOTI KANTADI,MOTIKANTADI,108,1005
PANCHMAHAL,GODHRA,NADISAR,NADISAR,135,1934
PANCHMAHAL,GODHRA,NANI KANTADI,NANIKANTADI,30,178
PANCHMAHAL,GODHRA,NASIRPUR,NASIRPUR,36,179
PANCHMAHAL,GODHRA,ODIDRA,ODIDRA,42,283
PANCHMAHAL,GODHRA,ORWADA,ORWADA,65,434
PANCHMAHAL,GODHRA,PADHIYAR,PADHIYAR,45,390
PANCHMAHAL,GODHRA,PANDAVA,PANDAVA,5,5
PANCHMAHAL,GODHRA,PARWADI,PARWADI,32,233
PANCHMAHAL,GODHRA,PIPALIYA,PIPALIYA,28,144
PANCHMAHAL,GODHRA,PIPALIYA DHARI,PIPALIYADHARI,10,57
PANCHMAHAL,GODHRA,POPATPURA,POPATPURA,32,208
PANCHMAHAL,GODHRA,PRATAPPURA,PRATAPPURA,9,37
PANCHMAHAL,GODHRA,RAMPUR (JODAKA),RAMPURJODAKA,12,449
PANCHMAHAL,GODHRA,RANIPURA,RANIPURA,25,91
PANCHMAHAL,GODHRA,RATANPUR (KANTADI),RATANPURKANTADI,73,745
PANCHMAHAL,GODHRA,RATANPUR (RELIYA),RATANPURRELIYA,15,279
PANCHMAHAL,GODHRA,RAYSINGPURA,RAYSINGPURA,3,14
PANCHMAHAL,GODHRA,RELIYA,RELIYA,15,82
PANCHMAHAL,GODHRA,RINCHHAROTA,RINCHHAROTA,10,44
PANCHMAHAL,GODHRA,RINCHHIYA,RINCHHIYA,7,62
PANCHMAHAL,GODHRA,RUPANPURA,RUPANPURA,15,63
PANCHMAHAL,GODHRA,SAMALI,SAMALI,30,282
PANCHMAHAL,GODHRA,SAMPA,SAMPA,84,3391
PANCHMAHAL,GODHRA,SANKLI,SANKLI,20,229
PANCHMAHAL,GODHRA,SARANGPUR,SARANGPUR,13,85
PANCHMAHAL,GODHRA,SARSAV,SARSAV,65,1874
PANCHMAHAL,GODHRA,TAJPUR,TAJPUR,34,213
PANCHMAHAL,GODHRA,TARBORDI,TARBORDI,9,35
PANCHMAHAL,GODHRA,TARVADI,TARVADI,76,264
PANCHMAHAL,GODHRA,THANAGARJAN,THANAGARJAN,7,51
PANCHMAHAL,GODHRA,TIMBA,TIMBA,53,1082
PANCHMAHAL,GODHRA,TORNA,TORNA,15,140
PANCHMAHAL,GODHRA,TUVA,TUVA,85,425
PANCHMAHAL,GODHRA,VADELAV,VADELAV,42,182
PANCHMAHAL,GODHRA,VANAKPUR,VANAKPUR,6,139
PANCHMAHAL,GODHRA,VANSIYA,VANSIYA,12,124
PANCHMAHAL,GODHRA,VARAIYA,VARAIYA,21,81
PANCHMAHAL,GODHRA,VATLAV,VATLAV,20,245
PANCHMAHAL,GODHRA,VAVDI (BUZARG),VAVDIBUZARG,49,271
PANCHMAHAL,GODHRA,VAVDI (KHURD),VAVDIKHURD,35,229
PANCHMAHAL,GODHRA,VEGANPUR,VEGANPUR,68,693
PANCHMAHAL,GODHRA,VELVAD,VELVAD,21,255
PANCHMAHAL,GODHRA,VINZOL,VINZOL,80,2449
PANCHMAHAL,HALOL,ABHETVA,ABHETVA,36,610
PANCHMAHAL,HALOL,AMBA TALAV,AMBATALAV,4,116
PANCHMAHAL,HALOL,AMBAVADIYA,AMBAVADIYA,9,59
PANCHMAHAL,HALOL,AMRAPURA,AMRAPURA,2,112
PANCHMAHAL,HALOL,AMRAPURI,AMRAPURI,9,408
PANCHMAHAL,HALOL,ARAD,ARAD,40,357
PANCHMAHAL,HALOL,BADHARPURI,BADHARPURI,6,49
PANCHMAHAL,HALOL,BALIYADEV,BALIYADEV,6,54
PANCHMAHAL,HALOL,BAMANKUVA,BAMANKUVA,9,76
PANCHMAHAL,HALOL,BAPOTIYA,BAPOTIYA,5,30
PANCHMAHAL,HALOL,BASKA,BASKA,40,502
PANCHMAHAL,HALOL,BEDHIYAPURA,BEDHIYAPURA,3,46
PANCHMAHAL,HALOL,BHAGVANPURA,BHAGVANPURA,15,102
PANCHMAHAL,HALOL,BHAMARIYA,BHAMARIYA,16,174
PANCHMAHAL,HALOL,BHAT,BHAT,38,148
PANCHMAHAL,HALOL,BHINDA,BHINDA,7,63
PANCHMAHAL,HALOL,BHUVA DUNGARI,BHUVADUNGARI,4,40
PANCHMAHAL,HALOL,CHAMPANER,CHAMPANER,12,3
PANCHMAHAL,HALOL,CHANDRAPURA,CHANDRAPURA,15,248
PANCHMAHAL,HALOL,CHHABAPURA,CHHABAPURA,12,92
PANCHMAHAL,HALOL,CHHAJDIWALI,CHHAJDIWALI,13,119
PANCHMAHAL,HALOL,CHHAN TALAVDI,CHHANTALAVDI,8,148
PANCHMAHAL,HALOL,CHHATARDIVAV,CHHATARDIVAV,9,83
PANCHMAHAL,HALOL,DABHAN,DABHAN,1,49
PANCHMAHAL,HALOL,DESAR,DESAR,5,74
PANCHMAHAL,HALOL,DHANKUVA,DHANKUVA,9,65
PANCHMAHAL,HALOL,DHARIYA,DHARIYA,1,108
PANCHMAHAL,HALOL,DHINKVA,DHINKVA,13,338
PANCHMAHAL,HALOL,DHOLIKUI,DHOLIKUI,12,199
PANCHMAHAL,HALOL,DUNIYA,DUNIYA,23,69
PANCHMAHAL,HALOL,GADIT,GADIT,4,74
PANCHMAHAL,HALOL,GAJAPURA,GAJAPURA,1,79
PANCHMAHAL,HALOL,GALAMPURA,GALAMPURA,2,40
PANCHMAHAL,HALOL,GAMBHIRPURA,GAMBHIRPURA,10,194
PANCHMAHAL,HALOL,GARIYAL,GARIYAL,2,247
PANCHMAHAL,HALOL,GHANSAR,GHANSAR,41,2173
PANCHMAHAL,HALOL,GOKALPURA,GOKALPURA,6,94
PANCHMAHAL,HALOL,GOPIPURA,GOPIPURA,12,497
PANCHMAHAL,HALOL,HADABIYA,HADABIYA,22,176
PANCHMAHAL,HALOL,HADAMATIA,HADAMATIA,4,61
PANCHMAHAL,HALOL,INDRAL,INDRAL,5,78
PANCHMAHAL,HALOL,INTWADI,INTWADI,51,273
PANCHMAHAL,HALOL,JALIYA KUVA,JALIYAKUVA,1,1
PANCHMAHAL,HALOL,JEPURA,JEPURA,20,167
PANCHMAHAL,HALOL,JIMIYAPURA,JIMIYAPURA,13,120
PANCHMAHAL,HALOL,KADACHALA,KADACHALA,17,478
PANCHMAHAL,HALOL,KAKALPUR,KAKALPUR,2,5
PANCHMAHAL,HALOL,KAKARA DUNGRI,KAKARADUNGRI,9,132
PANCHMAHAL,HALOL,KANJARI,KANJARI,36,1802
PANCHMAHAL,HALOL,KANSARIVAV,KANSARIVAV,7,17
PANCHMAHAL,HALOL,KANTELI,KANTELI,7,103
PANCHMAHAL,HALOL,KATADIA,KATADIA,4,113
PANCHMAHAL,HALOL,KATHOLA,KATHOLA,19,272
PANCHMAHAL,HALOL,KESHARPURA,KESHARPURA,7,32
PANCHMAHAL,HALOL,KHAREDA,KHAREDA,2,58
PANCHMAHAL,HALOL,KHARETI,KHARETI,26,256
PANCHMAHAL,HALOL,KHERAP,KHERAP,10,55
PANCHMAHAL,HALOL,KHODIYAR PURA,KHODIYARPURA,5,72
PANCHMAHAL,HALOL,KOHIVAV,KOHIVAV,2,105
PANCHMAHAL,HALOL,KOPRAJ,KOPRAJ,36,284
PANCHMAHAL,HALOL,KOTA MADIA,KOTAMADIA,2,96
PANCHMAHAL,HALOL,KUBERPURA,KUBERPURA,5,12
PANCHMAHAL,HALOL,MADAR,MADAR,22,380
PANCHMAHAL,HALOL,MAGHASAR,MAGHASAR,43,395
PANCHMAHAL,HALOL,MANDEVI,MANDEVI,4,522
PANCHMAHAL,HALOL,MARUVA,MARUVA,12,157
PANCHMAHAL,HALOL,MESWAD,MESWAD,11,580
PANCHMAHAL,HALOL,MOTA ANKEDIYA,MOTAANKEDIYA,7,204
PANCHMAHAL,HALOL,MOTA CHADVA,MOTACHADVA,6,113
PANCHMAHAL,HALOL,MOTA HANDIYA,MOTAHANDIYA,4,34
PANCHMAHAL,HALOL,MOTI RANBHET,MOTIRANBHET,4,97
PANCHMAHAL,HALOL,MOTI UMARVAN,MOTIUMARVAN,8,305
PANCHMAHAL,HALOL,MULDHARI,MULDHARI,3,227
PANCHMAHAL,HALOL,MUVALA,MUVALA,6,125
PANCHMAHAL,HALOL,NANA CHADVA,NANACHADVA,2,96
PANCHMAHAL,HALOL,NANA HANDIYA,NANAHANDIYA,2,22
PANCHMAHAL,HALOL,NANI RANBHET,NANIRANBHET,4,63
PANCHMAHAL,HALOL,NANI UMARVAN,NANIUMARVAN,19,201
PANCHMAHAL,HALOL,NATHKUVA,NATHKUVA,9,137
PANCHMAHAL,HALOL,NAVAGAM,NAVAGAM,9,105
PANCHMAHAL,HALOL,NAVARIA,NAVARIA,6,346
PANCHMAHAL,HALOL,NURPURA,NURPURA,36,196
PANCHMAHAL,HALOL,PALANPUR,PALANPUR,25,1139
PANCHMAHAL,HALOL,PANCH KHOBLA,PANCHKHOBLA,7,177
PANCHMAHAL,HALOL,PANDOL,PANDOL,13,62
PANCHMAHAL,HALOL,PANELAV,PANELAV,10,151
PANCHMAHAL,HALOL,PRATAPPURA,PRATAPPURA,16,333
PANCHMAHAL,HALOL,RADHANPUR,RADHANPUR,9,63
PANCHMAHAL,HALOL,RAJGAGAR,RAJGAGAR,8,31
PANCHMAHAL,HALOL,RAMESHRA,RAMESHRA,39,451
PANCHMAHAL,HALOL,RAMJIKHANTNA MUVADA,RAMJIKHANTNAMUVADA,8,72
PANCHMAHAL,HALOL,RAMPURA,RAMPURA,7,63
PANCHMAHAL,HALOL,RANIPURA,RANIPURA,16,68
PANCHMAHAL,HALOL,RASULPUR,RASULPUR,7,67
PANCHMAHAL,HALOL,RAVALIYA,RAVALIYA,9,357
PANCHMAHAL,HALOL,RAYANVADIA,RAYANVADIA,9,98
PANCHMAHAL,HALOL,RINCHHBAR,RINCHHBAR,9,80
PANCHMAHAL,HALOL,SATHROTA,SATHROTA,6,2239
PANCHMAHAL,HALOL,SHIVRAJPUR,SHIVRAJPUR,149,601
PANCHMAHAL,HALOL,SINGPUR,SINGPUR,19,129
PANCHMAHAL,HALOL,SONAVINTI,SONAVINTI,18,88
PANCHMAHAL,HALOL,SONIPUR,SONIPUR,18,254
PANCHMAHAL,HALOL,SUDHARA,SUDHARA,3,428
PANCHMAHAL,HALOL,SURA SULTANPURA,SURASULTANPURA,24,70
PANCHMAHAL,HALOL,TADIA,TADIA,5,69
PANCHMAHAL,HALOL,TAJPURA,TAJPURA,12,53
PANCHMAHAL,HALOL,TAKHATPURA,TAKHATPURA,2,62
PANCHMAHAL,HALOL,TALAVDI,TALAVDI,40,2341
PANCHMAHAL,HALOL,TARKHANDA,TARKHANDA,94,2260
PANCHMAHAL,HALOL,TIMBI,TIMBI,7,59
PANCHMAHAL,HALOL,UJETI,UJETI,8,405
PANCHMAHAL,HALOL,VADATALAV,VADATALAV,20,85
PANCHMAHAL,HALOL,VAGHBOD,VAGHBOD,39,262
PANCHMAHAL,HALOL,VANKADIA,VANKADIA,7,231
PANCHMAHAL,HALOL,VANSETI,VANSETI,30,124
PANCHMAHAL,HALOL,VARSADA (GOVINDPUR),VARSADAGOVINDPUR,20,1162
PANCHMAHAL,HALOL,VAV,VAV,17,116
PANCHMAHAL,HALOL,VAVDI,VAVDI,7,67
PANCHMAHAL,HALOL,VED,VED,6,91
PANCHMAHAL,HALOL,VINTOJ,VINTOJ,51,813
PANCHMAHAL,HALOL,ZANKHARIYA,ZANKHARIYA,27,290
PANCHMAHAL,JAMBUGHODA,BHANPURA,BHANPURA,18,118
PANCHMAHAL,JAMBUGHODA,BHANPURI,BHANPURI,14,103
PANCHMAHAL,JAMBUGHODA,BHILDUNGRA,BHILDUNGRA,27,160
PANCHMAHAL,JAMBUGHODA,BHURIYA KUVA,BHURIYAKUVA,3,22
PANCHMAHAL,JAMBUGHODA,BORKACH,BORKACH,6,49
PANCHMAHAL,JAMBUGHODA,CHALVAD,CHALVAD,49,192
PANCHMAHAL,JAMBUGHODA,DANDIAPURA,DANDIAPURA,10,108
PANCHMAHAL,JAMBUGHODA,DEVAL FALIYA,DEVALFALIYA,1,64
PANCHMAHAL,JAMBUGHODA,DHANAKIYA,DHANAKIYA,10,125
PANCHMAHAL,JAMBUGHODA,DHANPURI,DHANPURI,23,172
PANCHMAHAL,JAMBUGHODA,DIPAPURA,DIPAPURA,10,65
PANCHMAHAL,JAMBUGHODA,DUMA,DUMA,43,682
PANCHMAHAL,JAMBUGHODA,FULPARI,FULPARI,6,78
PANCHMAHAL,JAMBUGHODA,GARMULA,GARMULA,15,71
PANCHMAHAL,JAMBUGHODA,GONDHRA,GONDHRA,16,68
PANCHMAHAL,JAMBUGHODA,GUNDIVERA,GUNDIVERA,14,108
PANCHMAHAL,JAMBUGHODA,HAVELI,HAVELI,25,265
PANCHMAHAL,JAMBUGHODA,HIRAPUR,HIRAPUR,38,229
PANCHMAHAL,JAMBUGHODA,JABAN,JABAN,23,134
PANCHMAHAL,JAMBUGHODA,JAMBUGHODA,JAMBUGHODA,25,223
PANCHMAHAL,JAMBUGHODA,JOTVAD,JOTVAD,40,235
PANCHMAHAL,JAMBUGHODA,KALIAVAV,KALIAVAV,9,60
PANCHMAHAL,JAMBUGHODA,KANJIPANI,KANJIPANI,30,294
PANCHMAHAL,JAMBUGHODA,KARA,KARA,30,251
PANCHMAHAL,JAMBUGHODA,KATKOI,KATKOI,12,99
PANCHMAHAL,JAMBUGHODA,KEVA,KEVA,5,162
PANCHMAHAL,JAMBUGHODA,KHAKHARIYA,KHAKHARIYA,31,263
PANCHMAHAL,JAMBUGHODA,KHANDIVAV,KHANDIVAV,55,214
PANCHMAHAL,JAMBUGHODA,KHAREDIVAV,KHAREDIVAV,26,62
PANCHMAHAL,JAMBUGHODA,KHODSAL,KHODSAL,14,180
PANCHMAHAL,JAMBUGHODA,KHUNTIYA,KHUNTIYA,9,84
PANCHMAHAL,JAMBUGHODA,KOHIVAV,KOHIVAV,8,64
PANCHMAHAL,JAMBUGHODA,KOLVA,KOLVA,14,85
PANCHMAHAL,JAMBUGHODA,LAFNI,LAFNI,23,156
PANCHMAHAL,JAMBUGHODA,MAHUDIBOR,MAHUDIBOR,36,71
PANCHMAHAL,JAMBUGHODA,MALBAR,MALBAR,9,54
PANCHMAHAL,JAMBUGHODA,MASABAR,MASABAR,24,237
PANCHMAHAL,JAMBUGHODA,NARUKOT,NARUKOT,36,200
PANCHMAHAL,JAMBUGHODA,NATHPARI,NATHPARI,27,159
PANCHMAHAL,JAMBUGHODA,NIZARAN DILGAM,NIZARANDILGAM,14,124
PANCHMAHAL,JAMBUGHODA,NIZARAN FALIYA,NIZARANFALIYA,8,131
PANCHMAHAL,JAMBUGHODA,PADIDERI,PADIDERI,9,151
PANCHMAHAL,JAMBUGHODA,PANIYARA,PANIYARA,21,123
PANCHMAHAL,JAMBUGHODA,PIPALIYA,PIPALIYA,13,224
PANCHMAHAL,JAMBUGHODA,POYALI,POYALI,13,140
PANCHMAHAL,JAMBUGHODA,RAMPURA,RAMPURA,32,615
PANCHMAHAL,JAMBUGHODA,RANJITPURA,RANJITPURA,7,44
PANCHMAHAL,JAMBUGHODA,SADADA,SADADA,20,116
PANCHMAHAL,JAMBUGHODA,UCHET,UCHET,28,270
PANCHMAHAL,JAMBUGHODA,UDHAVAN,UDHAVAN,52,2299
PANCHMAHAL,JAMBUGHODA,VADEK,VADEK,7,138
PANCHMAHAL,JAMBUGHODA,VADIYA,VADIYA,6,66
PANCHMAHAL,JAMBUGHODA,VAJPUR,VAJPUR,5,82
PANCHMAHAL,JAMBUGHODA,VAV,VAV,27,243
PANCHMAHAL,JAMBUGHODA,ZARVA,ZARVA,13,116
PANCHMAHAL,KADANA,AGARWADA,AGARWADA,7,192
PANCHMAHAL,KADANA,AMBOJA,AMBOJA,6,133
PANCHMAHAL,KADANA,AMTHANI,AMTHANI,17,431
PANCHMAHAL,KADANA,ANKALIYA,ANKALIYA,37,350
PANCHMAHAL,KADANA,ANOPPURA,ANOPPURA,5,200
PANCHMAHAL,KADANA,ANTALWADA,ANTALWADA,38,749
PANCHMAHAL,KADANA,BACHKARIA (NORTH),BACHKARIANORTH,27,490
PANCHMAHAL,KADANA,BARHMANIMUVADI(K),BARHMANIMUVADIK,1,32
PANCHMAHAL,KADANA,BHAGALIYA,BHAGALIYA,21,700
PANCHMAHAL,KADANA,BHEMANI VAVO,BHEMANIVAVO,15,166
PANCHMAHAL,KADANA,BHUKHI,BHUKHI,4,114
PANCHMAHAL,KADANA,BHUL,BHUL,2,82
PANCHMAHAL,KADANA,BOKANNALA,BOKANNALA,3,35
PANCHMAHAL,KADANA,BUCHAWADA,BUCHAWADA,12,237
PANCHMAHAL,KADANA,BUDHPUR,BUDHPUR,6,194
PANCHMAHAL,KADANA,CHANDRI,CHANDRI,1,137
PANCHMAHAL,KADANA,CHARAN NI MUVADI,CHARANNIMUVADI,3,33
PANCHMAHAL,KADANA,CHELA PAGINA MUVADA,CHELAPAGINAMUVADA,1,38
PANCHMAHAL,KADANA,CHHAJALI,CHHAJALI,1,26
PANCHMAHAL,KADANA,CHHATRAPURA,CHHATRAPURA,1,32
PANCHMAHAL,KADANA,CHOPAD DEVI,CHOPADDEVI,3,41
PANCHMAHAL,KADANA,DADHALIYA,DADHALIYA,4,212
PANCHMAHAL,KADANA,DADUNI MUVADI,DADUNIMUVADI,2,33
PANCHMAHAL,KADANA,DAHYAPUR,DAHYAPUR,4,74
PANCHMAHAL,KADANA,DHANSURA,DHANSURA,1,86
PANCHMAHAL,KADANA,DHINGALWADA,DHINGALWADA,14,221
PANCHMAHAL,KADANA,DHODHARIYA,DHODHARIYA,1,59
PANCHMAHAL,KADANA,DHUNIYA,DHUNIYA,1,278
PANCHMAHAL,KADANA,DITVAS,DITVAS,44,575
PANCHMAHAL,KADANA,DIVADA,DIVADA,11,120
PANCHMAHAL,KADANA,DODAWADA,DODAWADA,11,101
PANCHMAHAL,KADANA,DODIYA (MATH),DODIYAMATH,10,95
PANCHMAHAL,KADANA,DOLATPURA,DOLATPURA,2,55
PANCHMAHAL,KADANA,GARENIYA,GARENIYA,12,52
PANCHMAHAL,KADANA,GHANTA VADIYA,GHANTAVADIYA,8,152
PANCHMAHAL,KADANA,GHANTAWADA,GHANTAWADA,2,201
PANCHMAHAL,KADANA,GHODHANI MUVADI,GHODHANIMUVADI,7,62
PANCHMAHAL,KADANA,GHODIYAR,GHODIYAR,6,275
PANCHMAHAL,KADANA,GODHAR (NORTH),GODHARNORTH,8,233
PANCHMAHAL,KADANA,GOLANPUR,GOLANPUR,3,177
PANCHMAHAL,KADANA,GORIYANA MUVADA,GORIYANAMUVADA,2,149
PANCHMAHAL,KADANA,HATHI RANANI MUVADI,HATHIRANANIMUVADI,1,13
PANCHMAHAL,KADANA,JAGUNA MUVADA,JAGUNAMUVADA,3,123
PANCHMAHAL,KADANA,JAMBUNALA,JAMBUNALA,5,28
PANCHMAHAL,KADANA,JOGAN JETPUR,JOGANJETPUR,5,29
PANCHMAHAL,KADANA,KADANA,KADANA,10,92
PANCHMAHAL,KADANA,KADVA BARIYANI MUVAD,KADVABARIYANIMUVAD,2,19
PANCHMAHAL,KADANA,KAJLI,KAJLI,6,196
PANCHMAHAL,KADANA,KAKRI MAHUDI,KAKRIMAHUDI,2,131
PANCHMAHAL,KADANA,KALIYARI,KALIYARI,2,85
PANCHMAHAL,KADANA,KANAVADA,KANAVADA,1,335
PANCHMAHAL,KADANA,KARVAI,KARVAI,14,974
PANCHMAHAL,KADANA,KELAMUL,KELAMUL,3,199
PANCHMAHAL,KADANA,KHARAWADA,KHARAWADA,5,303
PANCHMAHAL,KADANA,KHAROD,KHAROD,1,55
PANCHMAHAL,KADANA,KHATVA,KHATVA,10,148
PANCHMAHAL,KADANA,KOTAL,KOTAL,1,159
PANCHMAHAL,KADANA,KURENTA,KURENTA,10,226
PANCHMAHAL,KADANA,LADPUR,LADPUR,6,332
PANCHMAHAL,KADANA,LADU DAMORNA VANTA,LADUDAMORNAVANTA,14,75
PANCHMAHAL,KADANA,LAPANIYA,LAPANIYA,3,159
PANCHMAHAL,KADANA,LEMBANI VAV,LEMBANIVAV,9,142
PANCHMAHAL,KADANA,LIMBHOLA,LIMBHOLA,14,650
PANCHMAHAL,KADANA,LIMPUR,LIMPUR,15,189
PANCHMAHAL,KADANA,LUHARNA MUVADA,LUHARNAMUVADA,3,217
PANCHMAHAL,KADANA,MACHHINA NADHARA,MACHHINANADHARA,7,281
PANCHMAHAL,KADANA,MAHAPUR,MAHAPUR,10,445
PANCHMAHAL,KADANA,MAL,MAL,5,373
PANCHMAHAL,KADANA,MALVAN,MALVAN,7,808
PANCHMAHAL,KADANA,MANKUDI,MANKUDI,2,97
PANCHMAHAL,KADANA,MARUVADA,MARUVADA,7,294
PANCHMAHAL,KADANA,MATH (DODIYA),MATHDODIYA,7,54
PANCHMAHAL,KADANA,MATH (KOTAL ),MATHKOTAL,1,59
PANCHMAHAL,KADANA,MOTA DHAROLA,MOTADHAROLA,18,179
PANCHMAHAL,KADANA,MOTA MACHHIWADA,MOTAMACHHIWADA,4,128
PANCHMAHAL,KADANA,MOTA MIRAPUR,MOTAMIRAPUR,13,560
PANCHMAHAL,KADANA,MOTA PADADARA,MOTAPADADARA,1,75
PANCHMAHAL,KADANA,MOTA RAJANPUR,MOTARAJANPUR,4,256
PANCHMAHAL,KADANA,MOTA SAGVADIYA,MOTASAGVADIYA,1,87
PANCHMAHAL,KADANA,MOTI RATH,MOTIRATH,19,1548
PANCHMAHAL,KADANA,MOTI VARETH,MOTIVARETH,1,48
PANCHMAHAL,KADANA,MUVALABID,MUVALABID,5,74
PANCHMAHAL,KADANA,NANA DHAROLA,NANADHAROLA,14,1101
PANCHMAHAL,KADANA,NANA MACHHIWADA,NANAMACHHIWADA,4,160
PANCHMAHAL,KADANA,NANA MIRAPUR,NANAMIRAPUR,3,60
PANCHMAHAL,KADANA,NANA PADADADRA,NANAPADADADRA,2,61
PANCHMAHAL,KADANA,NANA RAJANPUR,NANARAJANPUR,3,224
PANCHMAHAL,KADANA,NANI KHARSOLI,NANIKHARSOLI,4,320
PANCHMAHAL,KADANA,NANI RATH,NANIRATH,12,207
PANCHMAHAL,KADANA,NANI VARETH,NANIVARETH,1,4
PANCHMAHAL,KADANA,NATHHUNI MUVADI,NATHHUNIMUVADI,4,56
PANCHMAHAL,KADANA,NAVA MUVADA,NAVAMUVADA,6,144
PANCHMAHAL,KADANA,NINDKA (NORTH),NINDKANORTH,11,56
PANCHMAHAL,KADANA,PACHHER,PACHHER,3,44
PANCHMAHAL,KADANA,PADHARA,PADHARA,2,90
PANCHMAHAL,KADANA,PADMAJINI MUVADI,PADMAJINIMUVADI,3,109
PANCHMAHAL,KADANA,PANIYA,PANIYA,3,61
PANCHMAHAL,KADANA,PANKHAN,PANKHAN,1,194
PANCHMAHAL,KADANA,PARVATPURA,PARVATPURA,5,79
PANCHMAHAL,KADANA,RANAKPUR,RANAKPUR,15,267
PANCHMAHAL,KADANA,RANKAKOT,RANKAKOT,4,38
PANCHMAHAL,KADANA,RELVA,RELVA,1,21
PANCHMAHAL,KADANA,RINGANIYA,RINGANIYA,6,169
PANCHMAHAL,KADANA,ROYANIYA,ROYANIYA,5,174
PANCHMAHAL,KADANA,RUGNATHPURA,RUGNATHPURA,2,3
PANCHMAHAL,KADANA,SALIYA BID,SALIYABID,16,128
PANCHMAHAL,KADANA,SALIYA MUVADI,SALIYAMUVADI,2,64
PANCHMAHAL,KADANA,SAMATWADA,SAMATWADA,6,222
PANCHMAHAL,KADANA,SANGHRI,SANGHRI,23,358
PANCHMAHAL,KADANA,SARASVA (NORTH)),SARASVANORTH,7,444
PANCHMAHAL,KADANA,SARSADI,SARSADI,6,251
PANCHMAHAL,KADANA,SHIYAL,SHIYAL,5,455
PANCHMAHAL,KADANA,TANTROLI,TANTROLI,19,241
PANCHMAHAL,KADANA,TARKONI NAL,TARKONINAL,1,92
PANCHMAHAL,KADANA,THAKORNA NANDHRA,THAKORNANANDHRA,3,459
PANCHMAHAL,KADANA,UMARIYA,UMARIYA,1,94
PANCHMAHAL,KADANA,VACHHALAWADA,VACHHALAWADA,2,19
PANCHMAHAL,KADANA,VADAZAMPA,VADAZAMPA,5,893
PANCHMAHAL,KADANA,VAGH DUNGARI,VAGHDUNGARI,7,112
PANCHMAHAL,KADANA,VAGHOTIYA,VAGHOTIYA,1,25
PANCHMAHAL,KADANA,VARSADA,VARSADA,1,19
PANCHMAHAL,KADANA,ZALASANG,ZALASANG,3,395
PANCHMAHAL,KADANA,ZENZVA,ZENZVA,27,374
PANCHMAHAL,KALOL,ADADRA,ADADRA,77,928
PANCHMAHAL,KALOL,ALALI,ALALI,22,964
PANCHMAHAL,KALOL,ALINDRA,ALINDRA,32,249
PANCHMAHAL,KALOL,ALVA,ALVA,23,824
PANCHMAHAL,KALOL,AMBALA,AMBALA,9,112
PANCHMAHAL,KALOL,BAKROL,BAKROL,48,2187
PANCHMAHAL,KALOL,BALETIA,BALETIA,3,51
PANCHMAHAL,KALOL,BAROLA,BAROLA,10,410
PANCHMAHAL,KALOL,BEDHIYA,BEDHIYA,27,1482
PANCHMAHAL,KALOL,BHADROLI (BUJARG),BHADROLIBUJARG,16,443
PANCHMAHAL,KALOL,BHADROLI KHURD,BHADROLIKHURD,13,431
PANCHMAHAL,KALOL,BHELIDRA,BHELIDRA,13,193
PANCHMAHAL,KALOL,BHUKHI,BHUKHI,19,355
PANCHMAHAL,KALOL,BODIDRA,BODIDRA,35,443
PANCHMAHAL,KALOL,BORU,BORU,17,353
PANCHMAHAL,KALOL,CHALALI,CHALALI,11,708
PANCHMAHAL,KALOL,CHIMANAPURA,CHIMANAPURA,15,142
PANCHMAHAL,KALOL,CHORADUNGRI,CHORADUNGRI,2,124
PANCHMAHAL,KALOL,DELOL,DELOL,99,1094
PANCHMAHAL,KALOL,DEROL,DEROL,78,697
PANCHMAHAL,KALOL,DEROL STATION,DEROLSTATION,8,38
PANCHMAHAL,KALOL,DEVPURA,DEVPURA,10,365
PANCHMAHAL,KALOL,ERAL,ERAL,30,581
PANCHMAHAL,KALOL,FANSI,FANSI,2,51
PANCHMAHAL,KALOL,GHODA,GHODA,14,42
PANCHMAHAL,KALOL,GHUSAR,GHUSAR,45,393
PANCHMAHAL,KALOL,JANTRAL,JANTRAL,41,701
PANCHMAHAL,KALOL,JELI,JELI,20,404
PANCHMAHAL,KALOL,JETPUR,JETPUR,27,392
PANCHMAHAL,KALOL,KALANTRA,KALANTRA,2,125
PANCHMAHAL,KALOL,KANDACH (INAMI ),KANDACHINAMI,23,899
PANCHMAHAL,KALOL,KANETIYA,KANETIYA,19,1856
PANCHMAHAL,KALOL,KANOD,KANOD,24,704
PANCHMAHAL,KALOL,KARADA,KARADA,23,426
PANCHMAHAL,KALOL,KAROLI,KAROLI,17,432
PANCHMAHAL,KALOL,KATOL,KATOL,23,361
PANCHMAHAL,KALOL,KHADKI,KHADKI,18,537
PANCHMAHAL,KALOL,KHANDEVAL,KHANDEVAL,14,117
PANCHMAHAL,KALOL,KHANDOLI,KHANDOLI,38,987
PANCHMAHAL,KALOL,KHARASALIYA,KHARASALIYA,31,494
PANCHMAHAL,KALOL,MADHVAS,MADHVAS,75,590
PANCHMAHAL,KALOL,MALAV,MALAV,31,2306
PANCHMAHAL,KALOL,MEDAPUR,MEDAPUR,12,291
PANCHMAHAL,KALOL,MOKAL,MOKAL,17,369
PANCHMAHAL,KALOL,NANDARKHA,NANDARKHA,16,314
PANCHMAHAL,KALOL,NARANPURA,NARANPURA,20,223
PANCHMAHAL,KALOL,NAVAGAM,NAVAGAM,17,71
PANCHMAHAL,KALOL,NESDA,NESDA,15,471
PANCHMAHAL,KALOL,NEVERIYA,NEVERIYA,36,310
PANCHMAHAL,KALOL,PALASA,PALASA,19,225
PANCHMAHAL,KALOL,PARUNA,PARUNA,10,193
PANCHMAHAL,KALOL,PINGALI,PINGALI,21,1261
PANCHMAHAL,KALOL,RABOD,RABOD,8,1254
PANCHMAHAL,KALOL,RATANPURA,RATANPURA,16,469
PANCHMAHAL,KALOL,RINCHHIA,RINCHHIA,12,122
PANCHMAHAL,KALOL,ROYAN,ROYAN,1,140
PANCHMAHAL,KALOL,SALIYAV,SALIYAV,2,498
PANCHMAHAL,KALOL,SAMA,SAMA,34,381
PANCHMAHAL,KALOL,SAMALDEVI,SAMALDEVI,24,736
PANCHMAHAL,KALOL,SANSOLI,SANSOLI,48,483
PANCHMAHAL,KALOL,SATAMANA,SATAMANA,56,575
PANCHMAHAL,KALOL,SURELI,SURELI,35,1510
PANCHMAHAL,KALOL,UTREDIA,UTREDIA,4,176
PANCHMAHAL,KALOL,VARVADA,VARVADA,17,252
PANCHMAHAL,KALOL,VEJALPUR,VEJALPUR,79,715
PANCHMAHAL,KALOL,VYASDA,VYASDA,50,635
PANCHMAHAL,KALOL,ZARDAKA,ZARDAKA,13,83
PANCHMAHAL,KALOL,ZERNA MUVADA,ZERNAMUVADA,7,86
PANCHMAHAL,KHANPUR,AKHADA NA DEGAMADA,AKHADANADEGAMADA,10,179
PANCHMAHAL,KHANPUR,BABALIYA,BABALIYA,3,40
PANCHMAHAL,KHANPUR,BADESARA,BADESARA,3,136
PANCHMAHAL,KHANPUR,BAKOR,BAKOR,18,710
PANCHMAHAL,KHANPUR,BAMRODA,BAMRODA,10,329
PANCHMAHAL,KHANPUR,BEDVALLI,BEDVALLI,10,128
PANCHMAHAL,KHANPUR,BHADROD,BHADROD,16,676
PANCHMAHAL,KHANPUR,BHANPUR,BHANPUR,3,71
PANCHMAHAL,KHANPUR,BHUVABAR,BHUVABAR,6,197
PANCHMAHAL,KHANPUR,BORVAI,BORVAI,17,1133
PANCHMAHAL,KHANPUR,CHANI,CHANI,10,137
PANCHMAHAL,KHANPUR,CHARAN NA DEGAMADA,CHARANNADEGAMADA,11,92
PANCHMAHAL,KHANPUR,CHHAPARI,CHHAPARI,5,106
PANCHMAHAL,KHANPUR,DALELPURA,DALELPURA,1,114
PANCHMAHAL,KHANPUR,DHOKALI,DHOKALI,2,33
PANCHMAHAL,KHANPUR,DHOLKHAKHARA,DHOLKHAKHARA,17,606
PANCHMAHAL,KHANPUR,DHULETA,DHULETA,5,191
PANCHMAHAL,KHANPUR,DODAVANTA,DODAVANTA,5,45
PANCHMAHAL,KHANPUR,DOLARIYA,DOLARIYA,11,179
PANCHMAHAL,KHANPUR,DOLATPURA,DOLATPURA,9,94
PANCHMAHAL,KHANPUR,FATAJI NA BHEWADA,FATAJINABHEWADA,9,70
PANCHMAHAL,KHANPUR,GHODIYARPUR,GHODIYARPUR,3,17
PANCHMAHAL,KHANPUR,GHOGHAVADA,GHOGHAVADA,6,238
PANCHMAHAL,KHANPUR,ISRODA,ISRODA,13,333
PANCHMAHAL,KHANPUR,JALKUKADI,JALKUKADI,3,117
PANCHMAHAL,KHANPUR,JETHOLA,JETHOLA,2,18
PANCHMAHAL,KHANPUR,KALAKHETARA,KALAKHETARA,2,114
PANCHMAHAL,KHANPUR,KANESAR,KANESAR,6,653
PANCHMAHAL,KHANPUR,KANKARIMAHUDI,KANKARIMAHUDI,2,23
PANCHMAHAL,KHANPUR,KANOD,KANOD,7,168
PANCHMAHAL,KHANPUR,KARANTA,KARANTA,6,353
PANCHMAHAL,KHANPUR,KASLAVATI,KASLAVATI,3,59
PANCHMAHAL,KHANPUR,KHADODI,KHADODI,6,239
PANCHMAHAL,KHANPUR,KHATUDAMORNIMUVADI,KHATUDAMORNIMUVADI,8,182
PANCHMAHAL,KHANPUR,KHUTELAV,KHUTELAV,9,2293
PANCHMAHAL,KHANPUR,KOLAMBI,KOLAMBI,5,91
PANCHMAHAL,KHANPUR,KORVAI,KORVAI,3,19
PANCHMAHAL,KHANPUR,LADAN NA MUVALA,LADANNAMUVALA,10,168
PANCHMAHAL,KHANPUR,LAMBHO,LAMBHO,18,285
PANCHMAHAL,KHANPUR,LAVANA,LAVANA,23,178
PANCHMAHAL,KHANPUR,LIMADIYA,LIMADIYA,20,470
PANCHMAHAL,KHANPUR,LIMDI TIMBA,LIMDITIMBA,14,225
PANCHMAHAL,KHANPUR,MADAPUR,MADAPUR,7,19
PANCHMAHAL,KHANPUR,MAIYAPUR,MAIYAPUR,2,106
PANCHMAHAL,KHANPUR,MASADARA,MASADARA,2,52
PANCHMAHAL,KHANPUR,MASIYA,MASIYA,4,33
PANCHMAHAL,KHANPUR,MENA,MENA,23,388
PANCHMAHAL,KHANPUR,MOKAMSINH NA BHEVADA,MOKAMSINHNABHEVADA,3,75
PANCHMAHAL,KHANPUR,MORKHAKHARA,MORKHAKHARA,9,56
PANCHMAHAL,KHANPUR,MOTA KHANPUR,MOTAKHANPUR,22,369
PANCHMAHAL,KHANPUR,MOTIPURA,MOTIPURA,4,23
PANCHMAHAL,KHANPUR,MUDAVADEKH,MUDAVADEKH,6,277
PANCHMAHAL,KHANPUR,NANA KHANPUR,NANAKHANPUR,5,123
PANCHMAHAL,KHANPUR,NARODA,NARODA,17,756
PANCHMAHAL,KHANPUR,NAVAGAM,NAVAGAM,12,382
PANCHMAHAL,KHANPUR,NESADA,NESADA,11,120
PANCHMAHAL,KHANPUR,PADEDI (K),PADEDIK,6,134
PANCHMAHAL,KHANPUR,PANDARWADA,PANDARWADA,8,1407
PANCHMAHAL,KHANPUR,PANDYA NA MUVALA,PANDYANAMUVALA,3,43
PANCHMAHAL,KHANPUR,PATAPUR (KHAN),PATAPURKHAN,9,25
PANCHMAHAL,KHANPUR,PATAPUR(PADEDI),PATAPURPADEDI,3,7
PANCHMAHAL,KHANPUR,PUNJELAV,PUNJELAV,6,421
PANCHMAHAL,KHANPUR,RAHEMAN,RAHEMAN,7,147
PANCHMAHAL,KHANPUR,RUZADA,RUZADA,3,49
PANCHMAHAL,KHANPUR,SAMPARIYA,SAMPARIYA,6,215
PANCHMAHAL,KHANPUR,SIMALNADA,SIMALNADA,2,23
PANCHMAHAL,KHANPUR,TALAPAT NA BHEVADA,TALAPATNABHEVADA,4,35
PANCHMAHAL,KHANPUR,TANK NA BHEWADA,TANKNABHEWADA,5,34
PANCHMAHAL,KHANPUR,TEJAKUI,TEJAKUI,5,23
PANCHMAHAL,KHANPUR,TRAKDI,TRAKDI,4,36
PANCHMAHAL,KHANPUR,UDAVA,UDAVA,10,102
PANCHMAHAL,KHANPUR,UMARIYA,UMARIYA,5,30
PANCHMAHAL,KHANPUR,VADAGAM,VADAGAM,25,723
PANCHMAHAL,KHANPUR,VADHELA,VADHELA,6,60
PANCHMAHAL,KHANPUR,VANDERVED,VANDERVED,13,131
PANCHMAHAL,KHANPUR,VANKA,VANKA,4,81
PANCHMAHAL,KHANPUR,VASTA NA MUVALA,VASTANAMUVALA,9,185
PANCHMAHAL,KHANPUR,VAVIYA,VAVIYA,4,66
PANCHMAHAL,KHANPUR,VAVKUVA,VAVKUVA,3,681
PANCHMAHAL,KHANPUR,VAVYO,VAVYO,3,113
PANCHMAHAL,KHANPUR,ZER,ZER,3,52
PANCHMAHAL,LUNAWADA,AGARWADA,AGARWADA,12,213
PANCHMAHAL,LUNAWADA,AMBALIMUVADA,AMBALIMUVADA,1,70
PANCHMAHAL,LUNAWADA,ANKALAVA,ANKALAVA,9,401
PANCHMAHAL,LUNAWADA,ARITHA,ARITHA,13,241
PANCHMAHAL,LUNAWADA,ARITHI,ARITHI,6,101
PANCHMAHAL,LUNAWADA,BAMANWAD,BAMANWAD,4,209
PANCHMAHAL,LUNAWADA,BAROTNA MUWADA,BAROTNAMUWADA,1,81
PANCHMAHAL,LUNAWADA,BEDHIYA,BEDHIYA,2,49
PANCHMAHAL,LUNAWADA,BHADAKHA,BHADAKHA,3,36
PANCHMAHAL,LUNAWADA,BHALADA,BHALADA,17,641
PANCHMAHAL,LUNAWADA,BHAMARA,BHAMARA,4,297
PANCHMAHAL,LUNAWADA,BHANPURA,BHANPURA,2,49
PANCHMAHAL,LUNAWADA,BHARTHAJINI MUWADI,BHARTHAJINIMUWADI,1,24
PANCHMAHAL,LUNAWADA,BHATPURA,BHATPURA,8,45
PANCHMAHAL,LUNAWADA,BHAYASAR,BHAYASAR,14,234
PANCHMAHAL,LUNAWADA,BHIMPURA,BHIMPURA,6,151
PANCHMAHAL,LUNAWADA,BHOJA,BHOJA,14,343
PANCHMAHAL,LUNAWADA,BHULAKHANTNI MUWADI,BHULAKHANTNIMUWADI,2,20
PANCHMAHAL,LUNAWADA,BHUVAL,BHUVAL,2,54
PANCHMAHAL,LUNAWADA,BUDHABHAINA CHHAPORA,BUDHABHAINACHHAPORA,12,128
PANCHMAHAL,LUNAWADA,CHAMPELI,CHAMPELI,32,290
PANCHMAHAL,LUNAWADA,CHANDPUR,CHANDPUR,3,289
PANCHMAHAL,LUNAWADA,CHANSAR,CHANSAR,1,126
PANCHMAHAL,LUNAWADA,CHAPARIYA,CHAPARIYA,13,88
PANCHMAHAL,LUNAWADA,CHARAN NA BHESAWADA,CHARANNABHESAWADA,1,54
PANCHMAHAL,LUNAWADA,CHARANGAM (N),CHARANGAMN,5,230
PANCHMAHAL,LUNAWADA,CHARANGAM (SA),CHARANGAMSA,26,367
PANCHMAHAL,LUNAWADA,CHATKABELI,CHATKABELI,6,198
PANCHMAHAL,LUNAWADA,CHAUHAN NA MUWADA,CHAUHANNAMUWADA,1,58
PANCHMAHAL,LUNAWADA,CHAVADIYA,CHAVADIYA,5,136
PANCHMAHAL,LUNAWADA,CHAVDA NA MUWADA,CHAVDANAMUWADA,1,23
PANCHMAHAL,LUNAWADA,CHAVDIBAI NA MUWADA,CHAVDIBAINAMUWADA,4,214
PANCHMAHAL,LUNAWADA,CHHALABARIYANAMUWADA,CHHALABARIYANAMUWADA,4,27
PANCHMAHAL,LUNAWADA,CHHAPARI (VARDHARI),CHHAPARIVARDHARI,2,48
PANCHMAHAL,LUNAWADA,CHHAPARI MUVADA,CHHAPARIMUVADA,2,116
PANCHMAHAL,LUNAWADA,CHOPADA,CHOPADA,16,74
PANCHMAHAL,LUNAWADA,CHORI,CHORI,4,152
PANCHMAHAL,LUNAWADA,CHUVAN NA MUWADA,CHUVANNAMUWADA,6,72
PANCHMAHAL,LUNAWADA,DALUKHADIYA,DALUKHADIYA,9,110
PANCHMAHAL,LUNAWADA,DALVAISAVALI,DALVAISAVALI,7,336
PANCHMAHAL,LUNAWADA,DANIYA,DANIYA,9,49
PANCHMAHAL,LUNAWADA,DENTA,DENTA,5,71
PANCHMAHAL,LUNAWADA,DHAMANIYA,DHAMANIYA,9,283
PANCHMAHAL,LUNAWADA,DHAMOD,DHAMOD,10,231
PANCHMAHAL,LUNAWADA,DHESIYA,DHESIYA,6,261
PANCHMAHAL,LUNAWADA,DHOLI,DHOLI,11,101
PANCHMAHAL,LUNAWADA,DOKELAV,DOKELAV,14,1267
PANCHMAHAL,LUNAWADA,DOKELIYA NI MUWADI,DOKELIYANIMUWADI,2,35
PANCHMAHAL,LUNAWADA,DOLATPURA,DOLATPURA,4,111
PANCHMAHAL,LUNAWADA,ERANDA NA MUWADA,ERANDANAMUWADA,2,18
PANCHMAHAL,LUNAWADA,FATAJI NA GORADA,FATAJINAGORADA,3,46
PANCHMAHAL,LUNAWADA,FATEPURA,FATEPURA,5,89
PANCHMAHAL,LUNAWADA,GADH,GADH,6,39
PANCHMAHAL,LUNAWADA,GADHANPUR,GADHANPUR,9,122
PANCHMAHAL,LUNAWADA,GADHAVI NA GORADA,GADHAVINAGORADA,2,6
PANCHMAHAL,LUNAWADA,GARIYA,GARIYA,1,182
PANCHMAHAL,LUNAWADA,GENGADIYA,GENGADIYA,2,37
PANCHMAHAL,LUNAWADA,GHANTAV,GHANTAV,1,54
PANCHMAHAL,LUNAWADA,GHANTIYADA,GHANTIYADA,11,135
PANCHMAHAL,LUNAWADA,GHODARIYA,GHODARIYA,3,43
PANCHMAHAL,LUNAWADA,GOD NA MUVADA,GODNAMUVADA,7,225
PANCHMAHAL,LUNAWADA,GOHIL NA MUWADA,GOHILNAMUWADA,4,56
PANCHMAHAL,LUNAWADA,GOLA NA PALLA,GOLANAPALLA,17,226
PANCHMAHAL,LUNAWADA,GOVINDPURA,GOVINDPURA,5,35
PANCHMAHAL,LUNAWADA,GUGALIYA,GUGALIYA,6,48
PANCHMAHAL,LUNAWADA,GUGATA,GUGATA,2,8
PANCHMAHAL,LUNAWADA,GUVALIYA,GUVALIYA,2,63
PANCHMAHAL,LUNAWADA,HADA NA MUWADA,HADANAMUWADA,10,38
PANCHMAHAL,LUNAWADA,HADMATIYA (KO),HADMATIYAKO,2,603
PANCHMAHAL,LUNAWADA,HADMATIYA (M),HADMATIYAM,3,85
PANCHMAHAL,LUNAWADA,HADOD,HADOD,10,395
PANCHMAHAL,LUNAWADA,HANSELIYA,HANSELIYA,8,81
PANCHMAHAL,LUNAWADA,HARDASPUR,HARDASPUR,13,165
PANCHMAHAL,LUNAWADA,HARIPURA,HARIPURA,4,87
PANCHMAHAL,LUNAWADA,HATHIVAN,HATHIVAN,10,1149
PANCHMAHAL,LUNAWADA,HELKALEDI,HELKALEDI,4,35
PANCHMAHAL,LUNAWADA,HONDOLIYA,HONDOLIYA,19,344
PANCHMAHAL,LUNAWADA,JAGAPAGI NA MUWADA,JAGAPAGINAMUWADA,1,26
PANCHMAHAL,LUNAWADA,JAMA NA MUWADA,JAMANAMUWADA,3,81
PANCHMAHAL,LUNAWADA,JESHOLA,JESHOLA,2,101
PANCHMAHAL,LUNAWADA,JETHARIBOR,JETHARIBOR,6,53
PANCHMAHAL,LUNAWADA,JITPUR,JITPUR,1,102
PANCHMAHAL,LUNAWADA,JIVANAJI NA CHHAPORA,JIVANAJINACHHAPORA,8,263
PANCHMAHAL,LUNAWADA,JOKHA,JOKHA,8,11
PANCHMAHAL,LUNAWADA,JOSHIYO NA MUWADA,JOSHIYONAMUWADA,1,38
PANCHMAHAL,LUNAWADA,JUFRALI,JUFRALI,3,76
PANCHMAHAL,LUNAWADA,JUNA GORADA,JUNAGORADA,16,146
PANCHMAHAL,LUNAWADA,JUNA MUVADA,JUNAMUVADA,1,33
PANCHMAHAL,LUNAWADA,JUNI SHINGNALI,JUNISHINGNALI,6,30
PANCHMAHAL,LUNAWADA,KACHHORIYA NA MUWADA,KACHHORIYANAMUWADA,2,122
PANCHMAHAL,LUNAWADA,KADACHHALA,KADACHHALA,48,712
PANCHMAHAL,LUNAWADA,KAKA NA BHESAWADA,KAKANABHESAWADA,1,298
PANCHMAHAL,LUNAWADA,KAKA NA CHAMARIYA,KAKANACHAMARIYA,5,142
PANCHMAHAL,LUNAWADA,KAKACHIYA,KAKACHIYA,11,324
PANCHMAHAL,LUNAWADA,KALYANPURA,KALYANPURA,10,124
PANCHMAHAL,LUNAWADA,KAMALPUR,KAMALPUR,4,25
PANCHMAHAL,LUNAWADA,KANELA,KANELA,10,169
PANCHMAHAL,LUNAWADA,KANJAV,KANJAV,6,159
PANCHMAHAL,LUNAWADA,KANKALIYA,KANKALIYA,4,81
PANCHMAHAL,LUNAWADA,KANTAR,KANTAR,4,80
PANCHMAHAL,LUNAWADA,KARANABARIYANAMUWADA,KARANABARIYANAMUWADA,1,66
PANCHMAHAL,LUNAWADA,KASLAL,KASLAL,25,652
PANCHMAHAL,LUNAWADA,KAUCHIYA,KAUCHIYA,20,244
PANCHMAHAL,LUNAWADA,KEL,KEL,5,102
PANCHMAHAL,LUNAWADA,KHALASPUR,KHALASPUR,10,154
PANCHMAHAL,LUNAWADA,KHANT NA BHESAWADA,KHANTNABHESAWADA,5,438
PANCHMAHAL,LUNAWADA,KHANT NA MUWADA,KHANTNAMUWADA,6,68
PANCHMAHAL,LUNAWADA,KHAROL,KHAROL,3,569
PANCHMAHAL,LUNAWADA,KHEMPUR,KHEMPUR,6,377
PANCHMAHAL,LUNAWADA,KHODAAMBA,KHODAAMBA,1,91
PANCHMAHAL,LUNAWADA,KHUNDHI,KHUNDHI,2,29
PANCHMAHAL,LUNAWADA,KIDIYA,KIDIYA,5,178
PANCHMAHAL,LUNAWADA,KOLIYA NI MUWADI,KOLIYANIMUWADI,3,28
PANCHMAHAL,LUNAWADA,KOLVAN,KOLVAN,4,296
PANCHMAHAL,LUNAWADA,KOTHAMBA,KOTHAMBA,12,1208
PANCHMAHAL,LUNAWADA,KOTHAMBA PALLA,KOTHAMBAPALLA,26,361
PANCHMAHAL,LUNAWADA,LADVEL,LADVEL,12,1706
PANCHMAHAL,LUNAWADA,LAKADIPOYADA,LAKADIPOYADA,15,478
PANCHMAHAL,LUNAWADA,LALSAR,LALSAR,21,310
PANCHMAHAL,LUNAWADA,LIMBODRA,LIMBODRA,15,392
PANCHMAHAL,LUNAWADA,MADHAWAS,MADHAWAS,24,603
PANCHMAHAL,LUNAWADA,MAHUDIYA,MAHUDIYA,4,43
PANCHMAHAL,LUNAWADA,MAKHALIYA,MAKHALIYA,20,225
PANCHMAHAL,LUNAWADA,MALEKPUR,MALEKPUR,6,326
PANCHMAHAL,LUNAWADA,MALIYA,MALIYA,11,1032
PANCHMAHAL,LUNAWADA,MALIYA NA MUWADA,MALIYANAMUWADA,8,101
PANCHMAHAL,LUNAWADA,MANAJI NA MUWADA,MANAJINAMUWADA,1,11
PANCHMAHAL,LUNAWADA,MEDAJI NA MUWADA,MEDAJINAMUWADA,1,37
PANCHMAHAL,LUNAWADA,META NA CHAKALIYA,METANACHAKALIYA,14,448
PANCHMAHAL,LUNAWADA,MOCHIVADIYA,MOCHIVADIYA,8,213
PANCHMAHAL,LUNAWADA,MORAI,MORAI,5,111
PANCHMAHAL,LUNAWADA,MORMAHUDI,MORMAHUDI,6,68
PANCHMAHAL,LUNAWADA,MOTA DOKVA,MOTADOKVA,1,100
PANCHMAHAL,LUNAWADA,MOTA SONELA,MOTASONELA,65,294
PANCHMAHAL,LUNAWADA,MOTA VADADALA,MOTAVADADALA,2,222
PANCHMAHAL,LUNAWADA,MOTA VADODAR,MOTAVADODAR,1,121
PANCHMAHAL,LUNAWADA,MOTI CHAREL,MOTICHAREL,1,279
PANCHMAHAL,LUNAWADA,MOTI DENAWADA,MOTIDENAWADA,7,164
PANCHMAHAL,LUNAWADA,MOTI PALLI,MOTIPALLI,18,122
PANCHMAHAL,LUNAWADA,MOTI ZANZARI,MOTIZANZARI,6,344
PANCHMAHAL,LUNAWADA,MOTIGHODA,MOTIGHODA,8,107
PANCHMAHAL,LUNAWADA,MOTIPURA (VARDHARI),MOTIPURAVARDHARI,1,20
PANCHMAHAL,LUNAWADA,NAL NA MUWADA,NALNAMUWADA,1,31
PANCHMAHAL,LUNAWADA,NAMNAR,NAMNAR,3,1208
PANCHMAHAL,LUNAWADA,NANA DAVE NA MUVADA,NANADAVENAMUVADA,3,60
PANCHMAHAL,LUNAWADA,NANA DOKVA,NANADOKVA,2,56
PANCHMAHAL,LUNAWADA,NANA SONELA,NANASONELA,22,355
PANCHMAHAL,LUNAWADA,NANA VADADLA,NANAVADADLA,2,90
PANCHMAHAL,LUNAWADA,NANA VADODAR,NANAVADODAR,1,19
PANCHMAHAL,LUNAWADA,NANI CHAREL,NANICHAREL,3,47
PANCHMAHAL,LUNAWADA,NANI DENAWAD,NANIDENAWAD,6,284
PANCHMAHAL,LUNAWADA,NANI ZANZARI,NANIZANZARI,4,127
PANCHMAHAL,LUNAWADA,NAPANIYA,NAPANIYA,1,33
PANCHMAHAL,LUNAWADA,NAVA MUWAVA,NAVAMUWAVA,11,126
PANCHMAHAL,LUNAWADA,NAVAGAM (M),NAVAGAMM,25,157
PANCHMAHAL,LUNAWADA,NAVI SHINGNALI,NAVISHINGNALI,5,92
PANCHMAHAL,LUNAWADA,NNANI PALLI,NNANIPALLI,39,1371
PANCHMAHAL,LUNAWADA,PADEDI (RAMPUR),PADEDIRAMPUR,10,227
PANCHMAHAL,LUNAWADA,PAGIWAD,PAGIWAD,2,59
PANCHMAHAL,LUNAWADA,PANAMPALLA,PANAMPALLA,5,187
PANCHMAHAL,LUNAWADA,PANCH MAHUDI,PANCHMAHUDI,1,119
PANCHMAHAL,LUNAWADA,PANKHI,PANKHI,1,30
PANCHMAHAL,LUNAWADA,PARAMPUR,PARAMPUR,9,925
PANCHMAHAL,LUNAWADA,PATAPUR (M),PATAPURM,2,35
PANCHMAHAL,LUNAWADA,PATTAN,PATTAN,4,199
PANCHMAHAL,LUNAWADA,PAVAPUR,PAVAPUR,12,99
PANCHMAHAL,LUNAWADA,RABADIYA,RABADIYA,32,462
PANCHMAHAL,LUNAWADA,RAJGADH,RAJGADH,11,202
PANCHMAHAL,LUNAWADA,RAMAVATA,RAMAVATA,2,78
PANCHMAHAL,LUNAWADA,RAMBARIYA NA MUWADA,RAMBARIYANAMUWADA,3,40
PANCHMAHAL,LUNAWADA,RAMPATEL NA MUWADA,RAMPATELNAMUWADA,9,253
PANCHMAHAL,LUNAWADA,RAMPUR (PADEDI),RAMPURPADEDI,3,107
PANCHMAHAL,LUNAWADA,RANPUR,RANPUR,4,261
PANCHMAHAL,LUNAWADA,SABALPUR,SABALPUR,1,78
PANCHMAHAL,LUNAWADA,SADA,SADA,10,44
PANCHMAHAL,LUNAWADA,SADHAKPUR,SADHAKPUR,5,100
PANCHMAHAL,LUNAWADA,SAGANA MUWADA,SAGANAMUWADA,1,100
PANCHMAHAL,LUNAWADA,SAJJANPUR,SAJJANPUR,8,63
PANCHMAHAL,LUNAWADA,SALAWADA,SALAWADA,12,163
PANCHMAHAL,LUNAWADA,SALERA,SALERA,1,113
PANCHMAHAL,LUNAWADA,SARGAVA MAHUDI,SARGAVAMAHUDI,10,99
PANCHMAHAL,LUNAWADA,SARKARI CHAMARIYA,SARKARICHAMARIYA,7,683
PANCHMAHAL,LUNAWADA,SAT TALAV,SATTALAV,5,122
PANCHMAHAL,LUNAWADA,SAVARA NA MUWADA,SAVARANAMUWADA,1,52
PANCHMAHAL,LUNAWADA,SAVDAS NA MUWADA,SAVDASNAMUWADA,2,37
PANCHMAHAL,LUNAWADA,SAVDAS NI MUWADI,SAVDASNIMUWADI,6,123
PANCHMAHAL,LUNAWADA,SEMARANAMUWADA(HAVEL,SEMARANAMUWADAHAVEL,1,50
PANCHMAHAL,LUNAWADA,SEMARANAMUWADA(VARDH,SEMARANAMUWADAVARDH,2,34
PANCHMAHAL,LUNAWADA,SENADARIYA GORADA,SENADARIYAGORADA,4,199
PANCHMAHAL,LUNAWADA,SEVALIYA,SEVALIYA,1,33
PANCHMAHAL,LUNAWADA,SHAMANA,SHAMANA,20,250
PANCHMAHAL,LUNAWADA,SHERO,SHERO,8,136
PANCHMAHAL,LUNAWADA,SHIVRAJPUR,SHIVRAJPUR,2,68
PANCHMAHAL,LUNAWADA,SIMALIYA,SIMALIYA,3,144
PANCHMAHAL,LUNAWADA,SONESARIYA MATH,SONESARIYAMATH,3,35
PANCHMAHAL,LUNAWADA,SONIYA NA MUWADA,SONIYANAMUWADA,4,27
PANCHMAHAL,LUNAWADA,SUTARI,SUTARI,2,41
PANCHMAHAL,LUNAWADA,TAKTAJI NA PALLA,TAKTAJINAPALLA,11,88
PANCHMAHAL,LUNAWADA,TANACHHIYA,TANACHHIYA,3,30
PANCHMAHAL,LUNAWADA,TANKA NA MUWADA,TANKANAMUWADA,3,24
PANCHMAHAL,LUNAWADA,TARALA NA MUWADA,TARALANAMUWADA,2,85
PANCHMAHAL,LUNAWADA,TARNOCHA,TARNOCHA,10,234
PANCHMAHAL,LUNAWADA,TETOI,TETOI,7,34
PANCHMAHAL,LUNAWADA,THANA SAVALI,THANASAVALI,8,887
PANCHMAHAL,LUNAWADA,TIMBA,TIMBA,3,154
PANCHMAHAL,LUNAWADA,TOCHA NA GORADA,TOCHANAGORADA,6,157
PANCHMAHAL,LUNAWADA,UCHARPI,UCHARPI,25,348
PANCHMAHAL,LUNAWADA,UKARADI,UKARADI,2,423
PANCHMAHAL,LUNAWADA,UNADRA,UNADRA,28,1214
PANCHMAHAL,LUNAWADA,UTADI,UTADI,12,154
PANCHMAHAL,LUNAWADA,VADI,VADI,8,64
PANCHMAHAL,LUNAWADA,VADI NA GORADA,VADINAGORADA,6,179
PANCHMAHAL,LUNAWADA,VADI UDAFA,VADIUDAFA,3,22
PANCHMAHAL,LUNAWADA,VAGHAJIBARIYANAMUWAD,VAGHAJIBARIYANAMUWAD,5,351
PANCHMAHAL,LUNAWADA,VALINATH,VALINATH,3,152
PANCHMAHAL,LUNAWADA,VANIYAWALA GORADA,VANIYAWALAGORADA,14,345
PANCHMAHAL,LUNAWADA,VANTA,VANTA,6,116
PANCHMAHAL,LUNAWADA,VANTA NA MUWADA,VANTANAMUWADA,1,17
PANCHMAHAL,LUNAWADA,VARDHARI,VARDHARI,3,499
PANCHMAHAL,LUNAWADA,VAVIYA MUWADA,VAVIYAMUWADA,6,27
PANCHMAHAL,LUNAWADA,VECHAT NA MUWADA,VECHATNAMUWADA,2,82
PANCHMAHAL,LUNAWADA,VED,VED,2,185
PANCHMAHAL,LUNAWADA,VERAMA,VERAMA,2,148
PANCHMAHAL,LUNAWADA,VIRANIYA,VIRANIYA,12,363
PANCHMAHAL,LUNAWADA,ZARA,ZARA,8,176
PANCHMAHAL,LUNAWADA,ZARAKHAWADA,ZARAKHAWADA,7,47
PANCHMAHAL,LUNAWADA,ZAYADI,ZAYADI,2,84
PANCHMAHAL,MORWA HADAF,AGARWADA,AGARWADA,79,253
PANCHMAHAL,MORWA HADAF,ALU,ALU,11,36
PANCHMAHAL,MORWA HADAF,BALUKHEDI,BALUKHEDI,13,32
PANCHMAHAL,MORWA HADAF,BAMANA,BAMANA,28,156
PANCHMAHAL,MORWA HADAF,BHANDOI,BHANDOI,55,118
PANCHMAHAL,MORWA HADAF,BHATHA,BHATHA,23,141
PANCHMAHAL,MORWA HADAF,BHUVAR,BHUVAR,11,303
PANCHMAHAL,MORWA HADAF,BILVANIYA,BILVANIYA,24,68
PANCHMAHAL,MORWA HADAF,CHANDPUR,CHANDPUR,31,163
PANCHMAHAL,MORWA HADAF,CHOPADA BUZARG,CHOPADABUZARG,15,136
PANCHMAHAL,MORWA HADAF,CHOPADA KHURD,CHOPADAKHURD,8,23
PANCHMAHAL,MORWA HADAF,DANGRIYA,DANGRIYA,40,91
PANCHMAHAL,MORWA HADAF,DELOCH,DELOCH,77,167
PANCHMAHAL,MORWA HADAF,GAJIPUR,GAJIPUR,14,129
PANCHMAHAL,MORWA HADAF,GANESH MUWADI,GANESHMUWADI,5,22
PANCHMAHAL,MORWA HADAF,HAREDA,HAREDA,19,63
PANCHMAHAL,MORWA HADAF,KADADARA,KADADARA,48,199
PANCHMAHAL,MORWA HADAF,KASANPUR,KASANPUR,42,446
PANCHMAHAL,MORWA HADAF,KELOD,KELOD,29,142
PANCHMAHAL,MORWA HADAF,KHABDA,KHABDA,47,282
PANCHMAHAL,MORWA HADAF,KHANPUR,KHANPUR,51,201
PANCHMAHAL,MORWA HADAF,KHATAVA,KHATAVA,27,83
PANCHMAHAL,MORWA HADAF,KHUDRA,KHUDRA,36,132
PANCHMAHAL,MORWA HADAF,KUWAZARA,KUWAZARA,61,272
PANCHMAHAL,MORWA HADAF,MATARIYA(VEJAMA),MATARIYAVEJAMA,77,290
PANCHMAHAL,MORWA HADAF,MATRIYAWADI,MATRIYAWADI,27,113
PANCHMAHAL,MORWA HADAF,MEKHAR,MEKHAR,26,172
PANCHMAHAL,MORWA HADAF,METRAL,METRAL,27,164
PANCHMAHAL,MORWA HADAF,MOJARI,MOJARI,69,328
PANCHMAHAL,MORWA HADAF,MORA,MORA,57,219
PANCHMAHAL,MORWA HADAF,MORVA(H),MORVAH,91,352
PANCHMAHAL,MORWA HADAF,NAGLOD,NAGLOD,28,206
PANCHMAHAL,MORWA HADAF,NASIRPUR,NASIRPUR,15,95
PANCHMAHAL,MORWA HADAF,NATAPUR,NATAPUR,59,246
PANCHMAHAL,MORWA HADAF,NAVAGAM,NAVAGAM,72,166
PANCHMAHAL,MORWA HADAF,PARBIYA,PARBIYA,22,112
PANCHMAHAL,MORWA HADAF,RAJAYATA,RAJAYATA,30,573
PANCHMAHAL,MORWA HADAF,RAMPUR KASHANPUR,RAMPURKASHANPUR,64,251
PANCHMAHAL,MORWA HADAF,RASULPUR,RASULPUR,82,624
PANCHMAHAL,MORWA HADAF,RATANPUR METRAL,RATANPURMETRAL,22,66
PANCHMAHAL,MORWA HADAF,SAGVADA,SAGVADA,76,289
PANCHMAHAL,MORWA HADAF,SALIYA,SALIYA,100,508
PANCHMAHAL,MORWA HADAF,SULIYAT,SULIYAT,67,177
PANCHMAHAL,MORWA HADAF,TAJPUI,TAJPUI,26,116
PANCHMAHAL,MORWA HADAF,VADODAR,VADODAR,94,402
PANCHMAHAL,MORWA HADAF,VALAIYA,VALAIYA,50,159
PANCHMAHAL,MORWA HADAF,VANDELI,VANDELI,119,593
PANCHMAHAL,MORWA HADAF,VANEDA,VANEDA,39,139
PANCHMAHAL,MORWA HADAF,VANSDELIYA,VANSDELIYA,14,92
PANCHMAHAL,MORWA HADAF,VEJMA,VEJMA,28,104
PANCHMAHAL,MORWA HADAF,VIRANIYA,VIRANIYA,8,87
PANCHMAHAL,SANTRAMPUR,AMALIYAT,AMALIYAT,20,121
PANCHMAHAL,SANTRAMPUR,AMBA,AMBA,27,173
PANCHMAHAL,SANTRAMPUR,ANDRASINHNA MUWADA,ANDRASINHNAMUWADA,2,37
PANCHMAHAL,SANTRAMPUR,ANJANAVA,ANJANAVA,14,319
PANCHMAHAL,SANTRAMPUR,ASIWADA,ASIWADA,3,72
PANCHMAHAL,SANTRAMPUR,BABRAI,BABRAI,13,467
PANCHMAHAL,SANTRAMPUR,BABRI,BABRI,4,100
PANCHMAHAL,SANTRAMPUR,BABROL,BABROL,2,36
PANCHMAHAL,SANTRAMPUR,BAHEDIYA,BAHEDIYA,6,108
PANCHMAHAL,SANTRAMPUR,BARELA,BARELA,34,277
PANCHMAHAL,SANTRAMPUR,BARIKOTA,BARIKOTA,9,49
PANCHMAHAL,SANTRAMPUR,BATAKWADA,BATAKWADA,31,809
PANCHMAHAL,SANTRAMPUR,BAVANA SALIYA,BAVANASALIYA,16,121
PANCHMAHAL,SANTRAMPUR,BENDA,BENDA,4,147
PANCHMAHAL,SANTRAMPUR,BHAMARI,BHAMARI,3,58
PANCHMAHAL,SANTRAMPUR,BHANASIMAL,BHANASIMAL,4,615
PANCHMAHAL,SANTRAMPUR,BHANDARA,BHANDARA,19,369
PANCHMAHAL,SANTRAMPUR,BHAVANPURA,BHAVANPURA,4,56
PANCHMAHAL,SANTRAMPUR,BHOTVA (EAST),BHOTVAEAST,2,56
PANCHMAHAL,SANTRAMPUR,BHOTVA (WEST),BHOTVAWEST,5,66
PANCHMAHAL,SANTRAMPUR,BOIDIYA,BOIDIYA,10,53
PANCHMAHAL,SANTRAMPUR,BUGAD,BUGAD,5,329
PANCHMAHAL,SANTRAMPUR,BUGADNA MUVADA,BUGADNAMUVADA,2,32
PANCHMAHAL,SANTRAMPUR,CHARADA,CHARADA,9,89
PANCHMAHAL,SANTRAMPUR,CHELAPAGINA MUVADA,CHELAPAGINAMUVADA,1,47
PANCHMAHAL,SANTRAMPUR,CHHAYAN,CHHAYAN,6,136
PANCHMAHAL,SANTRAMPUR,CHICHANI,CHICHANI,11,221
PANCHMAHAL,SANTRAMPUR,CHITVA,CHITVA,7,335
PANCHMAHAL,SANTRAMPUR,CHUTHANA MUVADA,CHUTHANAMUVADA,25,246
PANCHMAHAL,SANTRAMPUR,DAHELA,DAHELA,4,90
PANCHMAHAL,SANTRAMPUR,DALIYATI,DALIYATI,4,106
PANCHMAHAL,SANTRAMPUR,DHAMOTNA MOHILA,DHAMOTNAMOHILA,8,148
PANCHMAHAL,SANTRAMPUR,DOLI,DOLI,24,418
PANCHMAHAL,SANTRAMPUR,DOTAWADA,DOTAWADA,5,33
PANCHMAHAL,SANTRAMPUR,ENTRA,ENTRA,4,324
PANCHMAHAL,SANTRAMPUR,FALAVA,FALAVA,8,134
PANCHMAHAL,SANTRAMPUR,GADA,GADA,10,214
PANCHMAHAL,SANTRAMPUR,GADIYA,GADIYA,21,204
PANCHMAHAL,SANTRAMPUR,GALA TALAVADI,GALATALAVADI,3,50
PANCHMAHAL,SANTRAMPUR,GALAKHEDI,GALAKHEDI,1,37
PANCHMAHAL,SANTRAMPUR,GALALIYA,GALALIYA,6,60
PANCHMAHAL,SANTRAMPUR,GAMADI,GAMADI,8,376
PANCHMAHAL,SANTRAMPUR,GARADIYA,GARADIYA,8,134
PANCHMAHAL,SANTRAMPUR,GODHRA (WEST),GODHRAWEST,29,332
PANCHMAHAL,SANTRAMPUR,GOTHIB,GOTHIB,23,1507
PANCHMAHAL,SANTRAMPUR,GOTHIBDA,GOTHIBDA,5,330
PANCHMAHAL,SANTRAMPUR,GUVALIYA,GUVALIYA,11,124
PANCHMAHAL,SANTRAMPUR,HADANI SARSAN,HADANISARSAN,6,150
PANCHMAHAL,SANTRAMPUR,HATHIPURA,HATHIPURA,9,194
PANCHMAHAL,SANTRAMPUR,HIRAPUR,HIRAPUR,5,345
PANCHMAHAL,SANTRAMPUR,JANVAD,JANVAD,13,303
PANCHMAHAL,SANTRAMPUR,JOTANGIYA,JOTANGIYA,4,86
PANCHMAHAL,SANTRAMPUR,KADUCHI,KADUCHI,5,39
PANCHMAHAL,SANTRAMPUR,KALIBEL,KALIBEL,6,235
PANCHMAHAL,SANTRAMPUR,KALIBEL NAVAGARAH,KALIBELNAVAGARAH,13,108
PANCHMAHAL,SANTRAMPUR,KALIYA AMBA,KALIYAAMBA,2,60
PANCHMAHAL,SANTRAMPUR,KANAJARA,KANAJARA,19,226
PANCHMAHAL,SANTRAMPUR,KANBINA MOHILA,KANBINAMOHILA,4,80
PANCHMAHAL,SANTRAMPUR,KANSIYA,KANSIYA,3,54
PANCHMAHAL,SANTRAMPUR,KASALPUR,KASALPUR,7,48
PANCHMAHAL,SANTRAMPUR,KENPUR,KENPUR,3,137
PANCHMAHAL,SANTRAMPUR,KHERVA,KHERVA,7,245
PANCHMAHAL,SANTRAMPUR,KHODADRA,KHODADRA,1,105
PANCHMAHAL,SANTRAMPUR,KOSAMBA,KOSAMBA,2,96
PANCHMAHAL,SANTRAMPUR,KOTAVAT,KOTAVAT,2,54
PANCHMAHAL,SANTRAMPUR,KOTHINA MUVADA,KOTHINAMUVADA,1,102
PANCHMAHAL,SANTRAMPUR,KOTRA,KOTRA,2,124
PANCHMAHAL,SANTRAMPUR,KUNDA,KUNDA,5,66
PANCHMAHAL,SANTRAMPUR,LALKPUR,LALKPUR,14,130
PANCHMAHAL,SANTRAMPUR,LIMDA MUVADI,LIMDAMUVADI,22,204
PANCHMAHAL,SANTRAMPUR,LIMDI,LIMDI,37,433
PANCHMAHAL,SANTRAMPUR,MALANPUR,MALANPUR,18,152
PANCHMAHAL,SANTRAMPUR,MANCHOD,MANCHOD,21,299
PANCHMAHAL,SANTRAMPUR,MANKODIYA,MANKODIYA,3,184
PANCHMAHAL,SANTRAMPUR,METANA MUVADA,METANAMUVADA,1,63
PANCHMAHAL,SANTRAMPUR,MOLARA,MOLARA,6,189
PANCHMAHAL,SANTRAMPUR,MORAL NAKA,MORALNAKA,4,19
PANCHMAHAL,SANTRAMPUR,MOTA AMBELA,MOTAAMBELA,4,84
PANCHMAHAL,SANTRAMPUR,MOTA SARNAIYA,MOTASARNAIYA,10,297
PANCHMAHAL,SANTRAMPUR,MOTI BHUGEDI,MOTIBHUGEDI,8,248
PANCHMAHAL,SANTRAMPUR,MOTI KHARSOLI,MOTIKHARSOLI,3,165
PANCHMAHAL,SANTRAMPUR,MOTI SARSAN,MOTISARSAN,41,327
PANCHMAHAL,SANTRAMPUR,MOTIKYAR,MOTIKYAR,6,472
PANCHMAHAL,SANTRAMPUR,MOTIREL (WEST),MOTIRELWEST,3,262
PANCHMAHAL,SANTRAMPUR,MOVASA,MOVASA,18,430
PANCHMAHAL,SANTRAMPUR,NALAI,NALAI,2,57
PANCHMAHAL,SANTRAMPUR,NANA AMBELA,NANAAMBELA,1,88
PANCHMAHAL,SANTRAMPUR,NANA NATVA,NANANATVA,3,135
PANCHMAHAL,SANTRAMPUR,NANI BHUGEDI,NANIBHUGEDI,5,212
PANCHMAHAL,SANTRAMPUR,NANI SARSAN,NANISARSAN,13,235
PANCHMAHAL,SANTRAMPUR,NANIKYAR,NANIKYAR,15,224
PANCHMAHAL,SANTRAMPUR,NANIREL (WEST),NANIRELWEST,1,254
PANCHMAHAL,SANTRAMPUR,NANSALAI,NANSALAI,1,65
PANCHMAHAL,SANTRAMPUR,NARSINGPUR,NARSINGPUR,7,176
PANCHMAHAL,SANTRAMPUR,NASHIKPUR,NASHIKPUR,6,203
PANCHMAHAL,SANTRAMPUR,ORA,ORA,10,100
PANCHMAHAL,SANTRAMPUR,PADEDIADOR,PADEDIADOR,22,200
PANCHMAHAL,SANTRAMPUR,PADHARIYA,PADHARIYA,2,195
PANCHMAHAL,SANTRAMPUR,PAGINA MUVADA,PAGINAMUVADA,2,112
PANCHMAHAL,SANTRAMPUR,PANCHA MUVADI,PANCHAMUVADI,2,58
PANCHMAHAL,SANTRAMPUR,PANCHMUVA,PANCHMUVA,7,124
PANCHMAHAL,SANTRAMPUR,PANIYAR,PANIYAR,5,335
PANCHMAHAL,SANTRAMPUR,PARATHAMPUR,PARATHAMPUR,4,118
PANCHMAHAL,SANTRAMPUR,PITHAPUR BORWADA,PITHAPURBORWADA,2,83
PANCHMAHAL,SANTRAMPUR,RAFAI,RAFAI,9,143
PANCHMAHAL,SANTRAMPUR,RAMBHEMNA MUVADA,RAMBHEMNAMUVADA,8,189
PANCHMAHAL,SANTRAMPUR,RANANI SARSAN,RANANISARSAN,17,178
PANCHMAHAL,SANTRAMPUR,RANELA,RANELA,8,87
PANCHMAHAL,SANTRAMPUR,RANIGINI PADEDI,RANIGINIPADEDI,23,402
PANCHMAHAL,SANTRAMPUR,RATANPUR,RATANPUR,3,84
PANCHMAHAL,SANTRAMPUR,RAYNIYA,RAYNIYA,11,148
PANCHMAHAL,SANTRAMPUR,SADA,SADA,1,7
PANCHMAHAL,SANTRAMPUR,SAGAN FALIYA,SAGANFALIYA,1,29
PANCHMAHAL,SANTRAMPUR,SAGWADIYA,SAGWADIYA,3,166
PANCHMAHAL,SANTRAMPUR,SANABAR,SANABAR,3,152
PANCHMAHAL,SANTRAMPUR,SANDHPALIYA,SANDHPALIYA,10,120
PANCHMAHAL,SANTRAMPUR,SANGAWADA,SANGAWADA,8,278
PANCHMAHAL,SANTRAMPUR,SANTKUNDA,SANTKUNDA,13,231
PANCHMAHAL,SANTRAMPUR,SARAD,SARAD,1,73
PANCHMAHAL,SANTRAMPUR,SARSA (WEST),SARSAWEST,24,295
PANCHMAHAL,SANTRAMPUR,SAVAGADH,SAVAGADH,4,90
PANCHMAHAL,SANTRAMPUR,SHIR,SHIR,7,163
PANCHMAHAL,SANTRAMPUR,SIMALIYA,SIMALIYA,6,651
PANCHMAHAL,SANTRAMPUR,SINGALGADH,SINGALGADH,6,104
PANCHMAHAL,SANTRAMPUR,SUKATIMBA,SUKATIMBA,8,101
PANCHMAHAL,SANTRAMPUR,SURPUR,SURPUR,5,159
PANCHMAHAL,SANTRAMPUR,TALADARA,TALADARA,4,168
PANCHMAHAL,SANTRAMPUR,THAMBHA,THAMBHA,3,137
PANCHMAHAL,SANTRAMPUR,TIMBHRVA,TIMBHRVA,1,111
PANCHMAHAL,SANTRAMPUR,TIMBLA,TIMBLA,2,190
PANCHMAHAL,SANTRAMPUR,UKHARELI,UKHARELI,30,561
PANCHMAHAL,SANTRAMPUR,UMBER,UMBER,45,261
PANCHMAHAL,SANTRAMPUR,VADIYA,VADIYA,2,36
PANCHMAHAL,SANTRAMPUR,VAGHAFAL,VAGHAFAL,3,72
PANCHMAHAL,SANTRAMPUR,VAGHAN,VAGHAN,3,37
PANCHMAHAL,SANTRAMPUR,VAJIYAKHUNT,VAJIYAKHUNT,10,480
PANCHMAHAL,SANTRAMPUR,VALAKHEDI,VALAKHEDI,3,73
PANCHMAHAL,SANTRAMPUR,VANDRIYA (WEST),VANDRIYAWEST,5,49
PANCHMAHAL,SANTRAMPUR,VANKADI,VANKADI,17,295
PANCHMAHAL,SANTRAMPUR,VANTA METANA,VANTAMETANA,4,62
PANCHMAHAL,SANTRAMPUR,VAVIYA MUVADA,VAVIYAMUVADA,3,248
PANCHMAHAL,SANTRAMPUR,VENA,VENA,9,176
PANCHMAHAL,SANTRAMPUR,VYAR,VYAR,1,14
PANCHMAHAL,SANTRAMPUR,ZAB (WEST),ZABWEST,3,89
PANCHMAHAL,SANTRAMPUR,ZALADADA,ZALADADA,33,217
PANCHMAHAL,SHEHERA,AASUDARIYA,AASUDARIYA,17,65
PANCHMAHAL,SHEHERA,AMBAJATI,AMBAJATI,6,58
PANCHMAHAL,SHEHERA,ARIAD,ARIAD,21,963
PANCHMAHAL,SHEHERA,BAHI,BAHI,10,186
PANCHMAHAL,SHEHERA,BALUJINA MUVALA,BALUJINAMUVALA,22,164
PANCHMAHAL,SHEHERA,BAMROLI BUJARG,BAMROLIBUJARG,16,555
PANCHMAHAL,SHEHERA,BHADRALA,BHADRALA,15,133
PANCHMAHAL,SHEHERA,BHATNA MUVADA,BHATNAMUVADA,4,256
PANCHMAHAL,SHEHERA,BHENSAL,BHENSAL,16,165
PANCHMAHAL,SHEHERA,BHIMTHAL,BHIMTHAL,27,145
PANCHMAHAL,SHEHERA,BHOTAVA,BHOTAVA,12,134
PANCHMAHAL,SHEHERA,BHUNIDRA,BHUNIDRA,4,69
PANCHMAHAL,SHEHERA,BHURKHAL,BHURKHAL,8,125
PANCHMAHAL,SHEHERA,BILITHA,BILITHA,5,257
PANCHMAHAL,SHEHERA,BODIDRA KHURD,BODIDRAKHURD,51,270
PANCHMAHAL,SHEHERA,BORDI,BORDI,16,341
PANCHMAHAL,SHEHERA,BORIA,BORIA,69,341
PANCHMAHAL,SHEHERA,BORIAVI,BORIAVI,7,422
PANCHMAHAL,SHEHERA,CHALALI,CHALALI,32,143
PANCHMAHAL,SHEHERA,CHARI,CHARI,13,203
PANCHMAHAL,SHEHERA,CHHANIP,CHHANIP,32,143
PANCHMAHAL,SHEHERA,CHHOGALA,CHHOGALA,43,184
PANCHMAHAL,SHEHERA,CHOPDA KHURD,CHOPDAKHURD,7,85
PANCHMAHAL,SHEHERA,DALVADA,DALVADA,35,282
PANCHMAHAL,SHEHERA,DEMLI,DEMLI,10,220
PANCHMAHAL,SHEHERA,DHAMAI,DHAMAI,9,592
PANCHMAHAL,SHEHERA,DHAMNOD,DHAMNOD,79,615
PANCHMAHAL,SHEHERA,DHANDHALPUR,DHANDHALPUR,8,445
PANCHMAHAL,SHEHERA,DHARAPUR,DHARAPUR,33,227
PANCHMAHAL,SHEHERA,DHAROLA KHURD,DHAROLAKHURD,3,65
PANCHMAHAL,SHEHERA,DHAYAKA,DHAYAKA,14,284
PANCHMAHAL,SHEHERA,DOKVA,DOKVA,15,83
PANCHMAHAL,SHEHERA,DUMELAV,DUMELAV,22,134
PANCHMAHAL,SHEHERA,GAMAN BARIANA MUVADA,GAMANBARIANAMUVADA,27,122
PANCHMAHAL,SHEHERA,GANGADIYA,GANGADIYA,55,188
PANCHMAHAL,SHEHERA,GOKALPUR,GOKALPUR,19,197
PANCHMAHAL,SHEHERA,GUNELI,GUNELI,55,395
PANCHMAHAL,SHEHERA,HANSAPUR,HANSAPUR,4,34
PANCHMAHAL,SHEHERA,HANSELAV,HANSELAV,15,44
PANCHMAHAL,SHEHERA,JALAM BARIANA MUVADA,JALAMBARIANAMUVADA,5,82
PANCHMAHAL,SHEHERA,JUNAKHEDA,JUNAKHEDA,15,86
PANCHMAHAL,SHEHERA,KANTHA,KANTHA,24,74
PANCHMAHAL,SHEHERA,KHANDIYA,KHANDIYA,26,129
PANCHMAHAL,SHEHERA,KHAREDIYA,KHAREDIYA,16,47
PANCHMAHAL,SHEHERA,KHAROLI,KHAROLI,5,105
PANCHMAHAL,SHEHERA,KHATUKPUR,KHATUKPUR,10,146
PANCHMAHAL,SHEHERA,KHOJALVASA,KHOJALVASA,11,702
PANCHMAHAL,SHEHERA,KHUTKHAR,KHUTKHAR,13,52
PANCHMAHAL,SHEHERA,LABHI,LABHI,16,100
PANCHMAHAL,SHEHERA,LIMBODRA,LIMBODRA,4,157
PANCHMAHAL,SHEHERA,MAHELAN,MAHELAN,11,118
PANCHMAHAL,SHEHERA,MANGALIANA,MANGALIANA,34,283
PANCHMAHAL,SHEHERA,MANGALPUR,MANGALPUR,6,157
PANCHMAHAL,SHEHERA,MATARIYA VYAS,MATARIYAVYAS,26,1008
PANCHMAHAL,SHEHERA,MIRAPUR,MIRAPUR,9,151
PANCHMAHAL,SHEHERA,MITHALI,MITHALI,9,302
PANCHMAHAL,SHEHERA,MITHAPUR,MITHAPUR,6,97
PANCHMAHAL,SHEHERA,MOR,MOR,15,275
PANCHMAHAL,SHEHERA,MORVA,MORVA,2,508
PANCHMAHAL,SHEHERA,NADA,NADA,24,400
PANCHMAHAL,SHEHERA,NANDARVA,NANDARVA,41,411
PANCHMAHAL,SHEHERA,NARSANA,NARSANA,37,715
PANCHMAHAL,SHEHERA,NATHUJINA MUVADA,NATHUJINAMUVADA,6,266
PANCHMAHAL,SHEHERA,NAVAGAM,NAVAGAM,5,195
PANCHMAHAL,SHEHERA,PADARDI,PADARDI,47,768
PANCHMAHAL,SHEHERA,PALIKHANDA,PALIKHANDA,12,208
PANCHMAHAL,SHEHERA,PASNAL,PASNAL,10,83
PANCHMAHAL,SHEHERA,POYADA,POYADA,3,274
PANCHMAHAL,SHEHERA,RAMJINI NAL,RAMJININAL,5,39
PANCHMAHAL,SHEHERA,RENA,RENA,60,353
PANCHMAHAL,SHEHERA,SADANPUR,SADANPUR,5,82
PANCHMAHAL,SHEHERA,SADARA,SADARA,12,347
PANCHMAHAL,SHEHERA,SAGRADA,SAGRADA,24,58
PANCHMAHAL,SHEHERA,SAJIVAV,SAJIVAV,40,239
PANCHMAHAL,SHEHERA,SAMBHALI,SAMBHALI,18,107
PANCHMAHAL,SHEHERA,SARADIYA,SARADIYA,4,62
PANCHMAHAL,SHEHERA,SHEKHPUR,SHEKHPUR,32,205
PANCHMAHAL,SHEHERA,SURELI,SURELI,11,488
PANCHMAHAL,SHEHERA,TADAVA,TADAVA,36,470
PANCHMAHAL,SHEHERA,TARSANAG,TARSANAG,46,427
PANCHMAHAL,SHEHERA,UDARA,UDARA,4,65
PANCHMAHAL,SHEHERA,UJADA,UJADA,30,391
PANCHMAHAL,SHEHERA,UMARPUR,UMARPUR,18,756
PANCHMAHAL,SHEHERA,VADI,VADI,8,717
PANCHMAHAL,SHEHERA,VAHAKA,VAHAKA,8,388
PANCHMAHAL,SHEHERA,VALLAVPUR,VALLAVPUR,2,671
PANCHMAHAL,SHEHERA,VANTA VACHHODA,VANTAVACHHODA,13,268
PANCHMAHAL,SHEHERA,VARIAL,VARIAL,8,90
PANCHMAHAL,SHEHERA,VIJAPUR,VIJAPUR,14,85
PANCHMAHAL,SHEHERA,WAGHJIPUR,WAGHJIPUR,13,334
PANCHMAHAL,SHEHERA,ZOZ,ZOZ,14,154
PATAN,CHANASMA,BHATSAR,BHATSAR,32,780
PATAN,CHANASMA,BHATVASANA,BHATVASANA,24,292
PATAN,CHANASMA,BRAHMANVADA,BRAHMANVADA,33,1685
PATAN,CHANASMA,CHAVELI,CHAVELI,57,2256
PATAN,CHANASMA,CHHAMICHHA,CHHAMICHHA,44,721
PATAN,CHANASMA,DANODARDA,DANODARDA,40,778
PATAN,CHANASMA,DANTKARODI,DANTKARODI,36,576
PATAN,CHANASMA,DELMAL,DELMAL,82,1911
PATAN,CHANASMA,DHANODHARDA,DHANODHARDA,48,827
PATAN,CHANASMA,DHARMODA,DHARMODA,122,949
PATAN,CHANASMA,DHARPURI,DHARPURI,20,255
PATAN,CHANASMA,DHINOJ,DHINOJ,186,3219
PATAN,CHANASMA,FINCHAL,FINCHAL,6,913
PATAN,CHANASMA,GALOLIVASNA,GALOLIVASNA,41,339
PATAN,CHANASMA,GANGET,GANGET,42,1223
PATAN,CHANASMA,GOKHARVA,GOKHARVA,16,354
PATAN,CHANASMA,ISLAMPURA,ISLAMPURA,14,416
PATAN,CHANASMA,ITODA,ITODA,70,586
PATAN,CHANASMA,JAKHANA,JAKHANA,36,398
PATAN,CHANASMA,JASALPUR,JASALPUR,62,697
PATAN,CHANASMA,JHILIYA,JHILIYA,53,1428
PATAN,CHANASMA,JHILIYA VASANA,JHILIYAVASANA,21,2034
PATAN,CHANASMA,JITODA,JITODA,61,871
PATAN,CHANASMA,KAMALPUR,KAMALPUR,10,131
PATAN,CHANASMA,KAMBOI,KAMBOI,217,2133
PATAN,CHANASMA,KARODA,KARODA,47,546
PATAN,CHANASMA,KESNI,KESNI,34,493
PATAN,CHANASMA,KHARA DHARVA,KHARADHARVA,43,474
PATAN,CHANASMA,KHARI DHARIYAL,KHARIDHARIYAL,81,1017
PATAN,CHANASMA,KHOKHLA,KHOKHLA,20,395
PATAN,CHANASMA,KHORSAM,KHORSAM,44,464
PATAN,CHANASMA,LANVA,LANVA,47,921
PATAN,CHANASMA,MANDLOP,MANDLOP,23,377
PATAN,CHANASMA,MANIYARI,MANIYARI,34,2159
PATAN,CHANASMA,MERVADA,MERVADA,13,2367
PATAN,CHANASMA,MESRA,MESRA,10,166
PATAN,CHANASMA,MITHADHARVA,MITHADHARVA,63,553
PATAN,CHANASMA,MITHI DHARIYAL,MITHIDHARIYAL,47,888
PATAN,CHANASMA,MULTHANIYA,MULTHANIYA,20,154
PATAN,CHANASMA,NARANPURA,NARANPURA,14,96
PATAN,CHANASMA,PALASAR,PALASAR,43,930
PATAN,CHANASMA,PANCHASAR,PANCHASAR,12,263
PATAN,CHANASMA,PIMPAL,PIMPAL,60,1130
PATAN,CHANASMA,PINDHARPURA,PINDHARPURA,31,464
PATAN,CHANASMA,RAMPURA,RAMPURA,26,401
PATAN,CHANASMA,RANASAN,RANASAN,26,513
PATAN,CHANASMA,RUPPUR,RUPPUR,121,1351
PATAN,CHANASMA,SARDARPURA,SARDARPURA,28,384
PATAN,CHANASMA,SARSAV,SARSAV,24,493
PATAN,CHANASMA,SELAVI,SELAVI,41,525
PATAN,CHANASMA,SENDHA,SENDHA,21,658
PATAN,CHANASMA,SENDHAL,SENDHAL,14,475
PATAN,CHANASMA,SEVALA,SEVALA,69,777
PATAN,CHANASMA,SOJITRA,SOJITRA,21,680
PATAN,CHANASMA,SUNSAR,SUNSAR,36,1271
PATAN,CHANASMA,TAKODI,TAKODI,31,1065
PATAN,CHANASMA,VADAVLI,VADAVLI,156,2356
PATAN,CHANASMA,VASAI,VASAI,57,445
PATAN,CHANASMA,VASAIPURA,VASAIPURA,37,627
PATAN,HARIJ,ADIYA,ADIYA,84,999
PATAN,HARIJ,BHALANA,BHALANA,4,274
PATAN,HARIJ,BORATVADA,BORATVADA,35,908
PATAN,HARIJ,CHABKHA,CHABKHA,12,135
PATAN,HARIJ,DANTARVADA,DANTARVADA,35,138
PATAN,HARIJ,DUNAVADA,DUNAVADA,123,705
PATAN,HARIJ,EKALVA,EKALVA,22,506
PATAN,HARIJ,GOVNA,GOVNA,16,406
PATAN,HARIJ,JAMANPUR,JAMANPUR,8,812
PATAN,HARIJ,JASKA,JASKA,17,336
PATAN,HARIJ,JASOMAV,JASOMAV,31,260
PATAN,HARIJ,JASVANTPURA,JASVANTPURA,30,172
PATAN,HARIJ,KALANA,KALANA,64,295
PATAN,HARIJ,KATARA,KATARA,32,693
PATAN,HARIJ,KATHI,KATHI,24,368
PATAN,HARIJ,KHAKHAL,KHAKHAL,19,238
PATAN,HARIJ,KHAKHDI,KHAKHDI,28,516
PATAN,HARIJ,KUMBHANA,KUMBHANA,15,274
PATAN,HARIJ,KUREJA,KUREJA,43,579
PATAN,HARIJ,MALSUND,MALSUND,20,357
PATAN,HARIJ,MANKA (JUNA-NAVA),MANKAJUNANAVA,133,1070
PATAN,HARIJ,MASA,MASA,45,284
PATAN,HARIJ,NANA,NANA,55,386
PATAN,HARIJ,PALOLI,PALOLI,3,138
PATAN,HARIJ,PILUVADA,PILUVADA,14,157
PATAN,HARIJ,PIPLANA,PIPLANA,59,627
PATAN,HARIJ,RAVINDRA,RAVINDRA,11,296
PATAN,HARIJ,RODA,RODA,144,922
PATAN,HARIJ,RUGHNATHPURA,RUGHNATHPURA,22,442
PATAN,HARIJ,SANKRA,SANKRA,17,747
PATAN,HARIJ,SAREL,SAREL,52,297
PATAN,HARIJ,SARVAL,SARVAL,53,636
PATAN,HARIJ,SAVASDA,SAVASDA,6,56
PATAN,HARIJ,SODHAV,SODHAV,46,454
PATAN,HARIJ,TAMBOLIYA,TAMBOLIYA,8,458
PATAN,HARIJ,THAROD,THAROD,5,109
PATAN,HARIJ,TORNIPUR,TORNIPUR,17,63
PATAN,HARIJ,VANSA,VANSA,84,768
PATAN,HARIJ,VEJAVADA,VEJAVADA,109,377
PATAN,PATAN,ABALOUVA,ABALOUVA,74,495
PATAN,PATAN,AGHAR,AGHAR,88,1657
PATAN,PATAN,AJIMANA,AJIMANA,52,583
PATAN,PATAN,AJUJA,AJUJA,10,126
PATAN,PATAN,AMARPURA,AMARPURA,20,110
PATAN,PATAN,AMBLIYASAN,AMBLIYASAN,22,169
PATAN,PATAN,BABASANA,BABASANA,2,498
PATAN,PATAN,BADIPUR,BADIPUR,11,476
PATAN,PATAN,BALISANA,BALISANA,63,3352
PATAN,PATAN,BALVA,BALVA,28,389
PATAN,PATAN,BEPADAR,BEPADAR,31,336
PATAN,PATAN,BHADRADA,BHADRADA,3,266
PATAN,PATAN,BHALGAM,BHALGAM,6,243
PATAN,PATAN,BHATSAN,BHATSAN,44,435
PATAN,PATAN,BHILVAN,BHILVAN,4,354
PATAN,PATAN,BHUTIYA VASNA,BHUTIYAVASNA,5,408
PATAN,PATAN,BORSAN,BORSAN,27,626
PATAN,PATAN,CHADASANA,CHADASANA,2,186
PATAN,PATAN,CHANDRUMANA,CHANDRUMANA,132,1384
PATAN,PATAN,CHARUP,CHARUP,3,2625
PATAN,PATAN,DABHDI,DABHDI,35,625
PATAN,PATAN,DELIYATHARA,DELIYATHARA,25,165
PATAN,PATAN,DELVADA,DELVADA,18,251
PATAN,PATAN,DER,DER,97,1239
PATAN,PATAN,DERASANA,DERASANA,9,502
PATAN,PATAN,DHANASARA,DHANASARA,15,93
PATAN,PATAN,DHARNOJ,DHARNOJ,36,814
PATAN,PATAN,DHARPUR,DHARPUR,38,520
PATAN,PATAN,DHARUSAN,DHARUSAN,10,151
PATAN,PATAN,DIGHDI,DIGHDI,30,311
PATAN,PATAN,DIODARDA,DIODARDA,41,356
PATAN,PATAN,DUDHARAMPURA,DUDHARAMPURA,92,605
PATAN,PATAN,ENDLA,ENDLA,33,326
PATAN,PATAN,FULESANA,FULESANA,2,164
PATAN,PATAN,GADOSAN,GADOSAN,11,135
PATAN,PATAN,GAJA,GAJA,11,237
PATAN,PATAN,GANESHPURA,GANESHPURA,21,306
PATAN,PATAN,GHACHELI,GHACHELI,11,332
PATAN,PATAN,GOLAPUR,GOLAPUR,28,121
PATAN,PATAN,GOLIVADA,GOLIVADA,8,482
PATAN,PATAN,GULVASNA,GULVASNA,17,157
PATAN,PATAN,HAIDARPURA,HAIDARPURA,10,245
PATAN,PATAN,HAJIPUR,HAJIPUR,49,794
PATAN,PATAN,HAMIDPUR,HAMIDPUR,9,118
PATAN,PATAN,HANSAPUR,HANSAPUR,62,425
PATAN,PATAN,HANUMANPURA,HANUMANPURA,41,207
PATAN,PATAN,ILAMPUR,ILAMPUR,11,151
PATAN,PATAN,JAKHA,JAKHA,9,262
PATAN,PATAN,JALESHVAR PALDI,JALESHVARPALDI,23,171
PATAN,PATAN,JAMTHA,JAMTHA,16,217
PATAN,PATAN,JANGRAL,JANGRAL,17,630
PATAN,PATAN,KALODHI,KALODHI,24,142
PATAN,PATAN,KAMLIVADA,KAMLIVADA,11,1970
PATAN,PATAN,KANI,KANI,9,398
PATAN,PATAN,KANOSAN,KANOSAN,21,202
PATAN,PATAN,KANSA,KANSA,30,1032
PATAN,PATAN,KATPUR,KATPUR,10,240
PATAN,PATAN,KATRASAMAL,KATRASAMAL,9,709
PATAN,PATAN,KHANPUR KODI,KHANPURKODI,12,266
PATAN,PATAN,KHANPUR RAJKUVA,KHANPURRAJKUVA,34,445
PATAN,PATAN,KHANPURDA,KHANPURDA,37,449
PATAN,PATAN,KHAREDA,KHAREDA,20,400
PATAN,PATAN,KHARIVAVDI,KHARIVAVDI,37,703
PATAN,PATAN,KHIMIYANA,KHIMIYANA,25,506
PATAN,PATAN,KHODANA,KHODANA,24,488
PATAN,PATAN,KIMBUVA,KIMBUVA,41,937
PATAN,PATAN,KOITA,KOITA,21,346
PATAN,PATAN,KOTAVAD,KOTAVAD,17,649
PATAN,PATAN,KUDER,KUDER,11,711
PATAN,PATAN,KUNGHER,KUNGHER,160,1535
PATAN,PATAN,KUNTAVADA,KUNTAVADA,10,179
PATAN,PATAN,LAKHDAP,LAKHDAP,3,337
PATAN,PATAN,LAKSHMIPURA,LAKSHMIPURA,3,375
PATAN,PATAN,LODHI,LODHI,2,157
PATAN,PATAN,LODHPUR,LODHPUR,16,237
PATAN,PATAN,MAHEMADPUR,MAHEMADPUR,38,1896
PATAN,PATAN,MANDOTRI,MANDOTRI,23,543
PATAN,PATAN,MANPUR,MANPUR,22,382
PATAN,PATAN,MANUND,MANUND,67,2393
PATAN,PATAN,MATARVADI,MATARVADI,21,717
PATAN,PATAN,MATPUR,MATPUR,22,532
PATAN,PATAN,MELUSAN,MELUSAN,27,110
PATAN,PATAN,MESAR,MESAR,26,896
PATAN,PATAN,MITHIVAVDI,MITHIVAVDI,13,464
PATAN,PATAN,MORPA,MORPA,2,428
PATAN,PATAN,MOTA RAMANDA,MOTARAMANDA,21,339
PATAN,PATAN,MUNA,MUNA,20,423
PATAN,PATAN,NANA RAMANDA,NANARAMANDA,10,216
PATAN,PATAN,NAVA BAVAHAJI,NAVABAVAHAJI,23,326
PATAN,PATAN,NAYTA,NAYTA,88,856
PATAN,PATAN,NORTA,NORTA,6,943
PATAN,PATAN,ODHVA,ODHVA,44,525
PATAN,PATAN,RAJPUR,RAJPUR,27,344
PATAN,PATAN,RAKHAV,RAKHAV,23,165
PATAN,PATAN,RANUNJ,RANUNJ,15,1833
PATAN,PATAN,RAVIYANA,RAVIYANA,9,183
PATAN,PATAN,RENCHAVI,RENCHAVI,1,88
PATAN,PATAN,RUGHNATHPURA,RUGHNATHPURA,2,89
PATAN,PATAN,RUNI,RUNI,56,588
PATAN,PATAN,RUVAVI,RUVAVI,22,753
PATAN,PATAN,SABOSAN,SABOSAN,10,339
PATAN,PATAN,SAGODIYA,SAGODIYA,24,211
PATAN,PATAN,SAMODA,SAMODA,8,315
PATAN,PATAN,SAMPRA,SAMPRA,44,1188
PATAN,PATAN,SANDER,SANDER,12,3071
PATAN,PATAN,SANKHARI,SANKHARI,163,1742
PATAN,PATAN,SANODARDA,SANODARDA,8,273
PATAN,PATAN,SANTI,SANTI,9,185
PATAN,PATAN,SARIYAD,SARIYAD,17,1167
PATAN,PATAN,SARVA,SARVA,6,402
PATAN,PATAN,SIYOL,SIYOL,2,271
PATAN,PATAN,SOTAVAD,SOTAVAD,1,81
PATAN,PATAN,SUJNIPUR,SUJNIPUR,51,399
PATAN,PATAN,TANKVASNA,TANKVASNA,17,222
PATAN,PATAN,UNDRA,UNDRA,36,522
PATAN,PATAN,UNTVADA,UNTVADA,8,195
PATAN,PATAN,VACHHALVA,VACHHALVA,2,132
PATAN,PATAN,VADHI,VADHI,3,139
PATAN,PATAN,VADIYA,VADIYA,18,76
PATAN,PATAN,VADLI,VADLI,33,953
PATAN,PATAN,VADU,VADU,2,299
PATAN,PATAN,VAGDOD,VAGDOD,128,1053
PATAN,PATAN,VAGHASAR,VAGHASAR,27,334
PATAN,PATAN,VAHANA,VAHANA,19,365
PATAN,PATAN,VAMAIYA,VAMAIYA,10,1077
PATAN,PATAN,VAREDA,VAREDA,26,238
PATAN,PATAN,VASNI,VASNI,2,160
PATAN,PATAN,VAYAD,VAYAD,115,836
PATAN,PATAN,VELODA (NANA-MOTA),VELODANANAMOTA,20,327
PATAN,PATAN,VISAL-VASNA,VISALVASNA,31,380
PATAN,RADHANPUR,AGICHANA,AGICHANA,27,191
PATAN,RADHANPUR,ALLHABAD,ALLHABAD,13,204
PATAN,RADHANPUR,AMIRPURA,AMIRPURA,6,225
PATAN,RADHANPUR,ARJANSAR,ARJANSAR,28,425
PATAN,RADHANPUR,BADARPURA,BADARPURA,11,228
PATAN,RADHANPUR,BANDHVAD,BANDHVAD,81,1715
PATAN,RADHANPUR,BHADIYA,BHADIYA,6,180
PATAN,RADHANPUR,BHILOT,BHILOT,112,803
PATAN,RADHANPUR,BISMILLAGUNJ,BISMILLAGUNJ,5,25
PATAN,RADHANPUR,CHALVADA,CHALVADA,44,400
PATAN,RADHANPUR,CHANIYATHAR,CHANIYATHAR,1,280
PATAN,RADHANPUR,DAHEGAMDA,DAHEGAMDA,24,449
PATAN,RADHANPUR,DALANA,DALANA,1,717
PATAN,RADHANPUR,DEV,DEV,56,276
PATAN,RADHANPUR,DHARAVADI,DHARAVADI,14,441
PATAN,RADHANPUR,DHOLAKADA,DHOLAKADA,1,242
PATAN,RADHANPUR,GOTARKA,GOTARKA,13,388
PATAN,RADHANPUR,GULABPURA,GULABPURA,3,157
PATAN,RADHANPUR,JAVANTRI,JAVANTRI,46,407
PATAN,RADHANPUR,JETALPURA,JETALPURA,19,171
PATAN,RADHANPUR,JORAVARGUNJ,JORAVARGUNJ,12,64
PATAN,RADHANPUR,KALYANPURA,KALYANPURA,32,132
PATAN,RADHANPUR,KAMALPUR(DHARAVDI),KAMALPURDHARAVDI,9,264
PATAN,RADHANPUR,KAMALPUR(SATUN),KAMALPURSATUN,5,648
PATAN,RADHANPUR,KARSANGADH,KARSANGADH,14,129
PATAN,RADHANPUR,KOLHAPUR,KOLHAPUR,47,148
PATAN,RADHANPUR,LIMBADKA,LIMBADKA,30,74
PATAN,RADHANPUR,LOTIYA,LOTIYA,78,346
PATAN,RADHANPUR,MAGHAPURA,MAGHAPURA,8,191
PATAN,RADHANPUR,MAHEMADAVAD,MAHEMADAVAD,159,791
PATAN,RADHANPUR,MASAALI,MASAALI,46,345
PATAN,RADHANPUR,MOTI PIMPALI,MOTIPIMPALI,20,477
PATAN,RADHANPUR,NAJUPURA,NAJUPURA,2,265
PATAN,RADHANPUR,NANAPURA,NANAPURA,44,409
PATAN,RADHANPUR,NANI PIMPALI,NANIPIMPALI,34,209
PATAN,RADHANPUR,NAYATVADA,NAYATVADA,30,249
PATAN,RADHANPUR,PANVI,PANVI,62,223
PATAN,RADHANPUR,PEDASHPURA,PEDASHPURA,34,208
PATAN,RADHANPUR,PORANA,PORANA,22,269
PATAN,RADHANPUR,RANGPURA,RANGPURA,14,146
PATAN,RADHANPUR,SABDALPURA,SABDALPURA,17,260
PATAN,RADHANPUR,SANTHLI,SANTHLI,33,290
PATAN,RADHANPUR,SARDARPURA,SARDARPURA,4,280
PATAN,RADHANPUR,SARKARPURA,SARKARPURA,13,357
PATAN,RADHANPUR,SATUN,SATUN,60,628
PATAN,RADHANPUR,SHAHPUR,SHAHPUR,2,93
PATAN,RADHANPUR,SHERGADH,SHERGADH,1,215
PATAN,RADHANPUR,SHERGUNJ,SHERGUNJ,48,226
PATAN,RADHANPUR,SHINAD,SHINAD,43,577
PATAN,RADHANPUR,SUBAPURA,SUBAPURA,52,301
PATAN,RADHANPUR,SULTANPURA,SULTANPURA,33,166
PATAN,RADHANPUR,SURKA,SURKA,44,137
PATAN,RADHANPUR,THIKARIYA,THIKARIYA,47,120
PATAN,RADHANPUR,VADNAGAR,VADNAGAR,11,161
PATAN,RADHANPUR,VIJAYNAGAR,VIJAYNAGAR,18,125
PATAN,SAMI,ADGAM,ADGAM,7,238
PATAN,SAMI,ANVARPURA,ANVARPURA,20,446
PATAN,SAMI,ARITHA,ARITHA,13,607
PATAN,SAMI,BABRI,BABRI,6,163
PATAN,SAMI,BADARGANJ,BADARGANJ,9,196
PATAN,SAMI,BASPA,BASPA,55,965
PATAN,SAMI,BHADRADA,BHADRADA,7,588
PATAN,SAMI,BHAMATHAL,BHAMATHAL,6,128
PATAN,SAMI,BILIYA,BILIYA,12,201
PATAN,SAMI,BISMILLABAD,BISMILLABAD,7,129
PATAN,SAMI,BOLERA,BOLERA,29,426
PATAN,SAMI,BUDA,BUDA,3,189
PATAN,SAMI,CHANDARNI,CHANDARNI,7,135
PATAN,SAMI,DADAKA,DADAKA,19,272
PATAN,SAMI,DADAR,DADAR,4,349
PATAN,SAMI,DANTISANA,DANTISANA,15,318
PATAN,SAMI,DAUDPUR,DAUDPUR,5,208
PATAN,SAMI,DHADHANA,DHADHANA,30,475
PATAN,SAMI,DHANORA,DHANORA,6,550
PATAN,SAMI,DUDKHA,DUDKHA,29,984
PATAN,SAMI,FATEGANJ,FATEGANJ,12,210
PATAN,SAMI,FATEPURA,FATEPURA,3,129
PATAN,SAMI,GAJDINPURA,GAJDINPURA,5,334
PATAN,SAMI,GOCHNAD,GOCHNAD,28,806
PATAN,SAMI,GODHANA,GODHANA,21,311
PATAN,SAMI,GUJARVADA,GUJARVADA,29,293
PATAN,SAMI,ISLAMPURA,ISLAMPURA,6,73
PATAN,SAMI,JAHURPURA,JAHURPURA,4,117
PATAN,SAMI,JAKHAL,JAKHAL,9,255
PATAN,SAMI,JALALABAD,JALALABAD,2,146
PATAN,SAMI,JESDA,JESDA,37,187
PATAN,SAMI,KANCHANPURA,KANCHANPURA,13,164
PATAN,SAMI,KANIJ,KANIJ,13,480
PATAN,SAMI,KATHI,KATHI,1,254
PATAN,SAMI,KATHIVADA,KATHIVADA,18,254
PATAN,SAMI,KHANDIYA,KHANDIYA,20,123
PATAN,SAMI,KHARCHARIYA,KHARCHARIYA,4,157
PATAN,SAMI,KHIJADIYARI,KHIJADIYARI,20,379
PATAN,SAMI,KODADHA,KODADHA,10,332
PATAN,SAMI,KOKTA,KOKTA,3,121
PATAN,SAMI,KUKRANA,KUKRANA,10,601
PATAN,SAMI,KUNVAR,KUNVAR,17,917
PATAN,SAMI,KUVARAD,KUVARAD,16,681
PATAN,SAMI,LALPUR,LALPUR,17,134
PATAN,SAMI,LOLADA,LOLADA,75,1151
PATAN,SAMI,LOTESHVAR,LOTESHVAR,27,352
PATAN,SAMI,MAHMADPURA,MAHMADPURA,6,920
PATAN,SAMI,MANDVI,MANDVI,55,847
PATAN,SAMI,MANKODIYA,MANKODIYA,7,110
PATAN,SAMI,MANVARPURA,MANVARPURA,3,173
PATAN,SAMI,MARDANGANJ,MARDANGANJ,3,91
PATAN,SAMI,MATROTA,MATROTA,11,221
PATAN,SAMI,MEMNA,MEMNA,16,338
PATAN,SAMI,MOTA JORAVARPURA,MOTAJORAVARPURA,22,277
PATAN,SAMI,MOTI CHANDUR,MOTICHANDUR,41,1098
PATAN,SAMI,MUBARAKPURA,MUBARAKPURA,4,254
PATAN,SAMI,MUJPUR,MUJPUR,45,1412
PATAN,SAMI,MURTUJANAGAR,MURTUJANAGAR,6,222
PATAN,SAMI,NANA JORAVARPURA,NANAJORAVARPURA,5,146
PATAN,SAMI,NANI CHANDUR,NANICHANDUR,25,546
PATAN,SAMI,NAYKA,NAYKA,21,696
PATAN,SAMI,ORUMANA,ORUMANA,4,428
PATAN,SAMI,PADLA,PADLA,22,903
PATAN,SAMI,PALIPUR,PALIPUR,8,141
PATAN,SAMI,PANCHASAR,PANCHASAR,142,1176
PATAN,SAMI,PIROJPURA,PIROJPURA,12,148
PATAN,SAMI,RAFU,RAFU,18,848
PATAN,SAMI,RAJPURA,RAJPURA,6,198
PATAN,SAMI,RAMPURA,RAMPURA,15,257
PATAN,SAMI,RANAVADA,RANAVADA,10,397
PATAN,SAMI,RANOD,RANOD,7,316
PATAN,SAMI,RASULPURA,RASULPURA,6,257
PATAN,SAMI,RATANPURA,RATANPURA,18,269
PATAN,SAMI,RAVAD,RAVAD,32,465
PATAN,SAMI,RUNI,RUNI,13,225
PATAN,SAMI,RUPNAGAR,RUPNAGAR,3,263
PATAN,SAMI,SAJUPURA,SAJUPURA,3,95
PATAN,SAMI,SAMI,SAMI,132,1475
PATAN,SAMI,SAMSHERPURA,SAMSHERPURA,12,169
PATAN,SAMI,SHANKHESHVAR,SHANKHESHVAR,89,629
PATAN,SAMI,SHERPURA,SHERPURA,6,248
PATAN,SAMI,SIPUR,SIPUR,27,408
PATAN,SAMI,SONAR,SONAR,7,252
PATAN,SAMI,SUBAPURA,SUBAPURA,11,792
PATAN,SAMI,SUKHPURA,SUKHPURA,2,24
PATAN,SAMI,TARANAGAR,TARANAGAR,7,213
PATAN,SAMI,TARORA,TARORA,7,316
PATAN,SAMI,TUVAD,TUVAD,24,868
PATAN,SAMI,UMEDPURA,UMEDPURA,13,182
PATAN,SAMI,UPALIYASARA,UPALIYASARA,9,325
PATAN,SAMI,VAGHEL,VAGHEL,16,708
PATAN,SAMI,VAGHPURA,VAGHPURA,3,228
PATAN,SAMI,VAGOSAN,VAGOSAN,13,263
PATAN,SAMI,VAHEDPUR,VAHEDPUR,5,97
PATAN,SAMI,VARANA,VARANA,53,430
PATAN,SAMI,VAVAL,VAVAL,19,212
PATAN,SAMI,VED,VED,18,790
PATAN,SAMI,ZHILWANA,ZHILWANA,47,480
PATAN,SANTALPUR,ABIYANA,ABIYANA,34,330
PATAN,SANTALPUR,ALUVAS,ALUVAS,49,157
PATAN,SANTALPUR,AMRAPUR,AMRAPUR,22,292
PATAN,SANTALPUR,ANTARNES,ANTARNES,17,1381
PATAN,SANTALPUR,BABRA,BABRA,28,626
PATAN,SANTALPUR,BAKUTRA,BAKUTRA,42,1113
PATAN,SANTALPUR,BAMROLI,BAMROLI,33,604
PATAN,SANTALPUR,BARARA,BARARA,25,475
PATAN,SANTALPUR,BAVARDA,BAVARDA,36,428
PATAN,SANTALPUR,BORUDA,BORUDA,33,202
PATAN,SANTALPUR,CHADIYANA,CHADIYANA,7,202
PATAN,SANTALPUR,CHARANDA,CHARANDA,10,153
PATAN,SANTALPUR,CHARANKA,CHARANKA,16,358
PATAN,SANTALPUR,CHHANSARA,CHHANSARA,5,311
PATAN,SANTALPUR,DABHI,DABHI,20,246
PATAN,SANTALPUR,DAIGAMDA,DAIGAMDA,29,199
PATAN,SANTALPUR,DAISAR,DAISAR,54,397
PATAN,SANTALPUR,DALDI,DALDI,52,414
PATAN,SANTALPUR,DATRANA,DATRANA,11,897
PATAN,SANTALPUR,DHOKAVADA,DHOKAVADA,64,966
PATAN,SANTALPUR,DHRANDVA,DHRANDVA,18,187
PATAN,SANTALPUR,EVAL,EVAL,16,470
PATAN,SANTALPUR,FANGLI,FANGLI,45,320
PATAN,SANTALPUR,FULPURA,FULPURA,10,238
PATAN,SANTALPUR,GADHA,GADHA,15,402
PATAN,SANTALPUR,GADSAI,GADSAI,12,257
PATAN,SANTALPUR,GANJISAR,GANJISAR,59,471
PATAN,SANTALPUR,GARAMBDI,GARAMBDI,15,561
PATAN,SANTALPUR,GOKHANTAR,GOKHANTAR,15,584
PATAN,SANTALPUR,HAMIRPURA,HAMIRPURA,52,421
PATAN,SANTALPUR,JAKHOTRA,JAKHOTRA,55,911
PATAN,SANTALPUR,JAMVADA,JAMVADA,52,299
PATAN,SANTALPUR,JARUSHA,JARUSHA,14,307
PATAN,SANTALPUR,JORAVARGADH,JORAVARGADH,30,208
PATAN,SANTALPUR,KALYANPURA,KALYANPURA,45,300
PATAN,SANTALPUR,KAMALPURA,KAMALPURA,8,148
PATAN,SANTALPUR,KESARGADH,KESARGADH,6,23
PATAN,SANTALPUR,KILANA,KILANA,8,419
PATAN,SANTALPUR,KOLIWADA,KOLIWADA,17,655
PATAN,SANTALPUR,KORDA,KORDA,43,882
PATAN,SANTALPUR,LAKHAPURA,LAKHAPURA,31,159
PATAN,SANTALPUR,LIMGAMDA,LIMGAMDA,47,211
PATAN,SANTALPUR,LODRA,LODRA,29,776
PATAN,SANTALPUR,LUNICHANA,LUNICHANA,5,169
PATAN,SANTALPUR,MADHUTRA,MADHUTRA,23,1459
PATAN,SANTALPUR,MANPURA,MANPURA,26,309
PATAN,SANTALPUR,NALIYA,NALIYA,21,127
PATAN,SANTALPUR,NAVAGAM,NAVAGAM,28,137
PATAN,SANTALPUR,PAR,PAR,11,885
PATAN,SANTALPUR,PARSUND,PARSUND,40,208
PATAN,SANTALPUR,PATANKA,PATANKA,12,512
PATAN,SANTALPUR,PIPARALA,PIPARALA,7,1494
PATAN,SANTALPUR,RAJUSARA,RAJUSARA,9,257
PATAN,SANTALPUR,RAMPURA,RAMPURA,6,141
PATAN,SANTALPUR,RANMALPURA,RANMALPURA,35,277
PATAN,SANTALPUR,ROZU,ROZU,3,292
PATAN,SANTALPUR,SADPURA,SADPURA,39,496
PATAN,SANTALPUR,SANTALPUR,SANTALPUR,66,815
PATAN,SANTALPUR,SHERPURA,SHERPURA,15,269
PATAN,SANTALPUR,SIDHADA,SIDHADA,75,544
PATAN,SANTALPUR,UNADI,UNADI,36,196
PATAN,SANTALPUR,UNDARGADHA,UNDARGADHA,31,315
PATAN,SANTALPUR,UNROT,UNROT,29,242
PATAN,SANTALPUR,VAGHPURA,VAGHPURA,14,72
PATAN,SANTALPUR,VANDHIYA,VANDHIYA,13,83
PATAN,SANTALPUR,VARAHI,VARAHI,79,680
PATAN,SANTALPUR,VARANOSARI,VARANOSARI,45,166
PATAN,SANTALPUR,VAUVA,VAUVA,40,1388
PATAN,SANTALPUR,VAVDI,VAVDI,11,68
PATAN,SANTALPUR,ZANDALA,ZANDALA,21,461
PATAN,SANTALPUR,ZANZANSAR,ZANZANSAR,14,175
PATAN,SANTALPUR,ZAZAM,ZAZAM,31,698
PATAN,SANTALPUR,ZEKADA,ZEKADA,12,642
PATAN,SIDHPUR,ANKVI,ANKVI,24,319
PATAN,SIDHPUR,BILIYA,BILIYA,31,869
PATAN,SIDHPUR,CHANDESAR,CHANDESAR,42,992
PATAN,SIDHPUR,CHANDRAVATI,CHANDRAVATI,18,546
PATAN,SIDHPUR,CHATAVADA,CHATAVADA,27,348
PATAN,SIDHPUR,DASAVADA,DASAVADA,48,296
PATAN,SIDHPUR,DETHLI,DETHLI,91,939
PATAN,SIDHPUR,DHANAVADA,DHANAVADA,17,341
PATAN,SIDHPUR,DHUMAD,DHUMAD,19,227
PATAN,SIDHPUR,DINDROL,DINDROL,33,769
PATAN,SIDHPUR,DUNGARIYASAN,DUNGARIYASAN,11,123
PATAN,SIDHPUR,GANESHPURA,GANESHPURA,44,417
PATAN,SIDHPUR,GANGLASAN,GANGLASAN,63,639
PATAN,SIDHPUR,GANVADA,GANVADA,74,632
PATAN,SIDHPUR,HISOR,HISOR,23,351
PATAN,SIDHPUR,JAFARIPURA,JAFARIPURA,17,300
PATAN,SIDHPUR,KAKOSHI,KAKOSHI,79,835
PATAN,SIDHPUR,KALEDA,KALEDA,38,343
PATAN,SIDHPUR,KALYANA,KALYANA,70,1123
PATAN,SIDHPUR,KANESARA,KANESARA,36,506
PATAN,SIDHPUR,KARAN,KARAN,30,168
PATAN,SIDHPUR,KHADIYASANI,KHADIYASANI,38,252
PATAN,SIDHPUR,KHALI,KHALI,47,630
PATAN,SIDHPUR,KHOLVADA,KHOLVADA,37,740
PATAN,SIDHPUR,KOT,KOT,45,198
PATAN,SIDHPUR,KUNVARA,KUNVARA,20,1176
PATAN,SIDHPUR,LALPUR,LALPUR,98,880
PATAN,SIDHPUR,LAVARA,LAVARA,15,239
PATAN,SIDHPUR,LUKHASAN,LUKHASAN,12,280
PATAN,SIDHPUR,MAMVADA,MAMVADA,20,445
PATAN,SIDHPUR,MELOJ,MELOJ,60,747
PATAN,SIDHPUR,METHAN,METHAN,29,612
PATAN,SIDHPUR,METRANA,METRANA,43,826
PATAN,SIDHPUR,MUDANA,MUDANA,52,524
PATAN,SIDHPUR,MUDVADA,MUDVADA,67,750
PATAN,SIDHPUR,NADOTRI,NADOTRI,32,439
PATAN,SIDHPUR,NAGVASAN,NAGVASAN,43,555
PATAN,SIDHPUR,NEDRA,NEDRA,50,912
PATAN,SIDHPUR,NIDRODA,NIDRODA,53,532
PATAN,SIDHPUR,PACHAKVADA,PACHAKVADA,47,480
PATAN,SIDHPUR,PUNASAN,PUNASAN,51,276
PATAN,SIDHPUR,RASULPURA,RASULPURA,21,543
PATAN,SIDHPUR,SAHESA,SAHESA,14,176
PATAN,SIDHPUR,SAMODA,SAMODA,52,778
PATAN,SIDHPUR,SANDESARI,SANDESARI,10,115
PATAN,SIDHPUR,SEDRANA,SEDRANA,55,1383
PATAN,SIDHPUR,SEVALNI,SEVALNI,18,164
PATAN,SIDHPUR,SUJANPUR,SUJANPUR,32,430
PATAN,SIDHPUR,TAVADIA,TAVADIA,51,336
PATAN,SIDHPUR,THAKRASAN,THAKRASAN,19,209
PATAN,SIDHPUR,UMRU,UMRU,59,664
PATAN,SIDHPUR,VADHANA,VADHANA,43,598
PATAN,SIDHPUR,VAGHROL,VAGHROL,12,229
PATAN,SIDHPUR,VANASAN,VANASAN,61,527
PATAN,SIDHPUR,VARSILA,VARSILA,23,267
PORBANDAR,KUTIYANA,AMAR,AMAR,103,385
PORBANDAR,KUTIYANA,AMIPUR,AMIPUR,72,334
PORBANDAR,KUTIYANA,BALOCH,BALOCH,82,284
PORBANDAR,KUTIYANA,BAVLAVADAR,BAVLAVADAR,21,777
PORBANDAR,KUTIYANA,BHADULA,BHADULA,66,242
PORBANDAR,KUTIYANA,BHOGSAR,BHOGSAR,31,296
PORBANDAR,KUTIYANA,BILDI,BILDI,41,145
PORBANDAR,KUTIYANA,CHHATRAVA,CHHATRAVA,72,578
PORBANDAR,KUTIYANA,CHOLIYANA,CHOLIYANA,27,150
PORBANDAR,KUTIYANA,CHOUTA,CHOUTA,83,300
PORBANDAR,KUTIYANA,DADUKA,DADUKA,41,271
PORBANDAR,KUTIYANA,DEVDA,DEVDA,142,649
PORBANDAR,KUTIYANA,DHARSAN,DHARSAN,46,354
PORBANDAR,KUTIYANA,DHRUVALA,DHRUVALA,14,153
PORBANDAR,KUTIYANA,FARER,FARER,26,271
PORBANDAR,KUTIYANA,GADHVANA,GADHVANA,11,191
PORBANDAR,KUTIYANA,GOKARAN,GOKARAN,37,213
PORBANDAR,KUTIYANA,HAMADPARA,HAMADPARA,24,190
PORBANDAR,KUTIYANA,HELABELI,HELABELI,7,112
PORBANDAR,KUTIYANA,ISHVARIYA,ISHVARIYA,214,584
PORBANDAR,KUTIYANA,JAMRA,JAMRA,92,490
PORBANDAR,KUTIYANA,JUNEJ,JUNEJ,19,131
PORBANDAR,KUTIYANA,KADEGI,KADEGI,54,451
PORBANDAR,KUTIYANA,KANSAVAD,KANSAVAD,90,498
PORBANDAR,KUTIYANA,KANTOL,KANTOL,70,1117
PORBANDAR,KUTIYANA,KATWANA,KATWANA,43,155
PORBANDAR,KUTIYANA,KAVALKA,KAVALKA,47,318
PORBANDAR,KUTIYANA,KHAGESHRI,KHAGESHRI,71,759
PORBANDAR,KUTIYANA,KHUNPUR,KHUNPUR,7,900
PORBANDAR,KUTIYANA,KOTDA,KOTDA,22,470
PORBANDAR,KUTIYANA,MAHIYARI,MAHIYARI,98,1485
PORBANDAR,KUTIYANA,MAHOBATPURA,MAHOBATPURA,73,167
PORBANDAR,KUTIYANA,MAL,MAL,35,2291
PORBANDAR,KUTIYANA,MALANKA,MALANKA,61,143
PORBANDAR,KUTIYANA,MANDVA,MANDVA,60,488
PORBANDAR,KUTIYANA,MODDAR,MODDAR,73,519
PORBANDAR,KUTIYANA,MOTA GHED,MOTAGHED,45,281
PORBANDAR,KUTIYANA,PASWALI,PASWALI,56,389
PORBANDAR,KUTIYANA,RAMNAGAR,RAMNAGAR,52,271
PORBANDAR,KUTIYANA,REVADRA,REVADRA,20,265
PORBANDAR,KUTIYANA,ROGHADA,ROGHADA,71,173
PORBANDAR,KUTIYANA,SEGRAS,SEGRAS,112,827
PORBANDAR,KUTIYANA,SINDHPUR,SINDHPUR,31,1067
PORBANDAR,KUTIYANA,TARKHAI,TARKHAI,38,384
PORBANDAR,KUTIYANA,TERI,TERI,20,64
PORBANDAR,KUTIYANA,THEPDA,THEPDA,28,117
PORBANDAR,KUTIYANA,UJAD THEPDA,UJADTHEPDA,88,307
PORBANDAR,KUTIYANA,VADALA,VADALA,64,150
PORBANDAR,PORBANDAR,ADVANA,ADVANA,117,1034
PORBANDAR,PORBANDAR,AMBARAMA,AMBARAMA,117,672
PORBANDAR,PORBANDAR,BAGVADAR,BAGVADAR,64,159
PORBANDAR,PORBANDAR,BAKHARLA,BAKHARLA,183,2461
PORBANDAR,PORBANDAR,BALEJ,BALEJ,255,2720
PORBANDAR,PORBANDAR,BARADIYA,BARADIYA,50,359
PORBANDAR,PORBANDAR,BAVALVAV,BAVALVAV,31,289
PORBANDAR,PORBANDAR,BERAN,BERAN,5,119
PORBANDAR,PORBANDAR,BHAD,BHAD,58,5928
PORBANDAR,PORBANDAR,BHARVADA,BHARVADA,85,941
PORBANDAR,PORBANDAR,BHETKADI,BHETKADI,87,355
PORBANDAR,PORBANDAR,BHOMIYAVADAR,BHOMIYAVADAR,37,590
PORBANDAR,PORBANDAR,BOKHIRA,BOKHIRA,34,1079
PORBANDAR,PORBANDAR,BORICHA,BORICHA,41,138
PORBANDAR,PORBANDAR,CHIKASA,CHIKASA,105,264
PORBANDAR,PORBANDAR,CHINGARIYA,CHINGARIYA,33,434
PORBANDAR,PORBANDAR,DEGAM,DEGAM,102,780
PORBANDAR,PORBANDAR,DELODAR,DELODAR,41,252
PORBANDAR,PORBANDAR,ERADA,ERADA,35,407
PORBANDAR,PORBANDAR,FATANA,FATANA,88,903
PORBANDAR,PORBANDAR,GAREJ,GAREJ,141,1287
PORBANDAR,PORBANDAR,GODHANA,GODHANA,55,190
PORBANDAR,PORBANDAR,GORSAR,GORSAR,38,377
PORBANDAR,PORBANDAR,GOSA,GOSA,140,2561
PORBANDAR,PORBANDAR,ISHVARIYA,ISHVARIYA,25,616
PORBANDAR,PORBANDAR,KADACHH,KADACHH,61,5129
PORBANDAR,PORBANDAR,KANTELA,KANTELA,105,623
PORBANDAR,PORBANDAR,KATVANA,KATVANA,90,346
PORBANDAR,PORBANDAR,KESHAV,KESHAV,68,642
PORBANDAR,PORBANDAR,KESHOD (LUSHALA),KESHODLUSHALA,9,151
PORBANDAR,PORBANDAR,KHAMBHODAR,KHAMBHODAR,76,1371
PORBANDAR,PORBANDAR,KHAPAT,KHAPAT,56,300
PORBANDAR,PORBANDAR,KHISTRI,KHISTRI,7,277
PORBANDAR,PORBANDAR,KINDAR KHEDA,KINDARKHEDA,43,1756
PORBANDAR,PORBANDAR,KOLIKHADA,KOLIKHADA,55,269
PORBANDAR,PORBANDAR,KUCHHDI,KUCHHDI,205,1208
PORBANDAR,PORBANDAR,KUNVADAR,KUNVADAR,40,555
PORBANDAR,PORBANDAR,MADHAVPUR,MADHAVPUR,198,1526
PORBANDAR,PORBANDAR,MAJIVANA,MAJIVANA,87,449
PORBANDAR,PORBANDAR,MANDER,MANDER,91,1871
PORBANDAR,PORBANDAR,MITRALA,MITRALA,26,460
PORBANDAR,PORBANDAR,MIYANI,MIYANI,165,793
PORBANDAR,PORBANDAR,MOCHA,MOCHA,56,273
PORBANDAR,PORBANDAR,MODHVADA,MODHVADA,134,1266
PORBANDAR,PORBANDAR,MORANA,MORANA,38,458
PORBANDAR,PORBANDAR,NAGKA,NAGKA,82,615
PORBANDAR,PORBANDAR,NATVARNAGAR,NATVARNAGAR,20,291
PORBANDAR,PORBANDAR,NAVI BANDAR,NAVIBANDAR,5,7
PORBANDAR,PORBANDAR,ODDAR,ODDAR,7,3804
PORBANDAR,PORBANDAR,PALKHADA,PALKHADA,100,736
PORBANDAR,PORBANDAR,PANDAVADAR,PANDAVADAR,33,95
PORBANDAR,PORBANDAR,PARAVADA,PARAVADA,27,274
PORBANDAR,PORBANDAR,PATA,PATA,28,931
PORBANDAR,PORBANDAR,RAJPAR,RAJPAR,97,231
PORBANDAR,PORBANDAR,RATANPAR,RATANPAR,38,387
PORBANDAR,PORBANDAR,RATDI,RATDI,29,263
PORBANDAR,PORBANDAR,RATIYA,RATIYA,43,392
PORBANDAR,PORBANDAR,RINAVADA,RINAVADA,16,141
PORBANDAR,PORBANDAR,ROJHIVADA,ROJHIVADA,54,322
PORBANDAR,PORBANDAR,SHINGDA,SHINGDA,102,742
PORBANDAR,PORBANDAR,SHRINAGAR,SHRINAGAR,9,352
PORBANDAR,PORBANDAR,SIMANI,SIMANI,35,88
PORBANDAR,PORBANDAR,SIMAR,SIMAR,73,542
PORBANDAR,PORBANDAR,SISLI,SISLI,60,630
PORBANDAR,PORBANDAR,SODHANA,SODHANA,89,1183
PORBANDAR,PORBANDAR,SUKHPUR,SUKHPUR,29,231
PORBANDAR,PORBANDAR,TUKDA GOSA,TUKDAGOSA,45,2986
PORBANDAR,PORBANDAR,TUKDA MIYANI,TUKDAMIYANI,81,706
PORBANDAR,PORBANDAR,UNTADA,UNTADA,16,220
PORBANDAR,PORBANDAR,VACHHODA,VACHHODA,19,161
PORBANDAR,PORBANDAR,VADALA,VADALA,62,738
PORBANDAR,PORBANDAR,VINJHRANA,VINJHRANA,28,247
PORBANDAR,PORBANDAR,VISAVADA,VISAVADA,114,1246
PORBANDAR,PORBANDAR,ZAVAR,ZAVAR,5,150
PORBANDAR,RANAVAV,AASHIYAPAT,AASHIYAPAT,16,46
PORBANDAR,RANAVAV,ADITYANA,ADITYANA,62,2669
PORBANDAR,RANAVAV,AMARDAD,AMARDAD,43,1185
PORBANDAR,RANAVAV,ANIYARI,ANIYARI,150,481
PORBANDAR,RANAVAV,BAPODAR,BAPODAR,111,2297
PORBANDAR,RANAVAV,BHOD,BHOD,161,541
PORBANDAR,RANAVAV,BHODADAR,BHODADAR,54,416
PORBANDAR,RANAVAV,BILESHVAR,BILESHVAR,33,60
PORBANDAR,RANAVAV,BORDI,BORDI,165,491
PORBANDAR,RANAVAV,DAIYAR,DAIYAR,47,235
PORBANDAR,RANAVAV,DHARAMPUR,DHARAMPUR,34,55
PORBANDAR,RANAVAV,DIGVIJAYGHAD,DIGVIJAYGHAD,26,133
PORBANDAR,RANAVAV,HANUMANGHAD,HANUMANGHAD,50,149
PORBANDAR,RANAVAV,JAMBU,JAMBU,42,208
PORBANDAR,RANAVAV,KERALA,KERALA,40,175
PORBANDAR,RANAVAV,KHAMBHALA,KHAMBHALA,61,114
PORBANDAR,RANAVAV,KHIJDAD,KHIJDAD,42,356
PORBANDAR,RANAVAV,KHIRSRA,KHIRSRA,13,2346
PORBANDAR,RANAVAV,MAHIRA,MAHIRA,19,149
PORBANDAR,RANAVAV,MOKAR,MOKAR,219,1409
PORBANDAR,RANAVAV,NERANA,NERANA,54,261
PORBANDAR,RANAVAV,PADRADI,PADRADI,96,382
PORBANDAR,RANAVAV,PIPLIYA,PIPLIYA,66,177
PORBANDAR,RANAVAV,RANAKANDORNA,RANAKANDORNA,143,1034
PORBANDAR,RANAVAV,RANAVADVALA,RANAVADVALA,242,1021
PORBANDAR,RANAVAV,THOYANA,THOYANA,106,502
PORBANDAR,RANAVAV,VALOTRA,VALOTRA,44,362
PORBANDAR,RANAVAV,VANANA,VANANA,30,134
RAJKOT,DHORAJI,BHADAJALIYA,BHADAJALIYA,13,113
RAJKOT,DHORAJI,BHADER,BHADER,56,329
RAJKOT,DHORAJI,BHOLA,BHOLA,33,203
RAJKOT,DHORAJI,BHOLGAMDA,BHOLGAMDA,28,291
RAJKOT,DHORAJI,BHUKHI,BHUKHI,7,215
RAJKOT,DHORAJI,BHUTVAD,BHUTVAD,24,99
RAJKOT,DHORAJI,CHHADVAVADAR,CHHADVAVADAR,26,347
RAJKOT,DHORAJI,CHHATRASA,CHHATRASA,13,1734
RAJKOT,DHORAJI,CHICHOD,CHICHOD,72,194
RAJKOT,DHORAJI,FARENI,FARENI,63,160
RAJKOT,DHORAJI,HADMATIYA,HADMATIYA,19,50
RAJKOT,DHORAJI,JAMNAVAD,JAMNAVAD,15,1275
RAJKOT,DHORAJI,KALANA,KALANA,58,365
RAJKOT,DHORAJI,MOTI MARAD,MOTIMARAD,80,1507
RAJKOT,DHORAJI,MOTI PARABDI,MOTIPARABDI,61,242
RAJKOT,DHORAJI,MOTI VAVDI,MOTIVAVDI,61,314
RAJKOT,DHORAJI,NAGALKHADA,NAGALKHADA,36,110
RAJKOT,DHORAJI,NANI MARAD,NANIMARAD,28,97
RAJKOT,DHORAJI,NANI PARABDI,NANIPARABDI,51,185
RAJKOT,DHORAJI,NANI VAVDI,NANIVAVDI,74,258
RAJKOT,DHORAJI,PATANVAV,PATANVAV,39,888
RAJKOT,DHORAJI,PIPALIYA,PIPALIYA,39,183
RAJKOT,DHORAJI,SUPEDI,SUPEDI,213,1413
RAJKOT,DHORAJI,TORANIYA,TORANIYA,33,148
RAJKOT,DHORAJI,UDAKIYA,UDAKIYA,15,76
RAJKOT,DHORAJI,UMARKOT,UMARKOT,11,110
RAJKOT,DHORAJI,VADODAR,VADODAR,40,225
RAJKOT,DHORAJI,VEGDI,VEGDI,39,90
RAJKOT,DHORAJI,VELARIYA,VELARIYA,7,97
RAJKOT,DHORAJI,ZANZMER,ZANZMER,23,592
RAJKOT,GONDAL,AMBARDI,AMBARDI,93,508
RAJKOT,GONDAL,ANALGADH,ANALGADH,6,90
RAJKOT,GONDAL,ANIDA,ANIDA,72,229
RAJKOT,GONDAL,BANDHIYA,BANDHIYA,63,1693
RAJKOT,GONDAL,BANDRA,BANDRA,4,267
RAJKOT,GONDAL,BETAVAD,BETAVAD,21,176
RAJKOT,GONDAL,BHANDARIYA,BHANDARIYA,1,183
RAJKOT,GONDAL,BHARUDI,BHARUDI,31,178
RAJKOT,GONDAL,BHOJPARA,BHOJPARA,57,146
RAJKOT,GONDAL,BHUNAVA,BHUNAVA,65,253
RAJKOT,GONDAL,BILDI,BILDI,45,175
RAJKOT,GONDAL,BILIYALA,BILIYALA,49,154
RAJKOT,GONDAL,CHARAKHDI,CHARAKHDI,57,1702
RAJKOT,GONDAL,CHORDI,CHORDI,74,1367
RAJKOT,GONDAL,DAIYA,DAIYA,28,346
RAJKOT,GONDAL,DALIYA,DALIYA,9,261
RAJKOT,GONDAL,DERDI,DERDI,44,1570
RAJKOT,GONDAL,DEVACHADI,DEVACHADI,20,292
RAJKOT,GONDAL,DEVLA,DEVLA,32,244
RAJKOT,GONDAL,DHARALA,DHARALA,5,102
RAJKOT,GONDAL,DHUDASHIYA,DHUDASHIYA,14,191
RAJKOT,GONDAL,GARNALA,GARNALA,6,300
RAJKOT,GONDAL,GHOGHAVADAR,GHOGHAVADAR,83,508
RAJKOT,GONDAL,GOMTA,GOMTA,122,422
RAJKOT,GONDAL,GUNDALA,GUNDALA,62,302
RAJKOT,GONDAL,GUNDASARA,GUNDASARA,5,2261
RAJKOT,GONDAL,HADAMATALA,HADAMATALA,36,331
RAJKOT,GONDAL,HADMADIYA,HADMADIYA,13,362
RAJKOT,GONDAL,JAMVALI,JAMVALI,23,85
RAJKOT,GONDAL,KAMADHIYA,KAMADHIYA,95,416
RAJKOT,GONDAL,KAMARKOTDA,KAMARKOTDA,4,122
RAJKOT,GONDAL,KANTOLIYA,KANTOLIYA,28,165
RAJKOT,GONDAL,KARMAL KOTDA,KARMALKOTDA,4,124
RAJKOT,GONDAL,KESHVALA,KESHVALA,55,296
RAJKOT,GONDAL,KHAMBHALIDA,KHAMBHALIDA,3,320
RAJKOT,GONDAL,KHANDADHAR,KHANDADHAR,5,311
RAJKOT,GONDAL,KOLITHAD,KOLITHAD,40,603
RAJKOT,GONDAL,LILAKHA,LILAKHA,23,128
RAJKOT,GONDAL,LUNIVAV,LUNIVAV,38,328
RAJKOT,GONDAL,MAHIKA MOTA,MAHIKAMOTA,9,213
RAJKOT,GONDAL,MAHIKA NANA,MAHIKANANA,27,137
RAJKOT,GONDAL,MANDANKUNDLA,MANDANKUNDLA,6,273
RAJKOT,GONDAL,MASITALA,MASITALA,10,222
RAJKOT,GONDAL,MESPAR,MESPAR,46,176
RAJKOT,GONDAL,META KHAMBHALIYA,METAKHAMBHALIYA,26,139
RAJKOT,GONDAL,MOTA DADVA,MOTADADVA,32,723
RAJKOT,GONDAL,MOTA SAKHPAR,MOTASAKHPAR,15,158
RAJKOT,GONDAL,MOTI KHILORI,MOTIKHILORI,12,303
RAJKOT,GONDAL,MOVIYA,MOVIYA,156,1850
RAJKOT,GONDAL,MUNGAVAVDI,MUNGAVAVDI,14,265
RAJKOT,GONDAL,NAGADKA,NAGADKA,9,182
RAJKOT,GONDAL,NANA SAKHPAR,NANASAKHPAR,5,124
RAJKOT,GONDAL,NAVAGAM,NAVAGAM,71,226
RAJKOT,GONDAL,PADAVALA,PADAVALA,7,65
RAJKOT,GONDAL,PANCHIYAVADAR,PANCHIYAVADAR,25,141
RAJKOT,GONDAL,PATIDAD,PATIDAD,48,1594
RAJKOT,GONDAL,PATIYALI,PATIYALI,29,170
RAJKOT,GONDAL,PATKHILORI,PATKHILORI,27,50
RAJKOT,GONDAL,PIPLIYA,PIPLIYA,58,140
RAJKOT,GONDAL,RANSIKI,RANSIKI,18,159
RAJKOT,GONDAL,RAVNA,RAVNA,38,189
RAJKOT,GONDAL,RIB,RIB,13,357
RAJKOT,GONDAL,RIBDA,RIBDA,8,464
RAJKOT,GONDAL,RUPAVATI,RUPAVATI,45,215
RAJKOT,GONDAL,SAJADIYALI,SAJADIYALI,13,94
RAJKOT,GONDAL,SHEMLA,SHEMLA,55,286
RAJKOT,GONDAL,SHRINATHGADH,SHRINATHGADH,77,356
RAJKOT,GONDAL,SINDHAVADAR,SINDHAVADAR,6,155
RAJKOT,GONDAL,SIVRAJGADH,SIVRAJGADH,110,1349
RAJKOT,GONDAL,SULTANPUR,SULTANPUR,51,623
RAJKOT,GONDAL,TRAKUDA,TRAKUDA,23,381
RAJKOT,GONDAL,UMVADA MOTA,UMVADAMOTA,11,241
RAJKOT,GONDAL,UMVADA NANA,UMVADANANA,31,153
RAJKOT,GONDAL,VACHHRA,VACHHRA,3,387
RAJKOT,GONDAL,VALADHARI,VALADHARI,47,153
RAJKOT,GONDAL,VANTHALI,VANTHALI,5,246
RAJKOT,GONDAL,VASAVAD,VASAVAD,43,384
RAJKOT,GONDAL,VEJAGAM,VEJAGAM,71,343
RAJKOT,GONDAL,VEKRI,VEKRI,13,1247
RAJKOT,GONDAL,VINZIVAD,VINZIVAD,7,149
RAJKOT,GONDAL,VORAKOTDA,VORAKOTDA,54,211
RAJKOT,JAMKANDORNA,ADVAL,ADVAL,18,293
RAJKOT,JAMKANDORNA,ANCHVAD,ANCHVAD,9,215
RAJKOT,JAMKANDORNA,BALAPAR,BALAPAR,2,156
RAJKOT,JAMKANDORNA,BANDHIYA,BANDHIYA,18,148
RAJKOT,JAMKANDORNA,BARDIYA,BARDIYA,19,520
RAJKOT,JAMKANDORNA,BELDA,BELDA,11,83
RAJKOT,JAMKANDORNA,BHADRA,BHADRA,45,590
RAJKOT,JAMKANDORNA,BORIYA,BORIYA,23,443
RAJKOT,JAMKANDORNA,CHAREL,CHAREL,41,791
RAJKOT,JAMKANDORNA,CHAVANDI,CHAVANDI,22,550
RAJKOT,JAMKANDORNA,CHITRAVAD,CHITRAVAD,27,982
RAJKOT,JAMKANDORNA,DADVI,DADVI,44,653
RAJKOT,JAMKANDORNA,DHOLIDHAR,DHOLIDHAR,19,313
RAJKOT,JAMKANDORNA,DUDHIVADAR,DUDHIVADAR,103,378
RAJKOT,JAMKANDORNA,GUNDASARI,GUNDASARI,23,299
RAJKOT,JAMKANDORNA,HARIYASAN,HARIYASAN,25,125
RAJKOT,JAMKANDORNA,ISHVARIYA,ISHVARIYA,8,177
RAJKOT,JAMKANDORNA,JAM KANDORNA,JAMKANDORNA,43,684
RAJKOT,JAMKANDORNA,JASAPAR,JASAPAR,67,457
RAJKOT,JAMKANDORNA,KANAVADALA,KANAVADALA,30,349
RAJKOT,JAMKANDORNA,KHAJURDA,KHAJURDA,67,822
RAJKOT,JAMKANDORNA,KHATLI,KHATLI,2,641
RAJKOT,JAMKANDORNA,KHIJADIYA MOJ,KHIJADIYAMOJ,17,185
RAJKOT,JAMKANDORNA,MATRAVAD NAVA,MATRAVADNAVA,21,148
RAJKOT,JAMKANDORNA,MEGHAVAD,MEGHAVAD,18,230
RAJKOT,JAMKANDORNA,PADARIYA,PADARIYA,15,274
RAJKOT,JAMKANDORNA,PIPALIYA AGENCY,PIPALIYAAGENCY,8,102
RAJKOT,JAMKANDORNA,PIPALIYA MALJIBHI,PIPALIYAMALJIBHI,17,99
RAJKOT,JAMKANDORNA,PIPARDI,PIPARDI,7,2127
RAJKOT,JAMKANDORNA,RAJPARA,RAJPARA,7,236
RAJKOT,JAMKANDORNA,RAMPAR,RAMPAR,26,208
RAJKOT,JAMKANDORNA,RANGPAR,RANGPAR,21,128
RAJKOT,JAMKANDORNA,RAYDI,RAYDI,90,527
RAJKOT,JAMKANDORNA,RODHEL,RODHEL,38,425
RAJKOT,JAMKANDORNA,SAJADIYALI,SAJADIYALI,7,404
RAJKOT,JAMKANDORNA,SANALA,SANALA,18,247
RAJKOT,JAMKANDORNA,SATODAD,SATODAD,31,555
RAJKOT,JAMKANDORNA,SODVADAR,SODVADAR,33,667
RAJKOT,JAMKANDORNA,TARAVDA,TARAVDA,13,126
RAJKOT,JAMKANDORNA,TARKASAR,TARKASAR,28,184
RAJKOT,JAMKANDORNA,THORALA,THORALA,34,397
RAJKOT,JAMKANDORNA,THORDI,THORDI,20,143
RAJKOT,JAMKANDORNA,UJALA,UJALA,5,80
RAJKOT,JAMKANDORNA,VAVDI,VAVDI,68,430
RAJKOT,JASDAN,ADHIYA,ADHIYA,15,175
RAJKOT,JASDAN,AJMER,AJMER,9,281
RAJKOT,JASDAN,AMBARDI,AMBARDI,99,449
RAJKOT,JASDAN,AMRAPUR,AMRAPUR,16,629
RAJKOT,JASDAN,ANKADIYA,ANKADIYA,11,152
RAJKOT,JASDAN,ASALPUR,ASALPUR,12,189
RAJKOT,JASDAN,ATKOT,ATKOT,106,632
RAJKOT,JASDAN,BAKHALVAD,BAKHALVAD,32,246
RAJKOT,JASDAN,BALDHOI,BALDHOI,68,357
RAJKOT,JASDAN,BANDHANI,BANDHANI,36,194
RAJKOT,JASDAN,BARVALA,BARVALA,11,301
RAJKOT,JASDAN,BELDA,BELDA,8,119
RAJKOT,JASDAN,BHADLA,BHADLA,5,772
RAJKOT,JASDAN,BHADLI,BHADLI,99,667
RAJKOT,JASDAN,BHANDARIYA,BHANDARIYA,107,628
RAJKOT,JASDAN,BHONYRA,BHONYRA,9,165
RAJKOT,JASDAN,BOGHRAVADAR,BOGHRAVADAR,23,287
RAJKOT,JASDAN,CHHASIYA,CHHASIYA,30,245
RAJKOT,JASDAN,CHITALIYA,CHITALIYA,14,165
RAJKOT,JASDAN,DADLI,DADLI,16,225
RAJKOT,JASDAN,DAHINSARA,DAHINSARA,18,390
RAJKOT,JASDAN,DEVDHARI,DEVDHARI,53,286
RAJKOT,JASDAN,DEVPARA,DEVPARA,5,174
RAJKOT,JASDAN,DHEDHUKI,DHEDHUKI,16,115
RAJKOT,JASDAN,DODIYALA,DODIYALA,34,543
RAJKOT,JASDAN,DOLATPAR,DOLATPAR,16,512
RAJKOT,JASDAN,FULZAR,FULZAR,31,261
RAJKOT,JASDAN,GADHADIYA (JAM),GADHADIYAJAM,6,148
RAJKOT,JASDAN,GADHADIYA (JAS),GADHADIYAJAS,10,237
RAJKOT,JASDAN,GADHALA,GADHALA,6,108
RAJKOT,JASDAN,GODLADHAR,GODLADHAR,14,1157
RAJKOT,JASDAN,GOKHLANA,GOKHLANA,44,334
RAJKOT,JASDAN,GUNDALA (JAM),GUNDALAJAM,23,141
RAJKOT,JASDAN,GUNDALA (JAS),GUNDALAJAS,4,366
RAJKOT,JASDAN,HADMATIA KHANDA,HADMATIAKHANDA,29,213
RAJKOT,JASDAN,HATHASANI,HATHASANI,14,199
RAJKOT,JASDAN,HINGOLGADH,HINGOLGADH,34,243
RAJKOT,JASDAN,ISHVARIYA,ISHVARIYA,14,1207
RAJKOT,JASDAN,JANADA,JANADA,10,300
RAJKOT,JASDAN,JANGVAD,JANGVAD,38,585
RAJKOT,JASDAN,JASAPAR,JASAPAR,32,502
RAJKOT,JASDAN,JIVAPAR,JIVAPAR,43,755
RAJKOT,JASDAN,JUNA PIPALIYA,JUNAPIPALIYA,53,1206
RAJKOT,JASDAN,KADUKA,KADUKA,35,518
RAJKOT,JASDAN,KALASAR,KALASAR,6,652
RAJKOT,JASDAN,KAMLAPUR,KAMLAPUR,33,898
RAJKOT,JASDAN,KANDHEVALIYA,KANDHEVALIYA,26,239
RAJKOT,JASDAN,KANESARA,KANESARA,72,621
RAJKOT,JASDAN,KANPAR,KANPAR,22,339
RAJKOT,JASDAN,KANSLOLIYA,KANSLOLIYA,26,444
RAJKOT,JASDAN,KHADKANA,KHADKANA,18,100
RAJKOT,JASDAN,KHADVAVDI,KHADVAVDI,95,275
RAJKOT,JASDAN,KHARACHIYA JAM,KHARACHIYAJAM,53,307
RAJKOT,JASDAN,KHARACHIYA JAS,KHARACHIYAJAS,10,99
RAJKOT,JASDAN,KOTDA,KOTDA,30,382
RAJKOT,JASDAN,KOTHI,KOTHI,28,489
RAJKOT,JASDAN,KUNDANI,KUNDANI,7,170
RAJKOT,JASDAN,LALAVADAR,LALAVADAR,34,145
RAJKOT,JASDAN,LILAPUR,LILAPUR,92,1708
RAJKOT,JASDAN,MADAVA,MADAVA,14,217
RAJKOT,JASDAN,MADHAVIPUR,MADHAVIPUR,7,583
RAJKOT,JASDAN,MADHDA,MADHDA,8,117
RAJKOT,JASDAN,MEGHPAR,MEGHPAR,8,233
RAJKOT,JASDAN,MODHUKA,MODHUKA,62,284
RAJKOT,JASDAN,MOTA HADMATIA,MOTAHADMATIA,48,199
RAJKOT,JASDAN,MOTA MATRA,MOTAMATRA,22,280
RAJKOT,JASDAN,MOTI LAKHAVAD,MOTILAKHAVAD,34,185
RAJKOT,JASDAN,NANI LAKHAVAD,NANILAKHAVAD,24,685
RAJKOT,JASDAN,NAVAGAM,NAVAGAM,18,74
RAJKOT,JASDAN,PANCHAVADA,PANCHAVADA,32,376
RAJKOT,JASDAN,PAREWALA,PAREWALA,20,216
RAJKOT,JASDAN,PATIYALI,PATIYALI,12,143
RAJKOT,JASDAN,PIPARDI,PIPARDI,16,811
RAJKOT,JASDAN,POLARPAR,POLARPAR,11,192
RAJKOT,JASDAN,PRATAPPUR,PRATAPPUR,25,297
RAJKOT,JASDAN,RAJA VADLA JAM,RAJAVADLAJAM,10,745
RAJKOT,JASDAN,RAJVADLA JAS,RAJVADLAJAS,21,113
RAJKOT,JASDAN,RAMALIYA,RAMALIYA,28,299
RAJKOT,JASDAN,RANINGPAR,RANINGPAR,8,145
RAJKOT,JASDAN,RANJITGADH,RANJITGADH,9,132
RAJKOT,JASDAN,RANPARDA,RANPARDA,4,190
RAJKOT,JASDAN,REVANIYA,REVANIYA,13,322
RAJKOT,JASDAN,RUPAVATI,RUPAVATI,39,1762
RAJKOT,JASDAN,SANALA,SANALA,6,166
RAJKOT,JASDAN,SANALI,SANALI,28,303
RAJKOT,JASDAN,SANATHALI,SANATHALI,47,726
RAJKOT,JASDAN,SARTANPAR,SARTANPAR,39,100
RAJKOT,JASDAN,SHIVRAJPUR,SHIVRAJPUR,37,1652
RAJKOT,JASDAN,SOM PIPALIYA,SOMPIPALIYA,32,164
RAJKOT,JASDAN,SOMALPAR,SOMALPAR,9,98
RAJKOT,JASDAN,THORIYALI,THORIYALI,16,164
RAJKOT,JASDAN,VADOD,VADOD,46,364
RAJKOT,JASDAN,VANALA,VANALA,21,186
RAJKOT,JASDAN,VANGADHARA,VANGADHARA,4,272
RAJKOT,JASDAN,VERAVAL BHADLA,VERAVALBHADLA,10,111
RAJKOT,JASDAN,VERAVAL BHADLI,VERAVALBHADLI,30,144
RAJKOT,JASDAN,VERAVAL SANATHALI,VERAVALSANATHALI,19,122
RAJKOT,JASDAN,VINCHHIYA,VINCHHIYA,112,479
RAJKOT,JASDAN,VIRNAGAR,VIRNAGAR,180,585
RAJKOT,JASDAN,VIRPAR BHADLA,VIRPARBHADLA,17,142
RAJKOT,JASDAN,ZUNDALA,ZUNDALA,32,338
RAJKOT,JETPUR,AKALA,AKALA,6,105
RAJKOT,JETPUR,AMARNAGAR,AMARNAGAR,122,440
RAJKOT,JETPUR,AMRAPAR,AMRAPAR,11,123
RAJKOT,JETPUR,ARAB TIMBDI,ARABTIMBDI,17,350
RAJKOT,JETPUR,BAVA PIPALIYA,BAVAPIPALIYA,10,292
RAJKOT,JETPUR,BHEDA PIPLIYA,BHEDAPIPLIYA,25,72
RAJKOT,JETPUR,BORDI SAMADGIYALA,BORDISAMADGIYALA,52,753
RAJKOT,JETPUR,CHAMPRAJPUR,CHAMPRAJPUR,13,83
RAJKOT,JETPUR,CHARAN SAMADHIYALA,CHARANSAMADHIYALA,11,342
RAJKOT,JETPUR,CHARANIYA,CHARANIYA,13,457
RAJKOT,JETPUR,DEDRVA,DEDRVA,12,281
RAJKOT,JETPUR,DERDI,DERDI,11,437
RAJKOT,JETPUR,DEVKI GALOL,DEVKIGALOL,25,351
RAJKOT,JETPUR,HARIPAR,HARIPAR,6,143
RAJKOT,JETPUR,JAMBUDI,JAMBUDI,23,152
RAJKOT,JETPUR,JEPUR,JEPUR,8,965
RAJKOT,JETPUR,JETALSAR GAM,JETALSARGAM,12,634
RAJKOT,JETPUR,JETALSAR JUNCTION,JETALSARJUNCTION,3,86
RAJKOT,JETPUR,JUNI SANKALI,JUNISANKALI,9,420
RAJKOT,JETPUR,KAGVAD,KAGVAD,41,421
RAJKOT,JETPUR,KERALI,KERALI,34,431
RAJKOT,JETPUR,KHAJURI GUNDALA,KHAJURIGUNDALA,56,2233
RAJKOT,JETPUR,KHARACHIYA,KHARACHIYA,33,316
RAJKOT,JETPUR,KHIRSARA,KHIRSARA,64,391
RAJKOT,JETPUR,LUNAGARA,LUNAGARA,8,342
RAJKOT,JETPUR,LUNAGIRI,LUNAGIRI,14,180
RAJKOT,JETPUR,MANDLIKPUR,MANDLIKPUR,19,339
RAJKOT,JETPUR,MEVASA,MEVASA,89,747
RAJKOT,JETPUR,MONPAR,MONPAR,14,197
RAJKOT,JETPUR,MOTA GUNDALA,MOTAGUNDALA,12,411
RAJKOT,JETPUR,NAVI SANKALI,NAVISANKALI,17,160
RAJKOT,JETPUR,PANCHPIPLA,PANCHPIPLA,28,436
RAJKOT,JETPUR,PEDHLA,PEDHLA,20,418
RAJKOT,JETPUR,PIPALVA,PIPALVA,9,326
RAJKOT,JETPUR,PITHADIYA,PITHADIYA,92,485
RAJKOT,JETPUR,PREMGADH,PREMGADH,17,242
RAJKOT,JETPUR,RABARIKA,RABARIKA,46,371
RAJKOT,JETPUR,RESHAMDI GALOL,RESHAMDIGALOL,23,863
RAJKOT,JETPUR,RUPAVATI,RUPAVATI,11,212
RAJKOT,JETPUR,SARDHARPUR,SARDHARPUR,56,384
RAJKOT,JETPUR,SELUKA,SELUKA,9,135
RAJKOT,JETPUR,STATION VAVDI,STATIONVAVDI,7,306
RAJKOT,JETPUR,THANA GALOL,THANAGALOL,10,677
RAJKOT,JETPUR,THORALA,THORALA,5,297
RAJKOT,JETPUR,UMRALI,UMRALI,73,496
RAJKOT,JETPUR,VADASADA,VADASADA,69,509
RAJKOT,JETPUR,VALADUNGRA,VALADUNGRA,7,226
RAJKOT,JETPUR,VIRPUR,VIRPUR,10,1185
RAJKOT,KOTADA SANGANI,AMBALIYALA,AMBALIYALA,42,184
RAJKOT,KOTADA SANGANI,ANANDPARA,ANANDPARA,18,161
RAJKOT,KOTADA SANGANI,ANIDA-VACHHARA,ANIDAVACHHARA,66,278
RAJKOT,KOTADA SANGANI,ARDOI,ARDOI,81,1692
RAJKOT,KOTADA SANGANI,BAGDADIYA,BAGDADIYA,17,139
RAJKOT,KOTADA SANGANI,BHADUI,BHADUI,16,189
RAJKOT,KOTADA SANGANI,BHADVA,BHADVA,54,163
RAJKOT,KOTADA SANGANI,CHAMPABEDA,CHAMPABEDA,36,202
RAJKOT,KOTADA SANGANI,DETADIYA,DETADIYA,14,104
RAJKOT,KOTADA SANGANI,DEVLIYA,DEVLIYA,36,143
RAJKOT,KOTADA SANGANI,HADMATALA,HADMATALA,55,307
RAJKOT,KOTADA SANGANI,JUNA RAJPIPLA,JUNARAJPIPLA,27,155
RAJKOT,KOTADA SANGANI,JUNI MENGANI,JUNIMENGANI,51,274
RAJKOT,KOTADA SANGANI,KALAMBHADI,KALAMBHADI,21,152
RAJKOT,KOTADA SANGANI,KARMAL PIPLIYA,KARMALPIPLIYA,20,86
RAJKOT,KOTADA SANGANI,KHAREDA,KHAREDA,21,144
RAJKOT,KOTADA SANGANI,KOKHARI,KOKHARI,23,156
RAJKOT,KOTADA SANGANI,KOTDASANGANI,KOTDASANGANI,41,369
RAJKOT,KOTADA SANGANI,MANEKVADA,MANEKVADA,38,289
RAJKOT,KOTADA SANGANI,MOTA MANDVA,MOTAMANDVA,43,346
RAJKOT,KOTADA SANGANI,NANA MANDVA,NANAMANDVA,80,198
RAJKOT,KOTADA SANGANI,NARANKA,NARANKA,27,212
RAJKOT,KOTADA SANGANI,NAVA RAJPIPLA,NAVARAJPIPLA,15,85
RAJKOT,KOTADA SANGANI,NAVI MENGANI,NAVIMENGANI,84,503
RAJKOT,KOTADA SANGANI,NONDHANCHORA,NONDHANCHORA,50,670
RAJKOT,KOTADA SANGANI,PADVALA,PADVALA,32,271
RAJKOT,KOTADA SANGANI,PANCHTALAVADA,PANCHTALAVADA,55,217
RAJKOT,KOTADA SANGANI,PIPLALA,PIPLALA,14,139
RAJKOT,KOTADA SANGANI,RAJGADH,RAJGADH,30,290
RAJKOT,KOTADA SANGANI,RAJPARA,RAJPARA,38,885
RAJKOT,KOTADA SANGANI,RAMOD,RAMOD,197,681
RAJKOT,KOTADA SANGANI,RAMPARA,RAMPARA,45,235
RAJKOT,KOTADA SANGANI,SANDHVAYA,SANDHVAYA,32,316
RAJKOT,KOTADA SANGANI,SATAPAR,SATAPAR,70,1226
RAJKOT,KOTADA SANGANI,SHISHAK,SHISHAK,34,1044
RAJKOT,KOTADA SANGANI,SOLIYA,SOLIYA,35,186
RAJKOT,KOTADA SANGANI,THORDI,THORDI,70,1247
RAJKOT,KOTADA SANGANI,VADIPARA,VADIPARA,33,189
RAJKOT,KOTADA SANGANI,VADIYA,VADIYA,19,217
RAJKOT,LODHIKA,ABHEPAR,ABHEPAR,17,170
RAJKOT,LODHIKA,BALSAR,BALSAR,23,82
RAJKOT,LODHIKA,CHANDLI,CHANDLI,27,445
RAJKOT,LODHIKA,CHHAPRA,CHHAPRA,89,199
RAJKOT,LODHIKA,CHIBHDA,CHIBHDA,74,591
RAJKOT,LODHIKA,DEVLA,DEVLA,57,191
RAJKOT,LODHIKA,DHUDIYA DOMDA,DHUDIYADOMDA,6,238
RAJKOT,LODHIKA,HARIPAR TARAVADA,HARIPARTARAVADA,4,125
RAJKOT,LODHIKA,JETAKUBA,JETAKUBA,7,153
RAJKOT,LODHIKA,KHAMBHA,KHAMBHA,55,395
RAJKOT,LODHIKA,KOTHA PIPALIYA,KOTHAPIPALIYA,14,216
RAJKOT,LODHIKA,LAXMI INTALA,LAXMIINTALA,11,298
RAJKOT,LODHIKA,LODHIKA,LODHIKA,73,496
RAJKOT,LODHIKA,MAKHAVAD,MAKHAVAD,51,269
RAJKOT,LODHIKA,MOTAVADA,MOTAVADA,48,359
RAJKOT,LODHIKA,NAGAR PIPALIYA,NAGARPIPALIYA,79,956
RAJKOT,LODHIKA,NANDHU PIPALIYA,NANDHUPIPALIYA,14,90
RAJKOT,LODHIKA,PAMBHAR INTALA,PAMBHARINTALA,13,126
RAJKOT,LODHIKA,PIPALIYA PAL,PIPALIYAPAL,18,186
RAJKOT,LODHIKA,PIPARDI,PIPARDI,23,240
RAJKOT,LODHIKA,RATANPAR,RATANPAR,13,58
RAJKOT,LODHIKA,RAVKI,RAVKI,51,246
RAJKOT,LODHIKA,SANGANVA,SANGANVA,54,328
RAJKOT,LODHIKA,TARAVADA,TARAVADA,6,131
RAJKOT,LODHIKA,UND KHIJADIYA,UNDKHIJADIYA,7,95
RAJKOT,LODHIKA,VAGUDAD,VAGUDAD,30,225
RAJKOT,LODHIKA,VIRVA,VIRVA,24,129
RAJKOT,MALIYA,BAGASARA,BAGASARA,2,171
RAJKOT,MALIYA,BHAVPAR,BHAVPAR,4,417
RAJKOT,MALIYA,BODKI,BODKI,8,191
RAJKOT,MALIYA,CHAMANPAR,CHAMANPAR,2,188
RAJKOT,MALIYA,CHANCHAVADARDA,CHANCHAVADARDA,16,295
RAJKOT,MALIYA,CHIKHLI,CHIKHLI,2,285
RAJKOT,MALIYA,DERALA,DERALA,6,1366
RAJKOT,MALIYA,FATTEPAR,FATTEPAR,7,80
RAJKOT,MALIYA,GHANTILA,GHANTILA,11,1124
RAJKOT,MALIYA,HARIPAR,HARIPAR,15,186
RAJKOT,MALIYA,JAJASAR,JAJASAR,5,452
RAJKOT,MALIYA,JASAPAR,JASAPAR,25,263
RAJKOT,MALIYA,KAJARDA,KAJARDA,3,346
RAJKOT,MALIYA,KHAKHRECHI,KHAKHRECHI,55,1508
RAJKOT,MALIYA,KHIRAI,KHIRAI,12,286
RAJKOT,MALIYA,KHIRSARA,KHIRSARA,6,121
RAJKOT,MALIYA,KUMBHARIYA,KUMBHARIYA,7,427
RAJKOT,MALIYA,KUNTASI,KUNTASI,8,548
RAJKOT,MALIYA,LAXMIVAS,LAXMIVAS,1,327
RAJKOT,MALIYA,MAHENDRAGADH,MAHENDRAGADH,3,129
RAJKOT,MALIYA,MANABA,MANABA,52,252
RAJKOT,MALIYA,MANDARKI,MANDARKI,2,155
RAJKOT,MALIYA,MEGHPAR,MEGHPAR,3,258
RAJKOT,MALIYA,MOTA BHELA,MOTABHELA,21,479
RAJKOT,MALIYA,MOTA DAHISARA,MOTADAHISARA,10,1125
RAJKOT,MALIYA,MOTI BARAR,MOTIBARAR,19,214
RAJKOT,MALIYA,NANA BHELA,NANABHELA,3,197
RAJKOT,MALIYA,NANA DAHISARA,NANADAHISARA,8,342
RAJKOT,MALIYA,NANI BARAR,NANIBARAR,16,785
RAJKOT,MALIYA,NAVAGAM,NAVAGAM,35,558
RAJKOT,MALIYA,RASANGPAR,RASANGPAR,31,299
RAJKOT,MALIYA,ROHISHALA,ROHISHALA,19,176
RAJKOT,MALIYA,SARVAD,SARVAD,65,724
RAJKOT,MALIYA,SONGADH,SONGADH,7,61
RAJKOT,MALIYA,SULTANPUR,SULTANPUR,21,199
RAJKOT,MALIYA,TARGHARI,TARGHARI,7,422
RAJKOT,MALIYA,VADHARVA,VADHARVA,21,811
RAJKOT,MALIYA,VARDUSAR,VARDUSAR,5,293
RAJKOT,MALIYA,VARSAMEDI,VARSAMEDI,2,87
RAJKOT,MALIYA,VAVANIYA,VAVANIYA,4,314
RAJKOT,MALIYA,VEJALPAR,VEJALPAR,7,572
RAJKOT,MALIYA,VENASAR,VENASAR,4,334
RAJKOT,MALIYA,VIRVADARKA,VIRVADARKA,4,1447
RAJKOT,MORBI,ADEPAR,ADEPAR,1,171
RAJKOT,MORBI,AMARAPAR NAG,AMARAPARNAG,9,149
RAJKOT,MORBI,ANDARNA,ANDARNA,29,626
RAJKOT,MORBI,ANIYARI,ANIYARI,33,181
RAJKOT,MORBI,BAGATHALA,BAGATHALA,47,1014
RAJKOT,MORBI,BAHADURGADH,BAHADURGADH,6,324
RAJKOT,MORBI,BARVALA,BARVALA,27,362
RAJKOT,MORBI,BELA RANGPAR,BELARANGPAR,4,575
RAJKOT,MORBI,BILIYA,BILIYA,3,379
RAJKOT,MORBI,CHAKAMPAR,CHAKAMPAR,4,686
RAJKOT,MORBI,CHANCHAPAR,CHANCHAPAR,42,606
RAJKOT,MORBI,DHARAMPUR,DHARAMPUR,10,186
RAJKOT,MORBI,GALA,GALA,54,341
RAJKOT,MORBI,GHUNADA SAJANPAR,GHUNADASAJANPAR,4,537
RAJKOT,MORBI,GHUNTU,GHUNTU,30,937
RAJKOT,MORBI,GIDACH,GIDACH,6,225
RAJKOT,MORBI,GOR KHIJADIA,GORKHIJADIA,10,148
RAJKOT,MORBI,GUNGAN,GUNGAN,10,880
RAJKOT,MORBI,HAJNALI,HAJNALI,10,230
RAJKOT,MORBI,HARIPAR,HARIPAR,11,323
RAJKOT,MORBI,JAMBUDIYA,JAMBUDIYA,31,161
RAJKOT,MORBI,JASMATGADH,JASMATGADH,28,727
RAJKOT,MORBI,JEPUR,JEPUR,5,174
RAJKOT,MORBI,JETPAR,JETPAR,33,926
RAJKOT,MORBI,JIVAPAR CHAKAMPAR,JIVAPARCHAKAMPAR,18,570
RAJKOT,MORBI,JODHPUR NADI,JODHPURNADI,7,366
RAJKOT,MORBI,JUNA SADULKA,JUNASADULKA,9,758
RAJKOT,MORBI,JUNANAGDAVAS,JUNANAGDAVAS,22,247
RAJKOT,MORBI,KALIKANAGAR,KALIKANAGAR,11,184
RAJKOT,MORBI,KANTIPUR,KANTIPUR,27,822
RAJKOT,MORBI,KERALA,KERALA,11,323
RAJKOT,MORBI,KHAKHRALA,KHAKHRALA,12,465
RAJKOT,MORBI,KHANPAR,KHANPAR,25,870
RAJKOT,MORBI,KHAREDA,KHAREDA,4,805
RAJKOT,MORBI,KHEVALIYA,KHEVALIYA,4,501
RAJKOT,MORBI,LAKADHIRPUR,LAKADHIRPUR,8,83
RAJKOT,MORBI,LAKDHIRNAGAR,LAKDHIRNAGAR,9,213
RAJKOT,MORBI,LALPAR,LALPAR,9,166
RAJKOT,MORBI,LILAPAR,LILAPAR,6,310
RAJKOT,MORBI,LUTAVADAR,LUTAVADAR,12,695
RAJKOT,MORBI,MAKANSAR,MAKANSAR,12,148
RAJKOT,MORBI,MANEKVADA,MANEKVADA,9,497
RAJKOT,MORBI,MANSAR,MANSAR,3,248
RAJKOT,MORBI,MODPAR,MODPAR,24,773
RAJKOT,MORBI,MOTI VAVDI,MOTIVAVDI,6,427
RAJKOT,MORBI,NAGALPAR,NAGALPAR,9,149
RAJKOT,MORBI,NANI VAVDI,NANIVAVDI,6,848
RAJKOT,MORBI,NARANKA,NARANKA,13,244
RAJKOT,MORBI,NAVA NAGDAVAS,NAVANAGDAVAS,8,1572
RAJKOT,MORBI,NAVA SADULKA,NAVASADULKA,13,563
RAJKOT,MORBI,NICHI MANDAL,NICHIMANDAL,15,412
RAJKOT,MORBI,PANCHASAR,PANCHASAR,3,763
RAJKOT,MORBI,PANELI,PANELI,9,240
RAJKOT,MORBI,PILUDI,PILUDI,2,344
RAJKOT,MORBI,PIPALI,PIPALI,15,353
RAJKOT,MORBI,PIPALIYA,PIPALIYA,3,1539
RAJKOT,MORBI,RAJPAR,RAJPAR,19,646
RAJKOT,MORBI,RANGPAR,RANGPAR,44,760
RAJKOT,MORBI,RAPAR,RAPAR,3,218
RAJKOT,MORBI,RAVAPAR NADI,RAVAPARNADI,5,433
RAJKOT,MORBI,SANALA (TALAVIYA),SANALATALAVIYA,1,124
RAJKOT,MORBI,SAPAR,SAPAR,25,724
RAJKOT,MORBI,SOKHDA,SOKHDA,2,220
RAJKOT,MORBI,THORALA,THORALA,3,394
RAJKOT,MORBI,TIMBDI,TIMBDI,3,104
RAJKOT,MORBI,UNCHI MANDAL,UNCHIMANDAL,4,184
RAJKOT,MORBI,VAGHPAR,VAGHPAR,22,430
RAJKOT,MORBI,VANALIYA,VANALIYA,3,364
RAJKOT,MORBI,VANKDA,VANKDA,9,287
RAJKOT,MORBI,VIRPARDA,VIRPARDA,15,284
RAJKOT,MORBI,ZINKIYALI,ZINKIYALI,12,578
RAJKOT,PADDHARI,ADBALKA,ADBALKA,3,168
RAJKOT,PADDHARI,AMRELI,AMRELI,41,194
RAJKOT,PADDHARI,BODIGHODI,BODIGHODI,5,332
RAJKOT,PADDHARI,CHANOL MOTI,CHANOLMOTI,10,242
RAJKOT,PADDHARI,CHANOL NANI,CHANOLNANI,6,56
RAJKOT,PADDHARI,CHANOL NAVI,CHANOLNAVI,2,152
RAJKOT,PADDHARI,CHHELLI GHODI,CHHELLIGHODI,8,87
RAJKOT,PADDHARI,DAHISARDA (AJI),DAHISARDAAJI,10,1215
RAJKOT,PADDHARI,DAHISARDA UND,DAHISARDAUND,8,161
RAJKOT,PADDHARI,DEPALIYA,DEPALIYA,9,70
RAJKOT,PADDHARI,DHOKALIYA,DHOKALIYA,16,229
RAJKOT,PADDHARI,DHUNANA GAM,DHUNANAGAM,7,89
RAJKOT,PADDHARI,DOMDA BHAYUNA,DOMDABHAYUNA,5,184
RAJKOT,PADDHARI,DUNGARKA,DUNGARKA,15,205
RAJKOT,PADDHARI,FATEPAR,FATEPAR,5,80
RAJKOT,PADDHARI,GADHDA,GADHDA,4,103
RAJKOT,PADDHARI,GOVINDPAR,GOVINDPAR,2,104
RAJKOT,PADDHARI,HADMATIYA,HADMATIYA,43,787
RAJKOT,PADDHARI,HARIPAR,HARIPAR,3,95
RAJKOT,PADDHARI,HIDAD,HIDAD,2,76
RAJKOT,PADDHARI,INTALA NANA,INTALANANA,5,95
RAJKOT,PADDHARI,ISHVARIYA,ISHVARIYA,27,270
RAJKOT,PADDHARI,JHILARIYA,JHILARIYA,39,411
RAJKOT,PADDHARI,JIVAPAR,JIVAPAR,4,210
RAJKOT,PADDHARI,JODHPAR CHHALA,JODHPARCHHALA,3,309
RAJKOT,PADDHARI,KERALA,KERALA,3,1138
RAJKOT,PADDHARI,KHAJURDI,KHAJURDI,6,371
RAJKOT,PADDHARI,KHAKHADA BELA,KHAKHADABELA,3,831
RAJKOT,PADDHARI,KHAMBHALA,KHAMBHALA,25,345
RAJKOT,PADDHARI,KHAMTA,KHAMTA,6,740
RAJKOT,PADDHARI,KHIJADIYA MOTA,KHIJADIYAMOTA,10,315
RAJKOT,PADDHARI,KHIJADIYA NANA,KHIJADIYANANA,4,141
RAJKOT,PADDHARI,KHODAPIPAR,KHODAPIPAR,7,599
RAJKOT,PADDHARI,KHOKHRI,KHOKHRI,1,248
RAJKOT,PADDHARI,METODA,METODA,16,234
RAJKOT,PADDHARI,MOVIYA,MOVIYA,5,332
RAJKOT,PADDHARI,NANAVADA,NANAVADA,4,103
RAJKOT,PADDHARI,PADADHARI,PADADHARI,28,499
RAJKOT,PADDHARI,RADAD,RADAD,8,226
RAJKOT,PADDHARI,RAMPAR MOTA,RAMPARMOTA,8,369
RAJKOT,PADDHARI,RAMPAR PATI,RAMPARPATI,10,85
RAJKOT,PADDHARI,RANGPAR,RANGPAR,6,159
RAJKOT,PADDHARI,ROJIYA,ROJIYA,4,163
RAJKOT,PADDHARI,RUPAVATI,RUPAVATI,9,201
RAJKOT,PADDHARI,SAGALIYA NANA,SAGALIYANANA,4,163
RAJKOT,PADDHARI,SALPIPALIYA,SALPIPALIYA,17,554
RAJKOT,PADDHARI,SARAPDAD,SARAPDAD,21,816
RAJKOT,PADDHARI,SUVAG,SUVAG,19,1025
RAJKOT,PADDHARI,THORIYALI,THORIYALI,16,661
RAJKOT,PADDHARI,UKARDA,UKARDA,9,435
RAJKOT,PADDHARI,VACHLI GODI,VACHLIGODI,7,147
RAJKOT,PADDHARI,VANPARI,VANPARI,15,151
RAJKOT,PADDHARI,VISAMAN,VISAMAN,5,767
RAJKOT,RAJKOT,ANIYALA,ANIYALA,15,279
RAJKOT,RAJKOT,BADPAR,BADPAR,15,71
RAJKOT,RAJKOT,BARVAN,BARVAN,39,95
RAJKOT,RAJKOT,BEDLA,BEDLA,48,402
RAJKOT,RAJKOT,BHANGDA,BHANGDA,45,179
RAJKOT,RAJKOT,BHAYASAR,BHAYASAR,19,175
RAJKOT,RAJKOT,BHUPGADH,BHUPGADH,44,509
RAJKOT,RAJKOT,CHANCHADIYA,CHANCHADIYA,5,109
RAJKOT,RAJKOT,CHITRAVAV,CHITRAVAV,6,92
RAJKOT,RAJKOT,DEROI,DEROI,16,212
RAJKOT,RAJKOT,DHANDHANI,DHANDHANI,7,176
RAJKOT,RAJKOT,DHANDHIYA,DHANDHIYA,5,247
RAJKOT,RAJKOT,DUNGARPUR,DUNGARPUR,31,70
RAJKOT,RAJKOT,FADDANG,FADDANG,46,321
RAJKOT,RAJKOT,GADHAKA,GADHAKA,4,523
RAJKOT,RAJKOT,GOLIDA,GOLIDA,33,257
RAJKOT,RAJKOT,HADMATIYA (GOLIDA),HADMATIYAGOLIDA,21,238
RAJKOT,RAJKOT,HALENDA,HALENDA,89,617
RAJKOT,RAJKOT,HARIPAR,HARIPAR,15,292
RAJKOT,RAJKOT,HIRASAR,HIRASAR,28,78
RAJKOT,RAJKOT,HODTHALI,HODTHALI,22,199
RAJKOT,RAJKOT,JALIYA,JALIYA,5,566
RAJKOT,RAJKOT,JAMGADH,JAMGADH,4,192
RAJKOT,RAJKOT,JIYANA,JIYANA,29,428
RAJKOT,RAJKOT,KASTURBADHAM,KASTURBADHAM,119,372
RAJKOT,RAJKOT,KATHROTA,KATHROTA,9,220
RAJKOT,RAJKOT,KHARACHIYA,KHARACHIYA,81,293
RAJKOT,RAJKOT,KHERDI,KHERDI,2,499
RAJKOT,RAJKOT,KHIJADIYA,KHIJADIYA,23,291
RAJKOT,RAJKOT,KHORANA,KHORANA,53,429
RAJKOT,RAJKOT,KUCHIYADAD,KUCHIYADAD,15,333
RAJKOT,RAJKOT,LAKHPAR,LAKHPAR,20,150
RAJKOT,RAJKOT,LODHIDA,LODHIDA,9,273
RAJKOT,RAJKOT,LOTHDA,LOTHDA,33,216
RAJKOT,RAJKOT,MAGHARVADA,MAGHARVADA,5,396
RAJKOT,RAJKOT,MAKANPAR,MAKANPAR,54,228
RAJKOT,RAJKOT,MESVADA,MESVADA,56,247
RAJKOT,RAJKOT,NAGALPAR,NAGALPAR,18,226
RAJKOT,RAJKOT,NAVAGAM SAR,NAVAGAMSAR,8,100
RAJKOT,RAJKOT,PADASAN,PADASAN,4,332
RAJKOT,RAJKOT,PAREVALA,PAREVALA,35,186
RAJKOT,RAJKOT,PIPALIYA,PIPALIYA,1,197
RAJKOT,RAJKOT,RAFALA,RAFALA,17,369
RAJKOT,RAJKOT,RAMNAGAR,RAMNAGAR,38,168
RAJKOT,RAJKOT,RAMPARA BETI,RAMPARABETI,56,158
RAJKOT,RAJKOT,RAMPARA(SURYA),RAMPARASURYA,4,92
RAJKOT,RAJKOT,RANPAR,RANPAR,15,77
RAJKOT,RAJKOT,SAJADIYALI LILI,SAJADIYALILILI,6,353
RAJKOT,RAJKOT,SAJADIYALI SUKI,SAJADIYALISUKI,10,310
RAJKOT,RAJKOT,SAMADHIYALA,SAMADHIYALA,49,261
RAJKOT,RAJKOT,SANOSARA,SANOSARA,15,484
RAJKOT,RAJKOT,SAR,SAR,4,161
RAJKOT,RAJKOT,SARDHAR,SARDHAR,153,826
RAJKOT,RAJKOT,SATDA,SATDA,4,168
RAJKOT,RAJKOT,SAYAPAR,SAYAPAR,15,265
RAJKOT,RAJKOT,UMRALI,UMRALI,22,238
RAJKOT,RAJKOT,VANKVAD,VANKVAD,3,34
RAJKOT,TANKARA,AMARAPAR (TOL),AMARAPARTOL,31,309
RAJKOT,TANKARA,ANANDPAR,ANANDPAR,39,273
RAJKOT,TANKARA,BANGAVADI,BANGAVADI,96,417
RAJKOT,TANKARA,BEDI,BEDI,23,328
RAJKOT,TANKARA,BHUTKOTDA,BHUTKOTDA,39,223
RAJKOT,TANKARA,CHHATTAR,CHHATTAR,45,246
RAJKOT,TANKARA,DEVALIYA,DEVALIYA,1,69
RAJKOT,TANKARA,DHROLIYA,DHROLIYA,4,84
RAJKOT,TANKARA,GHUNADA KHANPAR,GHUNADAKHANPAR,50,280
RAJKOT,TANKARA,HADALA,HADALA,110,295
RAJKOT,TANKARA,HADMATIYA,HADMATIYA,96,740
RAJKOT,TANKARA,HAMIRPAR,HAMIRPAR,41,337
RAJKOT,TANKARA,HARBATIYALI,HARBATIYALI,24,383
RAJKOT,TANKARA,HIRAPAR,HIRAPAR,55,270
RAJKOT,TANKARA,JABALPUR,JABALPUR,36,194
RAJKOT,TANKARA,JIVAPARTANKARA,JIVAPARTANKARA,42,366
RAJKOT,TANKARA,JODHPAR (ZALA),JODHPARZALA,25,244
RAJKOT,TANKARA,KAGDADI,KAGDADI,139,649
RAJKOT,TANKARA,KALANPUR,KALANPUR,57,215
RAJKOT,TANKARA,KHAKHRA,KHAKHRA,28,124
RAJKOT,TANKARA,KOTHARIYA,KOTHARIYA,124,386
RAJKOT,TANKARA,LAJAI,LAJAI,105,707
RAJKOT,TANKARA,LAKADHIRGADH,LAKADHIRGADH,51,148
RAJKOT,TANKARA,MAHENRAPUR,MAHENRAPUR,58,312
RAJKOT,TANKARA,MEGHPAR ZALA,MEGHPARZALA,46,2675
RAJKOT,TANKARA,MITANA,MITANA,175,2586
RAJKOT,TANKARA,MOTA KHIJADIYA,MOTAKHIJADIYA,80,2238
RAJKOT,TANKARA,NANA KHIJADIYA,NANAKHIJADIYA,57,258
RAJKOT,TANKARA,NANA RAMPAR,NANARAMPAR,44,229
RAJKOT,TANKARA,NASITPAR,NASITPAR,84,2269
RAJKOT,TANKARA,NEKNAM,NEKNAM,81,944
RAJKOT,TANKARA,NESDA KHANPUR,NESDAKHANPUR,44,1556
RAJKOT,TANKARA,NESDA SURIJI,NESDASURIJI,20,402
RAJKOT,TANKARA,OTALA,OTALA,56,329
RAJKOT,TANKARA,RAJAVAD,RAJAVAD,25,163
RAJKOT,TANKARA,ROHISHALA,ROHISHALA,30,2351
RAJKOT,TANKARA,SAJANPAR,SAJANPAR,85,819
RAJKOT,TANKARA,SAKHPAR,SAKHPAR,21,152
RAJKOT,TANKARA,SARAYA,SARAYA,99,257
RAJKOT,TANKARA,SAVDI,SAVDI,85,317
RAJKOT,TANKARA,TANKARA,TANKARA,178,742
RAJKOT,TANKARA,TOL,TOL,49,1796
RAJKOT,TANKARA,VACHHAKPAR,VACHHAKPAR,17,164
RAJKOT,TANKARA,VAGHGADH,VAGHGADH,46,2675
RAJKOT,TANKARA,VIRPAR,VIRPAR,97,424
RAJKOT,TANKARA,VIRVAV,VIRVAV,71,606
RAJKOT,UPLETA,ARNI,ARNI,28,428
RAJKOT,UPLETA,BHANKH,BHANKH,5,288
RAJKOT,UPLETA,BHIMORA,BHIMORA,3,1880
RAJKOT,UPLETA,CHIKHALIA,CHIKHALIA,40,200
RAJKOT,UPLETA,CHRELIA,CHRELIA,12,224
RAJKOT,UPLETA,DHANK,DHANK,106,2652
RAJKOT,UPLETA,DUMIYANI,DUMIYANI,47,307
RAJKOT,UPLETA,GADHA,GADHA,14,92
RAJKOT,UPLETA,GADHALA,GADHALA,11,154
RAJKOT,UPLETA,GADHETHAL,GADHETHAL,4,163
RAJKOT,UPLETA,GANOD,GANOD,103,872
RAJKOT,UPLETA,HADFODI,HADFODI,27,259
RAJKOT,UPLETA,HARIYASAN,HARIYASAN,24,425
RAJKOT,UPLETA,ISRA,ISRA,15,127
RAJKOT,UPLETA,JAL,JAL,5,107
RAJKOT,UPLETA,KALARIA,KALARIA,19,239
RAJKOT,UPLETA,KERALA,KERALA,2,50
RAJKOT,UPLETA,KHAKHI JALIA,KHAKHIJALIA,83,447
RAJKOT,UPLETA,KHARACHIA,KHARACHIA,39,97
RAJKOT,UPLETA,KHIRSARA,KHIRSARA,19,744
RAJKOT,UPLETA,KHTHROTA,KHTHROTA,17,237
RAJKOT,UPLETA,KOLKI,KOLKI,11,1593
RAJKOT,UPLETA,KUNDHECH,KUNDHECH,34,150
RAJKOT,UPLETA,LATH,LATH,16,2184
RAJKOT,UPLETA,MAKHIYALA,MAKHIYALA,23,62
RAJKOT,UPLETA,MEKHATIMBI,MEKHATIMBI,21,151
RAJKOT,UPLETA,MELI MAJETHI,MELIMAJETHI,14,326
RAJKOT,UPLETA,MERVADAR,MERVADAR,8,356
RAJKOT,UPLETA,MOJIRA,MOJIRA,21,502
RAJKOT,UPLETA,MURAKHADA,MURAKHADA,11,80
RAJKOT,UPLETA,NAGVADAR,NAGVADAR,15,220
RAJKOT,UPLETA,NAVAPARA,NAVAPARA,4,58
RAJKOT,UPLETA,NILAKHA,NILAKHA,18,597
RAJKOT,UPLETA,PADVALA,PADVALA,31,519
RAJKOT,UPLETA,PANELI MOTI,PANELIMOTI,68,3832
RAJKOT,UPLETA,PRANSLA,PRANSLA,6,308
RAJKOT,UPLETA,RABARIKA,RABARIKA,3,118
RAJKOT,UPLETA,RAJPARA,RAJPARA,9,90
RAJKOT,UPLETA,SAJDIYALI,SAJDIYALI,8,217
RAJKOT,UPLETA,SAMADHIYALA,SAMADHIYALA,22,252
RAJKOT,UPLETA,SATVADI,SATVADI,13,312
RAJKOT,UPLETA,SEVANTRA,SEVANTRA,18,122
RAJKOT,UPLETA,TALGANA,TALGANA,14,1814
RAJKOT,UPLETA,TANASVA,TANASVA,34,335
RAJKOT,UPLETA,TIMBDI JAM,TIMBDIJAM,70,2656
RAJKOT,UPLETA,VADALI,VADALI,23,1192
RAJKOT,UPLETA,VADEKHAN,VADEKHAN,44,121
RAJKOT,UPLETA,VADLA,VADLA,12,123
RAJKOT,UPLETA,VARJANG JALIA,VARJANGJALIA,18,395
RAJKOT,WANKANER,ADEPAR,ADEPAR,12,274
RAJKOT,WANKANER,AMARSAR,AMARSAR,27,1319
RAJKOT,WANKANER,ANANDPAR,ANANDPAR,4,139
RAJKOT,WANKANER,ARNI TIMBA,ARNITIMBA,3,1160
RAJKOT,WANKANER,BHALGAM,BHALGAM,31,221
RAJKOT,WANKANER,BHERDA,BHERDA,13,1504
RAJKOT,WANKANER,BHIMGUDA,BHIMGUDA,3,757
RAJKOT,WANKANER,BHOJPARA,BHOJPARA,4,356
RAJKOT,WANKANER,BHOJPARA VIDI,BHOJPARAVIDI,3,107
RAJKOT,WANKANER,BOKAD THAMBHA,BOKADTHAMBHA,28,161
RAJKOT,WANKANER,CHANCHADIYA,CHANCHADIYA,4,90
RAJKOT,WANKANER,CHANDRAPUR,CHANDRAPUR,41,517
RAJKOT,WANKANER,CHITRAKHADA,CHITRAKHADA,2,244
RAJKOT,WANKANER,DALDI,DALDI,20,556
RAJKOT,WANKANER,DERALA,DERALA,3,177
RAJKOT,WANKANER,DHAMALPAR,DHAMALPAR,6,211
RAJKOT,WANKANER,DHUVA,DHUVA,49,1575
RAJKOT,WANKANER,DIGHALIYA,DIGHALIYA,25,235
RAJKOT,WANKANER,GANGIYAVADAR,GANGIYAVADAR,4,370
RAJKOT,WANKANER,GARIDA,GARIDA,18,208
RAJKOT,WANKANER,GARIYA,GARIYA,18,646
RAJKOT,WANKANER,GHIYAVAD,GHIYAVAD,4,1215
RAJKOT,WANKANER,GUNDAKHADA,GUNDAKHADA,17,155
RAJKOT,WANKANER,HASANPAR,HASANPAR,42,132
RAJKOT,WANKANER,HOLMADH,HOLMADH,13,131
RAJKOT,WANKANER,JALI,JALI,3,405
RAJKOT,WANKANER,JALIDA,JALIDA,21,382
RAJKOT,WANKANER,JALSIKA,JALSIKA,14,111
RAJKOT,WANKANER,JAMBUDIYA BHAYATI,JAMBUDIYABHAYATI,33,315
RAJKOT,WANKANER,JAMBUDIYA VIDI,JAMBUDIYAVIDI,2,177
RAJKOT,WANKANER,JAMSAR,JAMSAR,3,155
RAJKOT,WANKANER,JEPUR,JEPUR,5,188
RAJKOT,WANKANER,JETPARADA,JETPARADA,9,1450
RAJKOT,WANKANER,JODHPAR,JODHPAR,28,497
RAJKOT,WANKANER,KACHHIYAGALA,KACHHIYAGALA,12,331
RAJKOT,WANKANER,KALAVADI JUNI,KALAVADIJUNI,1,515
RAJKOT,WANKANER,KALAVADI NAVI,KALAVADINAVI,1,503
RAJKOT,WANKANER,KANKOT,KANKOT,38,621
RAJKOT,WANKANER,KANPAR,KANPAR,2,237
RAJKOT,WANKANER,KASHIPAR,KASHIPAR,5,197
RAJKOT,WANKANER,KATHI,KATHI,16,608
RAJKOT,WANKANER,KERALA,KERALA,29,2554
RAJKOT,WANKANER,KHAKHANA,KHAKHANA,4,114
RAJKOT,WANKANER,KHANPAR,KHANPAR,7,139
RAJKOT,WANKANER,KHERVA,KHERVA,62,690
RAJKOT,WANKANER,KHIJADIYA,KHIJADIYA,39,863
RAJKOT,WANKANER,KOTDA NAYANI,KOTDANAYANI,15,715
RAJKOT,WANKANER,KOTHARIYA,KOTHARIYA,27,578
RAJKOT,WANKANER,LAKADDHAR,LAKADDHAR,19,287
RAJKOT,WANKANER,LALPAR,LALPAR,17,293
RAJKOT,WANKANER,LIMBALA,LIMBALA,7,314
RAJKOT,WANKANER,LUNASAR,LUNASAR,7,1789
RAJKOT,WANKANER,LUNSARIYA,LUNSARIYA,3,760
RAJKOT,WANKANER,MAHIKA,MAHIKA,49,838
RAJKOT,WANKANER,MAKTANPAR,MAKTANPAR,5,170
RAJKOT,WANKANER,MATEL,MATEL,37,385
RAJKOT,WANKANER,MESARIYA,MESARIYA,49,638
RAJKOT,WANKANER,NAGALPAR,NAGALPAR,2,135
RAJKOT,WANKANER,OL,OL,4,350
RAJKOT,WANKANER,PADDHARA,PADDHARA,11,149
RAJKOT,WANKANER,PAJ,PAJ,19,333
RAJKOT,WANKANER,PALANS,PALANS,9,206
RAJKOT,WANKANER,PALANSDI,PALANSDI,12,233
RAJKOT,WANKANER,PANCH DWARKA,PANCHDWARKA,26,641
RAJKOT,WANKANER,PANCHASAR,PANCHASAR,17,334
RAJKOT,WANKANER,PANCHASIYA,PANCHASIYA,7,3775
RAJKOT,WANKANER,PIPALIYA AGABHI,PIPALIYAAGABHI,13,481
RAJKOT,WANKANER,PIPALIYARAJ,PIPALIYARAJ,6,1795
RAJKOT,WANKANER,PIPARDI,PIPARDI,15,71
RAJKOT,WANKANER,PRATAPGADH,PRATAPGADH,5,273
RAJKOT,WANKANER,RAJAVADLA,RAJAVADLA,33,539
RAJKOT,WANKANER,RAJGADH,RAJGADH,15,143
RAJKOT,WANKANER,RAJTHALI,RAJTHALI,3,262
RAJKOT,WANKANER,RANEKPAR,RANEKPAR,48,2132
RAJKOT,WANKANER,RANGPAR,RANGPAR,43,315
RAJKOT,WANKANER,RASIKGADH,RASIKGADH,9,842
RAJKOT,WANKANER,RATADIYA,RATADIYA,6,183
RAJKOT,WANKANER,RATAVIRDA,RATAVIRDA,12,241
RAJKOT,WANKANER,RATI DEVLI,RATIDEVLI,42,1199
RAJKOT,WANKANER,RUPAVATI,RUPAVATI,2,132
RAJKOT,WANKANER,SAMADHIALA,SAMADHIALA,13,273
RAJKOT,WANKANER,SAMTHERVA,SAMTHERVA,9,293
RAJKOT,WANKANER,SARDHARKA,SARDHARKA,15,1062
RAJKOT,WANKANER,SARTANPAR,SARTANPAR,23,229
RAJKOT,WANKANER,SATAPAR,SATAPAR,36,166
RAJKOT,WANKANER,SHEKHARDI,SHEKHARDI,17,389
RAJKOT,WANKANER,SINDHAVADAR,SINDHAVADAR,33,1340
RAJKOT,WANKANER,TARAKIYA,TARAKIYA,10,186
RAJKOT,WANKANER,THIKARIYALA,THIKARIYALA,30,200
RAJKOT,WANKANER,TITHAVA,TITHAVA,71,2046
RAJKOT,WANKANER,VAGHASIA,VAGHASIA,68,583
RAJKOT,WANKANER,VALASAN,VALASAN,26,680
RAJKOT,WANKANER,VANKIYA,VANKIYA,4,309
RAJKOT,WANKANER,VANZARA,VANZARA,2,161
RAJKOT,WANKANER,VARDUSAR,VARDUSAR,1,300
RAJKOT,WANKANER,VASUNDRA,VASUNDRA,13,96
RAJKOT,WANKANER,VINAYGADH,VINAYGADH,25,218
RAJKOT,WANKANER,VIRPAR,VIRPAR,9,216
RAJKOT,WANKANER,VITHALGADH,VITHALGADH,11,169
RAJKOT,WANKANER,VITHALPAR,VITHALPAR,3,132
SABARKANTHA,BAYAD,AHMADPURA,AHMADPURA,25,448
SABARKANTHA,BAYAD,AJABPURA,AJABPURA,14,359
SABARKANTHA,BAYAD,AKODIYA,AKODIYA,11,114
SABARKANTHA,BAYAD,ALANA,ALANA,3,191
SABARKANTHA,BAYAD,ALAVA,ALAVA,20,195
SABARKANTHA,BAYAD,AMARGADH,AMARGADH,25,128
SABARKANTHA,BAYAD,AMBAGAM,AMBAGAM,14,480
SABARKANTHA,BAYAD,AMBLIYARA,AMBLIYARA,89,1275
SABARKANTHA,BAYAD,AMIYAPUR,AMIYAPUR,24,727
SABARKANTHA,BAYAD,AMODARA,AMODARA,62,1616
SABARKANTHA,BAYAD,AMRAPUR,AMRAPUR,5,70
SABARKANTHA,BAYAD,BADARPURA,BADARPURA,8,421
SABARKANTHA,BAYAD,BHAJPUR,BHAJPUR,2,173
SABARKANTHA,BAYAD,BHUKHEL,BHUKHEL,11,485
SABARKANTHA,BAYAD,BHUNDASAN,BHUNDASAN,33,990
SABARKANTHA,BAYAD,BIBINIVAV,BIBINIVAV,8,443
SABARKANTHA,BAYAD,BIBIPURA,BIBIPURA,24,116
SABARKANTHA,BAYAD,BORDI,BORDI,28,326
SABARKANTHA,BAYAD,BORMATH,BORMATH,2,137
SABARKANTHA,BAYAD,BOROL,BOROL,75,542
SABARKANTHA,BAYAD,CHAMARPUR,CHAMARPUR,5,75
SABARKANTHA,BAYAD,CHAMPLAVAT,CHAMPLAVAT,7,46
SABARKANTHA,BAYAD,CHANDAREJ,CHANDAREJ,13,579
SABARKANTHA,BAYAD,CHHABHAU,CHHABHAU,27,495
SABARKANTHA,BAYAD,CHOILA,CHOILA,61,1184
SABARKANTHA,BAYAD,DABHA,DABHA,27,328
SABARKANTHA,BAYAD,DAHEGAMDA,DAHEGAMDA,8,175
SABARKANTHA,BAYAD,DAKHANESHVAR,DAKHANESHVAR,36,517
SABARKANTHA,BAYAD,DALPATPURA,DALPATPURA,13,124
SABARKANTHA,BAYAD,DEMAI,DEMAI,45,1331
SABARKANTHA,BAYAD,DERIYA,DERIYA,4,82
SABARKANTHA,BAYAD,DEROLI,DEROLI,13,727
SABARKANTHA,BAYAD,DESAIPURA KAMPO,DESAIPURAKAMPO,20,125
SABARKANTHA,BAYAD,DHARAMDI VANTA,DHARAMDIVANTA,19,683
SABARKANTHA,BAYAD,DHOM,DHOM,6,70
SABARKANTHA,BAYAD,DOLAPUR,DOLAPUR,4,82
SABARKANTHA,BAYAD,DOLPUR (RAMAS),DOLPURRAMAS,3,164
SABARKANTHA,BAYAD,DOLPUR (SATHAMBA),DOLPURSATHAMBA,20,208
SABARKANTHA,BAYAD,FATA DHIRPURA,FATADHIRPURA,9,181
SABARKANTHA,BAYAD,FATEPUR,FATEPUR,10,188
SABARKANTHA,BAYAD,GABAT,GABAT,45,1297
SABARKANTHA,BAYAD,GANESHPURA (AMBALIYA,GANESHPURAAMBALIYA,2,170
SABARKANTHA,BAYAD,GANESHPURA SATHAMBA,GANESHPURASATHAMBA,14,245
SABARKANTHA,BAYAD,GHODNAL,GHODNAL,3,405
SABARKANTHA,BAYAD,GOTAPUR,GOTAPUR,16,381
SABARKANTHA,BAYAD,GULABPURA,GULABPURA,10,99
SABARKANTHA,BAYAD,HAMIRPUR,HAMIRPUR,8,86
SABARKANTHA,BAYAD,HATHIPURA,HATHIPURA,54,1038
SABARKANTHA,BAYAD,HEMATRAL,HEMATRAL,9,167
SABARKANTHA,BAYAD,INDRAN,INDRAN,14,1038
SABARKANTHA,BAYAD,JALAMPURA (SATHAMBA),JALAMPURASATHAMBA,11,419
SABARKANTHA,BAYAD,JANTRALKAMPA,JANTRALKAMPA,8,110
SABARKANTHA,BAYAD,JITPUR,JITPUR,17,961
SABARKANTHA,BAYAD,JITPUR (ANKODIYA),JITPURANKODIYA,12,43
SABARKANTHA,BAYAD,JITPUR (RAMSI),JITPURRAMSI,10,223
SABARKANTHA,BAYAD,JODHPUR,JODHPUR,2,267
SABARKANTHA,BAYAD,JUMATRAL,JUMATRAL,5,62
SABARKANTHA,BAYAD,JUNAVADA,JUNAVADA,10,256
SABARKANTHA,BAYAD,KADAVIA,KADAVIA,10,167
SABARKANTHA,BAYAD,KALAJINA MUVADA,KALAJINAMUVADA,6,186
SABARKANTHA,BAYAD,KASHIYAVAT,KASHIYAVAT,8,49
SABARKANTHA,BAYAD,KHARI,KHARI,6,65
SABARKANTHA,BAYAD,KOJAN,KOJAN,17,266
SABARKANTHA,BAYAD,KOTDA,KOTDA,21,193
SABARKANTHA,BAYAD,LALPUR,LALPUR,2,1287
SABARKANTHA,BAYAD,LALPUR (MOTA),LALPURMOTA,4,164
SABARKANTHA,BAYAD,LANK,LANK,19,481
SABARKANTHA,BAYAD,LIMB,LIMB,26,1097
SABARKANTHA,BAYAD,MADHAV KAMPO,MADHAVKAMPO,20,234
SABARKANTHA,BAYAD,MAHADEVPURA,MAHADEVPURA,31,130
SABARKANTHA,BAYAD,MANPUR,MANPUR,2,342
SABARKANTHA,BAYAD,MATHASULIYA,MATHASULIYA,6,227
SABARKANTHA,BAYAD,MOTIPURA,MOTIPURA,14,142
SABARKANTHA,BAYAD,MUDIYA,MUDIYA,10,165
SABARKANTHA,BAYAD,MUNJINA MUVADA,MUNJINAMUVADA,4,331
SABARKANTHA,BAYAD,NABHELA,NABHELA,1,68
SABARKANTHA,BAYAD,NAGANO MATH,NAGANOMATH,12,131
SABARKANTHA,BAYAD,NARMIYA NI MUVADI,NARMIYANIMUVADI,2,107
SABARKANTHA,BAYAD,NARSELA,NARSELA,3,78
SABARKANTHA,BAYAD,NETRODIYA,NETRODIYA,2,134
SABARKANTHA,BAYAD,ODHA,ODHA,19,466
SABARKANTHA,BAYAD,PAGIYANA MUVADA,PAGIYANAMUVADA,12,121
SABARKANTHA,BAYAD,PALDI,PALDI,3,147
SABARKANTHA,BAYAD,PATEL-NI-MUVADI,PATELNIMUVADI,6,1533
SABARKANTHA,BAYAD,PIPODARA,PIPODARA,23,533
SABARKANTHA,BAYAD,PRANTVEL,PRANTVEL,8,280
SABARKANTHA,BAYAD,RADODARA,RADODARA,72,862
SABARKANTHA,BAYAD,RAMAS,RAMAS,15,493
SABARKANTHA,BAYAD,RANECHI,RANECHI,10,233
SABARKANTHA,BAYAD,RATANPUR,RATANPUR,8,171
SABARKANTHA,BAYAD,RUGNATHPUR (BHUKHEL),RUGNATHPURBHUKHEL,1,44
SABARKANTHA,BAYAD,RUGNATHPURA,RUGNATHPURA,2,343
SABARKANTHA,BAYAD,RUPNAGAR,RUPNAGAR,6,236
SABARKANTHA,BAYAD,SANGAL,SANGAL,2,238
SABARKANTHA,BAYAD,SARSOLI,SARSOLI,22,819
SABARKANTHA,BAYAD,SATHAMBA,SATHAMBA,79,875
SABARKANTHA,BAYAD,SAVELA,SAVELA,35,265
SABARKANTHA,BAYAD,SEMALIYA,SEMALIYA,11,507
SABARKANTHA,BAYAD,SIMLAJ,SIMLAJ,2,150
SABARKANTHA,BAYAD,SULTANPUR,SULTANPUR,13,206
SABARKANTHA,BAYAD,TAKHATPURA(ALVA),TAKHATPURAALVA,5,76
SABARKANTHA,BAYAD,TALOD,TALOD,23,307
SABARKANTHA,BAYAD,TENPUR,TENPUR,47,1172
SABARKANTHA,BAYAD,TOTU,TOTU,10,318
SABARKANTHA,BAYAD,UNTARDA,UNTARDA,38,1490
SABARKANTHA,BAYAD,VAJAVAT,VAJAVAT,6,109
SABARKANTHA,BAYAD,VAJEPURA GAM,VAJEPURAGAM,9,84
SABARKANTHA,BAYAD,VAJEPURA KAMPO,VAJEPURAKAMPO,3,269
SABARKANTHA,BAYAD,VANKANEDA,VANKANEDA,5,203
SABARKANTHA,BAYAD,VANTA,VANTA,4,170
SABARKANTHA,BAYAD,VANTDA BAYAD,VANTDABAYAD,32,180
SABARKANTHA,BAYAD,VANTDA-KAVATH,VANTDAKAVATH,2,104
SABARKANTHA,BAYAD,VARENA BOR TIMBA,VARENABORTIMBA,15,415
SABARKANTHA,BAYAD,VASADARA,VASADARA,7,528
SABARKANTHA,BAYAD,VASANIREL,VASANIREL,2,339
SABARKANTHA,BAYAD,VASNA MOTA,VASNAMOTA,6,341
SABARKANTHA,BAYAD,VASNI,VASNI,24,510
SABARKANTHA,BAYAD,VATRAKGADH,VATRAKGADH,21,191
SABARKANTHA,BAYAD,VIJAYAGANJ,VIJAYAGANJ,2,48
SABARKANTHA,BAYAD,ZANKHARIYA,ZANKHARIYA,14,328
SABARKANTHA,BHILODA,ABHAPUR,ABHAPUR,2,117
SABARKANTHA,BHILODA,ADHERA,ADHERA,3,340
SABARKANTHA,BHILODA,AJITPURA,AJITPURA,1,44
SABARKANTHA,BHILODA,AKODIYA,AKODIYA,1,78
SABARKANTHA,BHILODA,AMBABAR,AMBABAR,3,154
SABARKANTHA,BHILODA,ANDHARIYA,ANDHARIYA,1,31
SABARKANTHA,BHILODA,ANSOL,ANSOL,6,107
SABARKANTHA,BHILODA,ASAL,ASAL,41,96
SABARKANTHA,BHILODA,BAHECHARPURA,BAHECHARPURA,7,14
SABARKANTHA,BHILODA,BAMNA,BAMNA,1,519
SABARKANTHA,BHILODA,BAVALIYA (PAL),BAVALIYAPAL,9,108
SABARKANTHA,BHILODA,BAVALIYA (TAKAPUR),BAVALIYATAKAPUR,6,112
SABARKANTHA,BHILODA,BEDASAN,BEDASAN,6,73
SABARKANTHA,BHILODA,BHANMER,BHANMER,8,378
SABARKANTHA,BHILODA,BHATERA,BHATERA,11,134
SABARKANTHA,BHILODA,BHAVANPUR,BHAVANPUR,28,121
SABARKANTHA,BHILODA,BHETALI,BHETALI,25,302
SABARKANTHA,BHILODA,BHILODA,BHILODA,64,787
SABARKANTHA,BHILODA,BHUTAVAD,BHUTAVAD,35,255
SABARKANTHA,BHILODA,BOLUNDRA,BOLUNDRA,5,154
SABARKANTHA,BHILODA,BORNALA,BORNALA,9,83
SABARKANTHA,BHILODA,BRAHMPURI,BRAHMPURI,15,92
SABARKANTHA,BHILODA,BUDHARASAN,BUDHARASAN,2,290
SABARKANTHA,BHILODA,BUDHELI,BUDHELI,7,274
SABARKANTHA,BHILODA,CHHAPRA KUSKI,CHHAPRAKUSKI,8,119
SABARKANTHA,BHILODA,CHIBHADIYATA,CHIBHADIYATA,1,38
SABARKANTHA,BHILODA,CHIBODA,CHIBODA,13,269
SABARKANTHA,BHILODA,CHITARIYA,CHITARIYA,3,657
SABARKANTHA,BHILODA,CHORIMALA,CHORIMALA,18,333
SABARKANTHA,BHILODA,DAHGAMDA,DAHGAMDA,5,430
SABARKANTHA,BHILODA,DESAN,DESAN,2,173
SABARKANTHA,BHILODA,DEVANI MORI,DEVANIMORI,7,363
SABARKANTHA,BHILODA,DHAMBOLIYA,DHAMBOLIYA,10,435
SABARKANTHA,BHILODA,DHANDHASAN,DHANDHASAN,8,276
SABARKANTHA,BHILODA,DHANSOR,DHANSOR,20,304
SABARKANTHA,BHILODA,DHARASAN,DHARASAN,1,37
SABARKANTHA,BHILODA,DHOLVANI,DHOLVANI,43,377
SABARKANTHA,BHILODA,DHULETA,DHULETA,5,121
SABARKANTHA,BHILODA,DHULETA (PALLA),DHULETAPALLA,4,168
SABARKANTHA,BHILODA,DODISARA MOTA,DODISARAMOTA,3,106
SABARKANTHA,BHILODA,DODISARA NANA,DODISARANANA,3,112
SABARKANTHA,BHILODA,DOLATPUR,DOLATPUR,2,3
SABARKANTHA,BHILODA,FATEPUR,FATEPUR,6,138
SABARKANTHA,BHILODA,GADADAR,GADADAR,11,161
SABARKANTHA,BHILODA,GADHIYA,GADHIYA,4,105
SABARKANTHA,BHILODA,GALI SEMRO,GALISEMRO,11,213
SABARKANTHA,BHILODA,GHANTI,GHANTI,10,215
SABARKANTHA,BHILODA,GODH (KUSKI),GODHKUSKI,5,216
SABARKANTHA,BHILODA,HARDASPUR,HARDASPUR,1,73
SABARKANTHA,BHILODA,HATHIYA,HATHIYA,5,94
SABARKANTHA,BHILODA,HATHROL,HATHROL,15,305
SABARKANTHA,BHILODA,HIMATPUR,HIMATPUR,7,143
SABARKANTHA,BHILODA,INDRAPURA,INDRAPURA,11,83
SABARKANTHA,BHILODA,JALIYA,JALIYA,3,174
SABARKANTHA,BHILODA,JAMBUDI,JAMBUDI,5,127
SABARKANTHA,BHILODA,JANALI,JANALI,5,396
SABARKANTHA,BHILODA,JASVANTPURA,JASVANTPURA,1,60
SABARKANTHA,BHILODA,JAYALA,JAYALA,5,159
SABARKANTHA,BHILODA,JESINGPUR,JESINGPUR,17,273
SABARKANTHA,BHILODA,JINJUDI,JINJUDI,17,266
SABARKANTHA,BHILODA,JUMSAR,JUMSAR,33,435
SABARKANTHA,BHILODA,JUMSAR (CHHAPRA),JUMSARCHHAPRA,3,83
SABARKANTHA,BHILODA,KADVATH,KADVATH,5,52
SABARKANTHA,BHILODA,KAGDA MAHUDA,KAGDAMAHUDA,6,132
SABARKANTHA,BHILODA,KALEKA,KALEKA,8,343
SABARKANTHA,BHILODA,KALYANPUR,KALYANPUR,9,80
SABARKANTHA,BHILODA,KARANPUR,KARANPUR,10,126
SABARKANTHA,BHILODA,KARCHHA,KARCHHA,2,69
SABARKANTHA,BHILODA,KHALVAD,KHALVAD,19,139
SABARKANTHA,BHILODA,KHAPRETA,KHAPRETA,3,199
SABARKANTHA,BHILODA,KHARI,KHARI,13,142
SABARKANTHA,BHILODA,KHERADI,KHERADI,24,824
SABARKANTHA,BHILODA,KHERANCHA,KHERANCHA,16,208
SABARKANTHA,BHILODA,KHEROJ,KHEROJ,6,269
SABARKANTHA,BHILODA,KHILODA,KHILODA,17,395
SABARKANTHA,BHILODA,KHODAMBA,KHODAMBA,10,255
SABARKANTHA,BHILODA,KHUMAPUR,KHUMAPUR,17,165
SABARKANTHA,BHILODA,KISHANGADH,KISHANGADH,4,548
SABARKANTHA,BHILODA,KUNDOL (DAHGAMDA),KUNDOLDAHGAMDA,2,181
SABARKANTHA,BHILODA,KUNDOL (PAL),KUNDOLPAL,9,485
SABARKANTHA,BHILODA,KUSKI,KUSKI,8,483
SABARKANTHA,BHILODA,LAKSHMANPURA,LAKSHMANPURA,5,110
SABARKANTHA,BHILODA,LALPUR,LALPUR,6,43
SABARKANTHA,BHILODA,LILCHHA,LILCHHA,20,291
SABARKANTHA,BHILODA,LOKHAN,LOKHAN,1,163
SABARKANTHA,BHILODA,LUSADIYA,LUSADIYA,5,229
SABARKANTHA,BHILODA,MALASA,MALASA,42,241
SABARKANTHA,BHILODA,MALEKPUR,MALEKPUR,4,95
SABARKANTHA,BHILODA,MANDHARI,MANDHARI,17,263
SABARKANTHA,BHILODA,MANKDI,MANKDI,2,115
SABARKANTHA,BHILODA,MANKRODA,MANKRODA,15,89
SABARKANTHA,BHILODA,MATH BOLUNDRA,MATHBOLUNDRA,2,62
SABARKANTHA,BHILODA,MAU (NAVALPUR),MAUNAVALPUR,33,782
SABARKANTHA,BHILODA,MEDI TIMBA,MEDITIMBA,6,108
SABARKANTHA,BHILODA,MERAVADA,MERAVADA,3,136
SABARKANTHA,BHILODA,MERU (BHETALI),MERUBHETALI,2,289
SABARKANTHA,BHILODA,MOTA KANTHARIYA,MOTAKANTHARIYA,5,2237
SABARKANTHA,BHILODA,MOTA SAMERA,MOTASAMERA,2,75
SABARKANTHA,BHILODA,MOTI BEBAR,MOTIBEBAR,6,238
SABARKANTHA,BHILODA,MUNAI,MUNAI,13,491
SABARKANTHA,BHILODA,NANA SAMERA,NANASAMERA,1,168
SABARKANTHA,BHILODA,NANAKANTHARIYA,NANAKANTHARIYA,2,150
SABARKANTHA,BHILODA,NANDOJ,NANDOJ,28,565
SABARKANTHA,BHILODA,NANI BEBAR,NANIBEBAR,4,224
SABARKANTHA,BHILODA,NANKHI,NANKHI,2,38
SABARKANTHA,BHILODA,NAPDA (JAGIRI),NAPDAJAGIRI,12,188
SABARKANTHA,BHILODA,NAPDA (KHALSA),NAPDAKHALSA,3,186
SABARKANTHA,BHILODA,NARANPUR,NARANPUR,15,107
SABARKANTHA,BHILODA,NARODA,NARODA,6,165
SABARKANTHA,BHILODA,NARSOLI,NARSOLI,17,137
SABARKANTHA,BHILODA,NAVA BHETALI,NAVABHETALI,5,95
SABARKANTHA,BHILODA,NAVA VENPUR,NAVAVENPUR,2,197
SABARKANTHA,BHILODA,ODE,ODE,26,394
SABARKANTHA,BHILODA,ODHA PADA,ODHAPADA,8,89
SABARKANTHA,BHILODA,PADARDI,PADARDI,4,85
SABARKANTHA,BHILODA,PAHADA,PAHADA,7,115
SABARKANTHA,BHILODA,PAHADIYA,PAHADIYA,7,98
SABARKANTHA,BHILODA,PALLA,PALLA,10,402
SABARKANTHA,BHILODA,PANCH MAHUDI,PANCHMAHUDI,1,137
SABARKANTHA,BHILODA,PATIYAKUVA,PATIYAKUVA,3,49
SABARKANTHA,BHILODA,PUNASAN,PUNASAN,2,228
SABARKANTHA,BHILODA,RAISINGPUR,RAISINGPUR,16,287
SABARKANTHA,BHILODA,RAJENDRANAGAR,RAJENDRANAGAR,10,166
SABARKANTHA,BHILODA,RAMERA,RAMERA,9,93
SABARKANTHA,BHILODA,RAMPUR,RAMPUR,2,217
SABARKANTHA,BHILODA,RAMPUR (MOTI),RAMPURMOTI,5,71
SABARKANTHA,BHILODA,RAMPURI,RAMPURI,6,196
SABARKANTHA,BHILODA,RANGPUR,RANGPUR,3,105
SABARKANTHA,BHILODA,RAVTAVADA,RAVTAVADA,22,54
SABARKANTHA,BHILODA,RAYPUR,RAYPUR,5,167
SABARKANTHA,BHILODA,RINTODA,RINTODA,31,134
SABARKANTHA,BHILODA,RUDARDI,RUDARDI,5,25
SABARKANTHA,BHILODA,RUDRAL,RUDRAL,3,41
SABARKANTHA,BHILODA,SAMRAN,SAMRAN,3,64
SABARKANTHA,BHILODA,SARKILIMDI,SARKILIMDI,5,93
SABARKANTHA,BHILODA,SHAMALPUR,SHAMALPUR,36,188
SABARKANTHA,BHILODA,SHAMLAJI,SHAMLAJI,13,46
SABARKANTHA,BHILODA,SHANGAL,SHANGAL,2,46
SABARKANTHA,BHILODA,SHOBHAYADA (JAGIRI),SHOBHAYADAJAGIRI,9,72
SABARKANTHA,BHILODA,SIHOLI,SIHOLI,1,50
SABARKANTHA,BHILODA,SILADRI,SILADRI,4,97
SABARKANTHA,BHILODA,SILASAN,SILASAN,2,123
SABARKANTHA,BHILODA,SODPUR,SODPUR,9,69
SABARKANTHA,BHILODA,SONASAN,SONASAN,11,159
SABARKANTHA,BHILODA,SUNOKH,SUNOKH,14,282
SABARKANTHA,BHILODA,SUNSAR,SUNSAR,11,175
SABARKANTHA,BHILODA,TAKATUKA,TAKATUKA,34,394
SABARKANTHA,BHILODA,THURAVAS,THURAVAS,2,217
SABARKANTHA,BHILODA,TORDA (JETPUR),TORDAJETPUR,16,355
SABARKANTHA,BHILODA,UBSAL,UBSAL,9,214
SABARKANTHA,BHILODA,VAGESHWARI,VAGESHWARI,4,80
SABARKANTHA,BHILODA,VAGHPUR,VAGHPUR,9,261
SABARKANTHA,BHILODA,VAGODAR,VAGODAR,2,61
SABARKANTHA,BHILODA,VAJAPUR,VAJAPUR,3,41
SABARKANTHA,BHILODA,VAJAPUR (KHERANCHA),VAJAPURKHERANCHA,14,106
SABARKANTHA,BHILODA,VAKTAPUR,VAKTAPUR,4,115
SABARKANTHA,BHILODA,VANDIYOL,VANDIYOL,18,177
SABARKANTHA,BHILODA,VANKA TIMBA,VANKATIMBA,2,182
SABARKANTHA,BHILODA,VANKANER,VANKANER,31,384
SABARKANTHA,BHILODA,VANSERA,VANSERA,1,76
SABARKANTHA,BHILODA,VANSLI,VANSLI,11,367
SABARKANTHA,BHILODA,VANTDI,VANTDI,2,62
SABARKANTHA,BHILODA,VANZAR,VANZAR,8,262
SABARKANTHA,BHILODA,VASAI,VASAI,3,76
SABARKANTHA,BHILODA,VASAYA,VASAYA,1,35
SABARKANTHA,BHILODA,VEJPUR,VEJPUR,7,213
SABARKANTHA,BHILODA,VENPUR,VENPUR,3,144
SABARKANTHA,BHILODA,VIRPUR,VIRPUR,5,260
SABARKANTHA,DHANSURA,AKARUND,AKARUND,17,1467
SABARKANTHA,DHANSURA,ALVA(KHILODIYA),ALVAKHILODIYA,16,250
SABARKANTHA,DHANSURA,AMARPURA,AMARPURA,1,180
SABARKANTHA,DHANSURA,AMBASAR,AMBASAR,17,2231
SABARKANTHA,DHANSURA,AMODARA,AMODARA,13,808
SABARKANTHA,DHANSURA,ANTISARA,ANTISARA,21,180
SABARKANTHA,DHANSURA,BARNOLI,BARNOLI,42,565
SABARKANTHA,DHANSURA,BHANTUDEV NO MATH,BHANTUDEVNOMATH,19,87
SABARKANTHA,DHANSURA,BHENSAVADA,BHENSAVADA,60,363
SABARKANTHA,DHANSURA,BILVANIYA,BILVANIYA,41,335
SABARKANTHA,DHANSURA,BORVAI,BORVAI,23,316
SABARKANTHA,DHANSURA,BUTAL,BUTAL,22,1092
SABARKANTHA,DHANSURA,CHHEVADIYA,CHHEVADIYA,7,90
SABARKANTHA,DHANSURA,CHOGAMDA,CHOGAMDA,18,129
SABARKANTHA,DHANSURA,DHAMANIYA,DHAMANIYA,8,193
SABARKANTHA,DHANSURA,DHANSURA,DHANSURA,129,1351
SABARKANTHA,DHANSURA,GADHADA KOT,GADHADAKOT,3,91
SABARKANTHA,DHANSURA,GALALNI MUVADI,GALALNIMUVADI,18,86
SABARKANTHA,DHANSURA,GOPALPURA,GOPALPURA,5,78
SABARKANTHA,DHANSURA,HARIPURA KAMPA,HARIPURAKAMPA,12,166
SABARKANTHA,DHANSURA,HIRAPUR,HIRAPUR,25,166
SABARKANTHA,DHANSURA,HIRAPUR KAMPA,HIRAPURKAMPA,13,76
SABARKANTHA,DHANSURA,JALAMPUR(KIDI),JALAMPURKIDI,5,68
SABARKANTHA,DHANSURA,JAMTHA,JAMTHA,30,355
SABARKANTHA,DHANSURA,JASHVANTPURA,JASHVANTPURA,25,222
SABARKANTHA,DHANSURA,JITPUR (VADGAM),JITPURVADGAM,11,70
SABARKANTHA,DHANSURA,KAMLI,KAMLI,2,56
SABARKANTHA,DHANSURA,KANAL,KANAL,7,109
SABARKANTHA,DHANSURA,KANJODIYA,KANJODIYA,3,78
SABARKANTHA,DHANSURA,KARANPUR,KARANPUR,21,168
SABARKANTHA,DHANSURA,KAROLI,KAROLI,25,127
SABARKANTHA,DHANSURA,KASHIPURA,KASHIPURA,14,165
SABARKANTHA,DHANSURA,KESHARPURA KAMPO,KESHARPURAKAMPO,21,794
SABARKANTHA,DHANSURA,KHADOL,KHADOL,43,342
SABARKANTHA,DHANSURA,KHANPURNI MUVADI,KHANPURNIMUVADI,14,137
SABARKANTHA,DHANSURA,KHEDA,KHEDA,13,89
SABARKANTHA,DHANSURA,KHILODIYA,KHILODIYA,38,1841
SABARKANTHA,DHANSURA,KIDI,KIDI,22,204
SABARKANTHA,DHANSURA,KOLAVDA,KOLAVDA,49,623
SABARKANTHA,DHANSURA,LALINO MATH,LALINOMATH,8,108
SABARKANTHA,DHANSURA,LALPUR,LALPUR,9,406
SABARKANTHA,DHANSURA,LALUGAM,LALUGAM,4,57
SABARKANTHA,DHANSURA,MALEKPUR,MALEKPUR,17,260
SABARKANTHA,DHANSURA,MOTI VAV,MOTIVAV,4,96
SABARKANTHA,DHANSURA,MOTIPURA,MOTIPURA,4,71
SABARKANTHA,DHANSURA,NANA,NANA,18,158
SABARKANTHA,DHANSURA,NANI VAV,NANIVAV,9,155
SABARKANTHA,DHANSURA,NAVALPUR,NAVALPUR,23,168
SABARKANTHA,DHANSURA,PANCHKUHADA,PANCHKUHADA,32,140
SABARKANTHA,DHANSURA,PATYO,PATYO,2,71
SABARKANTHA,DHANSURA,POYDA,POYDA,14,135
SABARKANTHA,DHANSURA,RAHIYOL,RAHIYOL,33,250
SABARKANTHA,DHANSURA,RAJPUR (VADAGAM),RAJPURVADAGAM,15,595
SABARKANTHA,DHANSURA,RAMANA,RAMANA,36,587
SABARKANTHA,DHANSURA,RAMOS,RAMOS,94,781
SABARKANTHA,DHANSURA,RAMPUR (VADAGAM),RAMPURVADAGAM,5,275
SABARKANTHA,DHANSURA,RAMPURA KAMPO,RAMPURAKAMPO,4,183
SABARKANTHA,DHANSURA,RAMPURGAM,RAMPURGAM,6,235
SABARKANTHA,DHANSURA,RUPAN,RUPAN,11,106
SABARKANTHA,DHANSURA,SARDISARKHANDI,SARDISARKHANDI,12,377
SABARKANTHA,DHANSURA,SENGIYANI RAYAN,SENGIYANIRAYAN,11,40
SABARKANTHA,DHANSURA,SHIKA,SHIKA,60,951
SABARKANTHA,DHANSURA,SHINOL,SHINOL,23,1116
SABARKANTHA,DHANSURA,SIMLI,SIMLI,8,200
SABARKANTHA,DHANSURA,UDEPUR,UDEPUR,3,247
SABARKANTHA,DHANSURA,VADAGAM,VADAGAM,11,933
SABARKANTHA,DHANSURA,VAKHATPURA,VAKHATPURA,3,66
SABARKANTHA,DHANSURA,VANTDA SUKA,VANTDASUKA,25,297
SABARKANTHA,HIMATNAGAR,ADAPUR,ADAPUR,2,327
SABARKANTHA,HIMATNAGAR,ADPODRA,ADPODRA,3,520
SABARKANTHA,HIMATNAGAR,AGIYOL,AGIYOL,2,837
SABARKANTHA,HIMATNAGAR,AKODRA,AKODRA,21,652
SABARKANTHA,HIMATNAGAR,AMARAPUR,AMARAPUR,13,339
SABARKANTHA,HIMATNAGAR,AMBAVADA,AMBAVADA,2,66
SABARKANTHA,HIMATNAGAR,ARJANPURA,ARJANPURA,2,42
SABARKANTHA,HIMATNAGAR,BALOCH PUR,BALOCHPUR,21,290
SABARKANTHA,HIMATNAGAR,BALVANTPURA,BALVANTPURA,16,673
SABARKANTHA,HIMATNAGAR,BANKHOR,BANKHOR,5,657
SABARKANTHA,HIMATNAGAR,BAVSAR,BAVSAR,38,712
SABARKANTHA,HIMATNAGAR,BERNA,BERNA,9,934
SABARKANTHA,HIMATNAGAR,BHADARDI,BHADARDI,5,418
SABARKANTHA,HIMATNAGAR,BHAVPUR,BHAVPUR,24,213
SABARKANTHA,HIMATNAGAR,BILPAN,BILPAN,1,80
SABARKANTHA,HIMATNAGAR,BORIYA KHURAD,BORIYAKHURAD,8,133
SABARKANTHA,HIMATNAGAR,CHAMPALNAR,CHAMPALNAR,8,633
SABARKANTHA,HIMATNAGAR,CHANDARNI,CHANDARNI,9,470
SABARKANTHA,HIMATNAGAR,CHHAPARA (LIKHI),CHHAPARALIKHI,2,218
SABARKANTHA,HIMATNAGAR,DEDHROTA,DEDHROTA,43,971
SABARKANTHA,HIMATNAGAR,DEMAI MOTI,DEMAIMOTI,12,160
SABARKANTHA,HIMATNAGAR,DEMAI NANI,DEMAINANI,2,297
SABARKANTHA,HIMATNAGAR,DEROL,DEROL,13,737
SABARKANTHA,HIMATNAGAR,DESASAN,DESASAN,3,225
SABARKANTHA,HIMATNAGAR,DHABAL,DHABAL,6,79
SABARKANTHA,HIMATNAGAR,DHANDHA,DHANDHA,7,64
SABARKANTHA,HIMATNAGAR,DHUNDHOR,DHUNDHOR,40,1094
SABARKANTHA,HIMATNAGAR,DOLPUR,DOLPUR,1,103
SABARKANTHA,HIMATNAGAR,GADHA,GADHA,38,753
SABARKANTHA,HIMATNAGAR,GADHODA,GADHODA,11,2014
SABARKANTHA,HIMATNAGAR,GAMBHOI,GAMBHOI,6,458
SABARKANTHA,HIMATNAGAR,GAMDI,GAMDI,10,92
SABARKANTHA,HIMATNAGAR,GHORVADA,GHORVADA,2,157
SABARKANTHA,HIMATNAGAR,HADIYOL,HADIYOL,18,926
SABARKANTHA,HIMATNAGAR,HAJIPUR,HAJIPUR,17,368
SABARKANTHA,HIMATNAGAR,HAMIRGADH (KHED),HAMIRGADHKHED,4,70
SABARKANTHA,HIMATNAGAR,HAMIRGADH (VANTDA),HAMIRGADHVANTDA,10,466
SABARKANTHA,HIMATNAGAR,HANSALPUR,HANSALPUR,18,418
SABARKANTHA,HIMATNAGAR,HAPA,HAPA,46,1256
SABARKANTHA,HIMATNAGAR,HATHROL,HATHROL,17,788
SABARKANTHA,HIMATNAGAR,HIMATPUR,HIMATPUR,34,655
SABARKANTHA,HIMATNAGAR,HUNJ,HUNJ,11,290
SABARKANTHA,HIMATNAGAR,ILOL,ILOL,29,1399
SABARKANTHA,HIMATNAGAR,JAMBUDI,JAMBUDI,27,832
SABARKANTHA,HIMATNAGAR,JAMLA,JAMLA,67,1500
SABARKANTHA,HIMATNAGAR,JAVANGADH,JAVANGADH,11,54
SABARKANTHA,HIMATNAGAR,JAVANPURA,JAVANPURA,9,299
SABARKANTHA,HIMATNAGAR,JITOD,JITOD,2,149
SABARKANTHA,HIMATNAGAR,JIVAPUR,JIVAPUR,6,207
SABARKANTHA,HIMATNAGAR,JORAPUR,JORAPUR,11,493
SABARKANTHA,HIMATNAGAR,KADODARI,KADODARI,2,129
SABARKANTHA,HIMATNAGAR,KADOLI,KADOLI,15,1135
SABARKANTHA,HIMATNAGAR,KANADA,KANADA,12,480
SABARKANTHA,HIMATNAGAR,KANAI,KANAI,31,807
SABARKANTHA,HIMATNAGAR,KANIYOL,KANIYOL,10,561
SABARKANTHA,HIMATNAGAR,KANKNOL,KANKNOL,9,1104
SABARKANTHA,HIMATNAGAR,KARANPUR,KARANPUR,10,574
SABARKANTHA,HIMATNAGAR,KATHAVADIYA,KATHAVADIYA,2,93
SABARKANTHA,HIMATNAGAR,KATWAD,KATWAD,15,560
SABARKANTHA,HIMATNAGAR,KENPUR,KENPUR,7,110
SABARKANTHA,HIMATNAGAR,KESHARPURA,KESHARPURA,14,110
SABARKANTHA,HIMATNAGAR,KHANDHOL,KHANDHOL,5,268
SABARKANTHA,HIMATNAGAR,KHANUSA,KHANUSA,2,267
SABARKANTHA,HIMATNAGAR,KHED,KHED,24,424
SABARKANTHA,HIMATNAGAR,KHEDAVADA,KHEDAVADA,18,875
SABARKANTHA,HIMATNAGAR,KUMP,KUMP,8,336
SABARKANTHA,HIMATNAGAR,KUNDOL,KUNDOL,10,144
SABARKANTHA,HIMATNAGAR,LALPUR (SAVGADH),LALPURSAVGADH,7,59
SABARKANTHA,HIMATNAGAR,LALPUR (VAVDI),LALPURVAVDI,1,85
SABARKANTHA,HIMATNAGAR,LIKHI,LIKHI,13,335
SABARKANTHA,HIMATNAGAR,LOLASAN,LOLASAN,8,535
SABARKANTHA,HIMATNAGAR,MAHADEVPURA (KUDOL),MAHADEVPURAKUDOL,6,27
SABARKANTHA,HIMATNAGAR,MAHADEVPURA (SADHA),MAHADEVPURASADHA,1,100
SABARKANTHA,HIMATNAGAR,MAHADEVPURA(KHEDAVAD,MAHADEVPURAKHEDAVAD,4,100
SABARKANTHA,HIMATNAGAR,MAHADEVPURA(LOLASAN),MAHADEVPURALOLASAN,10,280
SABARKANTHA,HIMATNAGAR,MAHERPURA,MAHERPURA,2,203
SABARKANTHA,HIMATNAGAR,MALI,MALI,1,338
SABARKANTHA,HIMATNAGAR,MANORPUR,MANORPUR,3,720
SABARKANTHA,HIMATNAGAR,MANPUR (BANKHOR),MANPURBANKHOR,10,373
SABARKANTHA,HIMATNAGAR,MATHASULIYA,MATHASULIYA,17,596
SABARKANTHA,HIMATNAGAR,MORDUNGRA,MORDUNGRA,2,79
SABARKANTHA,HIMATNAGAR,MOTIPUR,MOTIPUR,3,88
SABARKANTHA,HIMATNAGAR,MUNPUR (RANGPUR),MUNPURRANGPUR,19,570
SABARKANTHA,HIMATNAGAR,NADRI,NADRI,3,221
SABARKANTHA,HIMATNAGAR,NADRI PETHAPUR,NADRIPETHAPUR,3,323
SABARKANTHA,HIMATNAGAR,NAVA,NAVA,6,706
SABARKANTHA,HIMATNAGAR,NAVALPUR,NAVALPUR,25,458
SABARKANTHA,HIMATNAGAR,NAVALPUR (BHATODA),NAVALPURBHATODA,29,92
SABARKANTHA,HIMATNAGAR,NAVANAGAR,NAVANAGAR,32,274
SABARKANTHA,HIMATNAGAR,NIKODA,NIKODA,36,836
SABARKANTHA,HIMATNAGAR,NURPUR,NURPUR,5,58
SABARKANTHA,HIMATNAGAR,PARABADA,PARABADA,12,323
SABARKANTHA,HIMATNAGAR,PEDHAMALA,PEDHAMALA,7,358
SABARKANTHA,HIMATNAGAR,PETHAPUR,PETHAPUR,9,405
SABARKANTHA,HIMATNAGAR,PIPALIYA,PIPALIYA,6,506
SABARKANTHA,HIMATNAGAR,PIPLODI,PIPLODI,9,120
SABARKANTHA,HIMATNAGAR,PIPODAR,PIPODAR,26,565
SABARKANTHA,HIMATNAGAR,POLAJPUR,POLAJPUR,18,1013
SABARKANTHA,HIMATNAGAR,PRATAPPURA,PRATAPPURA,6,283
SABARKANTHA,HIMATNAGAR,PREMPUR,PREMPUR,55,1500
SABARKANTHA,HIMATNAGAR,PURAL,PURAL,9,436
SABARKANTHA,HIMATNAGAR,RAISINGPURA,RAISINGPURA,1,94
SABARKANTHA,HIMATNAGAR,RAJPUR (GAMBHOI),RAJPURGAMBHOI,2,58
SABARKANTHA,HIMATNAGAR,RAJPUR (NAVA),RAJPURNAVA,3,526
SABARKANTHA,HIMATNAGAR,RAMPUR (GHORVADA),RAMPURGHORVADA,4,561
SABARKANTHA,HIMATNAGAR,RAMPUR (RUPAL),RAMPURRUPAL,6,215
SABARKANTHA,HIMATNAGAR,RANGPUR,RANGPUR,26,637
SABARKANTHA,HIMATNAGAR,RAYGADH,RAYGADH,48,682
SABARKANTHA,HIMATNAGAR,RAYPUR,RAYPUR,3,160
SABARKANTHA,HIMATNAGAR,RUPAL,RUPAL,13,681
SABARKANTHA,HIMATNAGAR,SACHODAR,SACHODAR,21,978
SABARKANTHA,HIMATNAGAR,SADHA,SADHA,7,422
SABARKANTHA,HIMATNAGAR,SAKRODIYA,SAKRODIYA,10,266
SABARKANTHA,HIMATNAGAR,SAROLI,SAROLI,4,193
SABARKANTHA,HIMATNAGAR,SAVGADH,SAVGADH,21,571
SABARKANTHA,HIMATNAGAR,SAYABAPUR,SAYABAPUR,15,434
SABARKANTHA,HIMATNAGAR,SHRAVANA,SHRAVANA,5,328
SABARKANTHA,HIMATNAGAR,SURAJPURA,SURAJPURA,11,518
SABARKANTHA,HIMATNAGAR,SURPUR (HAMIRGADH),SURPURHAMIRGADH,9,446
SABARKANTHA,HIMATNAGAR,SURPUR (LIKHI),SURPURLIKHI,2,179
SABARKANTHA,HIMATNAGAR,TAJPURI,TAJPURI,29,715
SABARKANTHA,HIMATNAGAR,TANDOL,TANDOL,4,133
SABARKANTHA,HIMATNAGAR,THUMRA,THUMRA,8,241
SABARKANTHA,HIMATNAGAR,VAGDI,VAGDI,12,712
SABARKANTHA,HIMATNAGAR,VAJAPUR,VAJAPUR,3,91
SABARKANTHA,HIMATNAGAR,VAKTAPUR,VAKTAPUR,11,668
SABARKANTHA,HIMATNAGAR,VAMOJ,VAMOJ,1,404
SABARKANTHA,HIMATNAGAR,VANTDA,VANTDA,5,396
SABARKANTHA,HIMATNAGAR,VASANA (GHORVADA),VASANAGHORVADA,5,226
SABARKANTHA,HIMATNAGAR,VASANI,VASANI,2,36
SABARKANTHA,HIMATNAGAR,VASNA (CHANDARNI),VASNACHANDARNI,8,166
SABARKANTHA,HIMATNAGAR,VAVDI,VAVDI,14,819
SABARKANTHA,HIMATNAGAR,VEJRAP NO MATH,VEJRAPNOMATH,4,35
SABARKANTHA,HIMATNAGAR,VIRAVADA,VIRAVADA,21,752
SABARKANTHA,HIMATNAGAR,VIRPUR,VIRPUR,6,604
SABARKANTHA,IDAR,ABDASAN,ABDASAN,10,215
SABARKANTHA,IDAR,ACHARAL,ACHARAL,4,109
SABARKANTHA,IDAR,ANKALA,ANKALA,25,281
SABARKANTHA,IDAR,ARODA,ARODA,26,1495
SABARKANTHA,IDAR,ARSODIYA,ARSODIYA,7,741
SABARKANTHA,IDAR,BADARPURA,BADARPURA,5,245
SABARKANTHA,IDAR,BADOLI,BADOLI,45,739
SABARKANTHA,IDAR,BAKARPURA,BAKARPURA,23,46
SABARKANTHA,IDAR,BARVAV,BARVAV,19,348
SABARKANTHA,IDAR,BHADRESAR,BHADRESAR,23,674
SABARKANTHA,IDAR,BHANPUR (VADIYAVIR),BHANPURVADIYAVIR,22,645
SABARKANTHA,IDAR,BHAVNAGAR,BHAVNAGAR,2,131
SABARKANTHA,IDAR,BHETALI,BHETALI,12,76
SABARKANTHA,IDAR,BHUTIYA,BHUTIYA,16,301
SABARKANTHA,IDAR,BHUVEL,BHUVEL,2,226
SABARKANTHA,IDAR,BOLUNDRA (RUVECH),BOLUNDRARUVECH,12,296
SABARKANTHA,IDAR,BOLUNDRA (SONGADH),BOLUNDRASONGADH,10,552
SABARKANTHA,IDAR,BUDHELI,BUDHELI,6,431
SABARKANTHA,IDAR,BUDHIYA,BUDHIYA,15,202
SABARKANTHA,IDAR,CHADASANA,CHADASANA,9,308
SABARKANTHA,IDAR,CHAMPA,CHAMPA,7,161
SABARKANTHA,IDAR,CHANDAP,CHANDAP,11,825
SABARKANTHA,IDAR,CHHAPI,CHHAPI,38,402
SABARKANTHA,IDAR,CHITRODA,CHITRODA,33,544
SABARKANTHA,IDAR,CHITRODI,CHITRODI,14,476
SABARKANTHA,IDAR,CHOTASAN,CHOTASAN,18,360
SABARKANTHA,IDAR,DARAMLI,DARAMLI,36,319
SABARKANTHA,IDAR,DAVAD,DAVAD,15,899
SABARKANTHA,IDAR,DETROLI,DETROLI,27,243
SABARKANTHA,IDAR,DHARAPUR,DHARAPUR,13,169
SABARKANTHA,IDAR,DHINCHANIYA,DHINCHANIYA,60,213
SABARKANTHA,IDAR,DIYOLI,DIYOLI,17,274
SABARKANTHA,IDAR,DUNGARI,DUNGARI,32,685
SABARKANTHA,IDAR,EKLARA,EKLARA,13,700
SABARKANTHA,IDAR,FAGOL,FAGOL,4,128
SABARKANTHA,IDAR,FALASAN,FALASAN,19,729
SABARKANTHA,IDAR,FINCHOD,FINCHOD,9,1177
SABARKANTHA,IDAR,GADHA,GADHA,12,240
SABARKANTHA,IDAR,GAMBHIRPURA,GAMBHIRPURA,25,105
SABARKANTHA,IDAR,GANESHPURA,GANESHPURA,12,195
SABARKANTHA,IDAR,GANTHIYOL,GANTHIYOL,70,663
SABARKANTHA,IDAR,GOLVADA,GOLVADA,20,839
SABARKANTHA,IDAR,GOROL,GOROL,31,832
SABARKANTHA,IDAR,GUJARVA,GUJARVA,1,303
SABARKANTHA,IDAR,GULABPURA,GULABPURA,6,125
SABARKANTHA,IDAR,HARIPURA,HARIPURA,4,102
SABARKANTHA,IDAR,HARIPURA(ARODA),HARIPURAARODA,8,182
SABARKANTHA,IDAR,HATHOL,HATHOL,8,228
SABARKANTHA,IDAR,HIMATPUR,HIMATPUR,21,488
SABARKANTHA,IDAR,HIMGLAJ,HIMGLAJ,18,286
SABARKANTHA,IDAR,ISARVADA,ISARVADA,16,533
SABARKANTHA,IDAR,ITADI,ITADI,20,202
SABARKANTHA,IDAR,JADAR,JADAR,16,792
SABARKANTHA,IDAR,JALIYA,JALIYA,20,457
SABARKANTHA,IDAR,JASHVANTGADH,JASHVANTGADH,106,1366
SABARKANTHA,IDAR,JAVANPURA,JAVANPURA,14,49
SABARKANTHA,IDAR,JETHIPURA,JETHIPURA,7,71
SABARKANTHA,IDAR,KABSO,KABSO,9,615
SABARKANTHA,IDAR,KADIYADARA,KADIYADARA,57,509
SABARKANTHA,IDAR,KALYANPURA,KALYANPURA,5,126
SABARKANTHA,IDAR,KAMALPUR,KAMALPUR,5,786
SABARKANTHA,IDAR,KAMBOYA,KAMBOYA,13,180
SABARKANTHA,IDAR,KANPUR,KANPUR,28,423
SABARKANTHA,IDAR,KAPODA,KAPODA,44,491
SABARKANTHA,IDAR,KAVA,KAVA,35,310
SABARKANTHA,IDAR,KESHARPURA,KESHARPURA,19,237
SABARKANTHA,IDAR,KHASKI,KHASKI,11,218
SABARKANTHA,IDAR,KHODAM,KHODAM,9,242
SABARKANTHA,IDAR,KISHORGADH,KISHORGADH,31,497
SABARKANTHA,IDAR,KUKADIYA,KUKADIYA,37,480
SABARKANTHA,IDAR,KUSKI,KUSKI,10,148
SABARKANTHA,IDAR,KUVAVA,KUVAVA,8,289
SABARKANTHA,IDAR,LAKSHMANPURA,LAKSHMANPURA,6,198
SABARKANTHA,IDAR,LALODA,LALODA,52,566
SABARKANTHA,IDAR,LALPUR (BADOLI),LALPURBADOLI,18,403
SABARKANTHA,IDAR,LALPUR (DAVAD),LALPURDAVAD,4,237
SABARKANTHA,IDAR,LEI,LEI,12,563
SABARKANTHA,IDAR,LIMBHOI,LIMBHOI,25,208
SABARKANTHA,IDAR,MADHVA,MADHVA,60,434
SABARKANTHA,IDAR,MAHIVADA,MAHIVADA,2,138
SABARKANTHA,IDAR,MANGADH,MANGADH,2,199
SABARKANTHA,IDAR,MANIYOR,MANIYOR,45,1147
SABARKANTHA,IDAR,MANPUR,MANPUR,14,377
SABARKANTHA,IDAR,MASAL,MASAL,16,552
SABARKANTHA,IDAR,MASTUPUR,MASTUPUR,2,121
SABARKANTHA,IDAR,MATHASUR,MATHASUR,36,313
SABARKANTHA,IDAR,MESAN,MESAN,35,521
SABARKANTHA,IDAR,MOTA KOTDA,MOTAKOTDA,44,1000
SABARKANTHA,IDAR,MOTA VADOL,MOTAVADOL,15,386
SABARKANTHA,IDAR,MOVATPURA,MOVATPURA,2,185
SABARKANTHA,IDAR,MUDETI,MUDETI,24,788
SABARKANTHA,IDAR,NANA KOTDA,NANAKOTDA,7,663
SABARKANTHA,IDAR,NANI VADOL,NANIVADOL,3,292
SABARKANTHA,IDAR,NARSINHPURA,NARSINHPURA,26,200
SABARKANTHA,IDAR,NAVA,NAVA,22,2093
SABARKANTHA,IDAR,NETRAMLI,NETRAMLI,77,654
SABARKANTHA,IDAR,ODA,ODA,38,664
SABARKANTHA,IDAR,PAJ,PAJ,27,135
SABARKANTHA,IDAR,PANCHGAMDA,PANCHGAMDA,18,85
SABARKANTHA,IDAR,PANOL,PANOL,13,492
SABARKANTHA,IDAR,PATALIYA,PATALIYA,6,197
SABARKANTHA,IDAR,POSHINA,POSHINA,54,890
SABARKANTHA,IDAR,PRATAPGADH,PRATAPGADH,18,449
SABARKANTHA,IDAR,PRATAPPURA,PRATAPPURA,6,304
SABARKANTHA,IDAR,PUNJPUR,PUNJPUR,5,58
SABARKANTHA,IDAR,RAMPUR (BRAHMPURI),RAMPURBRAHMPURI,32,213
SABARKANTHA,IDAR,RANASAN,RANASAN,13,178
SABARKANTHA,IDAR,RANODARA,RANODARA,26,155
SABARKANTHA,IDAR,RATANPUR,RATANPUR,7,861
SABARKANTHA,IDAR,RAVOL,RAVOL,5,435
SABARKANTHA,IDAR,REVAS,REVAS,25,985
SABARKANTHA,IDAR,RUDERDI,RUDERDI,8,491
SABARKANTHA,IDAR,RUVECH,RUVECH,15,296
SABARKANTHA,IDAR,SABALVAD,SABALVAD,8,651
SABARKANTHA,IDAR,SADATPURA,SADATPURA,28,137
SABARKANTHA,IDAR,SAHEBPURA,SAHEBPURA,13,121
SABARKANTHA,IDAR,SAMLAPUR,SAMLAPUR,8,527
SABARKANTHA,IDAR,SANTOL,SANTOL,20,417
SABARKANTHA,IDAR,SAPAVADA,SAPAVADA,17,475
SABARKANTHA,IDAR,SARANGPUR,SARANGPUR,32,166
SABARKANTHA,IDAR,SARDARPUR,SARDARPUR,6,163
SABARKANTHA,IDAR,SAVGADH,SAVGADH,8,340
SABARKANTHA,IDAR,SHERPUR,SHERPUR,41,287
SABARKANTHA,IDAR,SINGHA,SINGHA,29,715
SABARKANTHA,IDAR,SIYASAN,SIYASAN,29,264
SABARKANTHA,IDAR,SUDRASANA,SUDRASANA,39,220
SABARKANTHA,IDAR,SUNDARPUR,SUNDARPUR,34,166
SABARKANTHA,IDAR,SURPUR,SURPUR,34,199
SABARKANTHA,IDAR,TASIYA,TASIYA,5,53
SABARKANTHA,IDAR,UMEDGADH,UMEDGADH,34,957
SABARKANTHA,IDAR,UMEDPURA,UMEDPURA,12,584
SABARKANTHA,IDAR,VADIYAVIR,VADIYAVIR,26,364
SABARKANTHA,IDAR,VANSDOL,VANSDOL,35,264
SABARKANTHA,IDAR,VANTDA,VANTDA,7,66
SABARKANTHA,IDAR,VASAI,VASAI,64,672
SABARKANTHA,IDAR,VASNA (DAVAD),VASNADAVAD,4,426
SABARKANTHA,IDAR,VERABAR,VERABAR,31,796
SABARKANTHA,IDAR,VIRPUR,VIRPUR,92,1280
SABARKANTHA,IDAR,VORAVAV,VORAVAV,18,70
SABARKANTHA,IDAR,ZINZAVA,ZINZAVA,11,271
SABARKANTHA,KHEDBRAHMA,AGIYA,AGIYA,81,888
SABARKANTHA,KHEDBRAHMA,AJAVAS,AJAVAS,28,343
SABARKANTHA,KHEDBRAHMA,AMBA MAHUDA,AMBAMAHUDA,4,173
SABARKANTHA,KHEDBRAHMA,AMBAI GADHA,AMBAIGADHA,5,404
SABARKANTHA,KHEDBRAHMA,AMBASAR,AMBASAR,19,170
SABARKANTHA,KHEDBRAHMA,ANJANI,ANJANI,17,194
SABARKANTHA,KHEDBRAHMA,BAHARA,BAHARA,20,181
SABARKANTHA,KHEDBRAHMA,BAHEDIYA,BAHEDIYA,27,501
SABARKANTHA,KHEDBRAHMA,BANDIYANA TALAV,BANDIYANATALAV,24,338
SABARKANTHA,KHEDBRAHMA,BASOL,BASOL,8,66
SABARKANTHA,KHEDBRAHMA,BAVAL KATHIYA,BAVALKATHIYA,38,255
SABARKANTHA,KHEDBRAHMA,BEDI,BEDI,10,82
SABARKANTHA,KHEDBRAHMA,BHARAMIYA,BHARAMIYA,8,452
SABARKANTHA,KHEDBRAHMA,BHUTIYA,BHUTIYA,12,97
SABARKANTHA,KHEDBRAHMA,BORDI,BORDI,5,660
SABARKANTHA,KHEDBRAHMA,BUBADIYANA CHHAPRAN,BUBADIYANACHHAPRAN,8,113
SABARKANTHA,KHEDBRAHMA,CHAMPALPUR,CHAMPALPUR,10,748
SABARKANTHA,KHEDBRAHMA,CHANDRANA,CHANDRANA,45,692
SABARKANTHA,KHEDBRAHMA,CHANGOD,CHANGOD,23,625
SABARKANTHA,KHEDBRAHMA,CHHATRANG,CHHATRANG,14,89
SABARKANTHA,KHEDBRAHMA,CHHOCHHAR,CHHOCHHAR,39,448
SABARKANTHA,KHEDBRAHMA,CHIKHLA,CHIKHLA,6,207
SABARKANTHA,KHEDBRAHMA,CHOLIYA,CHOLIYA,11,242
SABARKANTHA,KHEDBRAHMA,DAMAVAS,DAMAVAS,67,324
SABARKANTHA,KHEDBRAHMA,DAN MAHUDI,DANMAHUDI,23,193
SABARKANTHA,KHEDBRAHMA,DANTIYA,DANTIYA,9,272
SABARKANTHA,KHEDBRAHMA,DANTRAL,DANTRAL,57,814
SABARKANTHA,KHEDBRAHMA,DAROL (VA),DAROLVA,51,259
SABARKANTHA,KHEDBRAHMA,DEDKA,DEDKA,7,198
SABARKANTHA,KHEDBRAHMA,DELVADA,DELVADA,3,527
SABARKANTHA,KHEDBRAHMA,DELVADA(CHHOCHAR),DELVADACHHOCHAR,33,156
SABARKANTHA,KHEDBRAHMA,DEMTI,DEMTI,29,945
SABARKANTHA,KHEDBRAHMA,DHAROI,DHAROI,21,299
SABARKANTHA,KHEDBRAHMA,DHOLI,DHOLI,2,87
SABARKANTHA,KHEDBRAHMA,DHOLIVAV,DHOLIVAV,3,212
SABARKANTHA,KHEDBRAHMA,DIDHIYA,DIDHIYA,5,419
SABARKANTHA,KHEDBRAHMA,DIGTHALI,DIGTHALI,24,543
SABARKANTHA,KHEDBRAHMA,DOTAD,DOTAD,22,609
SABARKANTHA,KHEDBRAHMA,GADHADA,GADHADA,28,419
SABARKANTHA,KHEDBRAHMA,GADU,GADU,49,209
SABARKANTHA,KHEDBRAHMA,GALODIYA,GALODIYA,43,447
SABARKANTHA,KHEDBRAHMA,GANCALI,GANCALI,18,251
SABARKANTHA,KHEDBRAHMA,GANDHISAN,GANDHISAN,12,107
SABARKANTHA,KHEDBRAHMA,GANER,GANER,30,565
SABARKANTHA,KHEDBRAHMA,GANVA,GANVA,30,712
SABARKANTHA,KHEDBRAHMA,GOLVADA,GOLVADA,6,161
SABARKANTHA,KHEDBRAHMA,GUNBHANKHARI,GUNBHANKHARI,28,301
SABARKANTHA,KHEDBRAHMA,GUNDEL,GUNDEL,21,432
SABARKANTHA,KHEDBRAHMA,GUNDIKHAN,GUNDIKHAN,3,107
SABARKANTHA,KHEDBRAHMA,HINGATIYA (JAGIRI),HINGATIYAJAGIRI,22,133
SABARKANTHA,KHEDBRAHMA,HINGATIYA (KHALSA),HINGATIYAKHALSA,16,195
SABARKANTHA,KHEDBRAHMA,JADI SEMBAL,JADISEMBAL,6,245
SABARKANTHA,KHEDBRAHMA,JAGANNATHPURA,JAGANNATHPURA,8,56
SABARKANTHA,KHEDBRAHMA,JAGMER,JAGMER,15,37
SABARKANTHA,KHEDBRAHMA,JOTASAN,JOTASAN,15,250
SABARKANTHA,KHEDBRAHMA,KAJAVAS,KAJAVAS,29,206
SABARKANTHA,KHEDBRAHMA,KALAKHETRA,KALAKHETRA,19,114
SABARKANTHA,KHEDBRAHMA,KALCHHAVAD,KALCHHAVAD,17,174
SABARKANTHA,KHEDBRAHMA,KALIKANKAR,KALIKANKAR,29,415
SABARKANTHA,KHEDBRAHMA,KALLEKA,KALLEKA,2,42
SABARKANTHA,KHEDBRAHMA,KALOL,KALOL,74,636
SABARKANTHA,KHEDBRAHMA,KARUNDA,KARUNDA,40,220
SABARKANTHA,KHEDBRAHMA,KHANDHORA,KHANDHORA,5,241
SABARKANTHA,KHEDBRAHMA,KHARANIYA,KHARANIYA,15,120
SABARKANTHA,KHEDBRAHMA,KHEDVA,KHEDVA,35,599
SABARKANTHA,KHEDBRAHMA,KHERGATH,KHERGATH,3,215
SABARKANTHA,KHEDBRAHMA,KHERIVAV,KHERIVAV,2,51
SABARKANTHA,KHEDBRAHMA,KHEROJ,KHEROJ,20,126
SABARKANTHA,KHEDBRAHMA,KOLAND,KOLAND,14,119
SABARKANTHA,KHEDBRAHMA,KOLAND TALAV,KOLANDTALAV,1,46
SABARKANTHA,KHEDBRAHMA,KOTDA,KOTDA,100,749
SABARKANTHA,KHEDBRAHMA,KUKDI,KUKDI,5,99
SABARKANTHA,KHEDBRAHMA,LAKHIYA,LAKHIYA,3,78
SABARKANTHA,KHEDBRAHMA,LAKSHMIPURA,LAKSHMIPURA,80,771
SABARKANTHA,KHEDBRAHMA,LAMBADIYA,LAMBADIYA,14,106
SABARKANTHA,KHEDBRAHMA,MAHUDI,MAHUDI,3,312
SABARKANTHA,KHEDBRAHMA,MALVAS,MALVAS,9,177
SABARKANTHA,KHEDBRAHMA,MAMANA PIPLA,MAMANAPIPLA,17,63
SABARKANTHA,KHEDBRAHMA,MATARVADA,MATARVADA,57,449
SABARKANTHA,KHEDBRAHMA,MATHASARA,MATHASARA,5,486
SABARKANTHA,KHEDBRAHMA,MATODA,MATODA,74,479
SABARKANTHA,KHEDBRAHMA,METRAL,METRAL,9,339
SABARKANTHA,KHEDBRAHMA,MITHI BILI,MITHIBILI,5,173
SABARKANTHA,KHEDBRAHMA,MITHI VEDI,MITHIVEDI,5,75
SABARKANTHA,KHEDBRAHMA,MOTA BAVAL,MOTABAVAL,5,149
SABARKANTHA,KHEDBRAHMA,NADA,NADA,7,279
SABARKANTHA,KHEDBRAHMA,NANA BAVAL,NANABAVAL,9,259
SABARKANTHA,KHEDBRAHMA,NAVA MOTA,NAVAMOTA,28,364
SABARKANTHA,KHEDBRAHMA,NAVA NANA,NAVANANA,3,85
SABARKANTHA,KHEDBRAHMA,NICHI DHANAL,NICHIDHANAL,8,363
SABARKANTHA,KHEDBRAHMA,PADAPAT,PADAPAT,10,187
SABARKANTHA,KHEDBRAHMA,PADARDI,PADARDI,53,249
SABARKANTHA,KHEDBRAHMA,PADHARA,PADHARA,34,344
SABARKANTHA,KHEDBRAHMA,PALIYABIYA,PALIYABIYA,4,102
SABARKANTHA,KHEDBRAHMA,PANCH MAHUDA,PANCHMAHUDA,19,341
SABARKANTHA,KHEDBRAHMA,PANTHAL,PANTHAL,5,173
SABARKANTHA,KHEDBRAHMA,PAROYA,PAROYA,6,328
SABARKANTHA,KHEDBRAHMA,PATADIYA,PATADIYA,10,428
SABARKANTHA,KHEDBRAHMA,PATHORA,PATHORA,3,56
SABARKANTHA,KHEDBRAHMA,PETA CHHAPRA(POSHINA,PETACHHAPRAPOSHINA,8,117
SABARKANTHA,KHEDBRAHMA,PIPALIYA,PIPALIYA,8,343
SABARKANTHA,KHEDBRAHMA,PIPODARA DODIVADA,PIPODARADODIVADA,17,274
SABARKANTHA,KHEDBRAHMA,POLAPAN,POLAPAN,15,127
SABARKANTHA,KHEDBRAHMA,POSHINA (RATANPUR),POSHINARATANPUR,55,263
SABARKANTHA,KHEDBRAHMA,RADHIVAD,RADHIVAD,46,575
SABARKANTHA,KHEDBRAHMA,RATANPUR,RATANPUR,10,287
SABARKANTHA,KHEDBRAHMA,RODHARA,RODHARA,5,319
SABARKANTHA,KHEDBRAHMA,RUDRAMALA,RUDRAMALA,11,206
SABARKANTHA,KHEDBRAHMA,SALERA,SALERA,13,236
SABARKANTHA,KHEDBRAHMA,SEMBALIYA,SEMBALIYA,15,292
SABARKANTHA,KHEDBRAHMA,SEMBALIYA (POSHINA),SEMBALIYAPOSHINA,45,378
SABARKANTHA,KHEDBRAHMA,SILVAD,SILVAD,41,134
SABARKANTHA,KHEDBRAHMA,SITOL,SITOL,14,160
SABARKANTHA,KHEDBRAHMA,SONGADH,SONGADH,10,141
SABARKANTHA,KHEDBRAHMA,TADHIVEDI,TADHIVEDI,7,237
SABARKANTHA,KHEDBRAHMA,TANDALIYA,TANDALIYA,26,139
SABARKANTHA,KHEDBRAHMA,TEMBADA,TEMBADA,16,181
SABARKANTHA,KHEDBRAHMA,TEMBDI,TEMBDI,11,112
SABARKANTHA,KHEDBRAHMA,TUVER,TUVER,1,111
SABARKANTHA,KHEDBRAHMA,UMBARVA,UMBARVA,36,1190
SABARKANTHA,KHEDBRAHMA,UMBORA,UMBORA,8,192
SABARKANTHA,KHEDBRAHMA,UNCHI DHANAL,UNCHIDHANAL,12,736
SABARKANTHA,KHEDBRAHMA,VAGHESHVARI,VAGHESHVARI,3,58
SABARKANTHA,KHEDBRAHMA,VALARAN,VALARAN,26,334
SABARKANTHA,KHEDBRAHMA,VALSADI,VALSADI,22,245
SABARKANTHA,KHEDBRAHMA,VARTOL,VARTOL,25,340
SABARKANTHA,KHEDBRAHMA,VASANA,VASANA,7,343
SABARKANTHA,KHEDBRAHMA,VIKHRAN,VIKHRAN,3,109
SABARKANTHA,KHEDBRAHMA,VINCHHI,VINCHHI,34,219
SABARKANTHA,KHEDBRAHMA,ZANZAVA PANAI,ZANZAVAPANAI,33,846
SABARKANTHA,KHEDBRAHMA,ZINZNAT,ZINZNAT,12,151
SABARKANTHA,MALPUR,AGATIYA,AGATIYA,2,146
SABARKANTHA,MALPUR,AMBALIYA,AMBALIYA,4,254
SABARKANTHA,MALPUR,AMBAVA,AMBAVA,4,219
SABARKANTHA,MALPUR,ANDHARI VADI,ANDHARIVADI,3,95
SABARKANTHA,MALPUR,ANIYOR,ANIYOR,17,700
SABARKANTHA,MALPUR,ANKALIYA,ANKALIYA,5,129
SABARKANTHA,MALPUR,BAMNI,BAMNI,4,1760
SABARKANTHA,MALPUR,BHEMPODA,BHEMPODA,3,120
SABARKANTHA,MALPUR,BHEMPUR,BHEMPUR,7,217
SABARKANTHA,MALPUR,BHUKAKUTARI,BHUKAKUTARI,2,1432
SABARKANTHA,MALPUR,BHUTAN,BHUTAN,9,61
SABARKANTHA,MALPUR,BORADIYA,BORADIYA,19,518
SABARKANTHA,MALPUR,BUTIYA,BUTIYA,11,29
SABARKANTHA,MALPUR,CHORIWAD,CHORIWAD,8,274
SABARKANTHA,MALPUR,CHUMFARI,CHUMFARI,4,87
SABARKANTHA,MALPUR,DABARAN,DABARAN,3,105
SABARKANTHA,MALPUR,DAMORNA MUVADA,DAMORNAMUVADA,3,242
SABARKANTHA,MALPUR,DEVDANTI,DEVDANTI,12,186
SABARKANTHA,MALPUR,DHIRAKHANTANA MUVADA,DHIRAKHANTANAMUVADA,7,129
SABARKANTHA,MALPUR,DHOLESHVAR,DHOLESHVAR,8,199
SABARKANTHA,MALPUR,DODIYA,DODIYA,18,614
SABARKANTHA,MALPUR,FAGODIYA,FAGODIYA,4,197
SABARKANTHA,MALPUR,FANSAREL,FANSAREL,12,98
SABARKANTHA,MALPUR,GAJAN,GAJAN,10,357
SABARKANTHA,MALPUR,GALIYA DANTI,GALIYADANTI,3,144
SABARKANTHA,MALPUR,GODH,GODH,3,369
SABARKANTHA,MALPUR,GOPALPUR,GOPALPUR,2,132
SABARKANTHA,MALPUR,GORIYA,GORIYA,5,62
SABARKANTHA,MALPUR,GOVINDPUR,GOVINDPUR,13,2695
SABARKANTHA,MALPUR,HAMIRPUR,HAMIRPUR,12,120
SABARKANTHA,MALPUR,HARBAINA PAHADIYA,HARBAINAPAHADIYA,15,101
SABARKANTHA,MALPUR,HATHIKHANTNA MUVADA,HATHIKHANTNAMUVADA,16,201
SABARKANTHA,MALPUR,HELODAR,HELODAR,2,464
SABARKANTHA,MALPUR,JALAMKHANTNA MUVADA,JALAMKHANTNAMUVADA,13,231
SABARKANTHA,MALPUR,JALAMPUR,JALAMPUR,4,209
SABARKANTHA,MALPUR,JESINGPUR,JESINGPUR,13,366
SABARKANTHA,MALPUR,JESVADI,JESVADI,4,222
SABARKANTHA,MALPUR,JITPUR,JITPUR,15,947
SABARKANTHA,MALPUR,JUNA TAKHATPUR,JUNATAKHATPUR,5,133
SABARKANTHA,MALPUR,KANELA,KANELA,4,299
SABARKANTHA,MALPUR,KASVADA,KASVADA,8,324
SABARKANTHA,MALPUR,KATKUVA,KATKUVA,3,198
SABARKANTHA,MALPUR,KAVERIYA,KAVERIYA,6,129
SABARKANTHA,MALPUR,KHALIKPUR,KHALIKPUR,4,267
SABARKANTHA,MALPUR,KHETAVADA,KHETAVADA,12,43
SABARKANTHA,MALPUR,KIDIAD,KIDIAD,2,366
SABARKANTHA,MALPUR,KOTHI,KOTHI,2,159
SABARKANTHA,MALPUR,KOTHIYA,KOTHIYA,6,90
SABARKANTHA,MALPUR,KOYALIYA,KOYALIYA,1,143
SABARKANTHA,MALPUR,LALJINA PAHADIYA,LALJINAPAHADIYA,4,361
SABARKANTHA,MALPUR,LALPUR,LALPUR,5,317
SABARKANTHA,MALPUR,LODHIYANA PAHADIYA,LODHIYANAPAHADIYA,2,51
SABARKANTHA,MALPUR,MAGODI,MAGODI,22,249
SABARKANTHA,MALPUR,MAHIYAPUR,MAHIYAPUR,22,691
SABARKANTHA,MALPUR,MALJINA PAHADIYA,MALJINAPAHADIYA,5,264
SABARKANTHA,MALPUR,MALPUR,MALPUR,5,776
SABARKANTHA,MALPUR,MANGALPUR,MANGALPUR,16,389
SABARKANTHA,MALPUR,MANVAV,MANVAV,2,92
SABARKANTHA,MALPUR,MASADARA,MASADARA,4,182
SABARKANTHA,MALPUR,MATHVAS,MATHVAS,3,107
SABARKANTHA,MALPUR,MEDI TIMBA,MEDITIMBA,5,147
SABARKANTHA,MALPUR,MEVDA,MEVDA,3,1725
SABARKANTHA,MALPUR,MOLLI,MOLLI,6,183
SABARKANTHA,MALPUR,NANAVADA,NANAVADA,22,756
SABARKANTHA,MALPUR,NATHAVAS,NATHAVAS,12,583
SABARKANTHA,MALPUR,NAVA,NAVA,7,391
SABARKANTHA,MALPUR,NAVA TAKHATPUR,NAVATAKHATPUR,7,143
SABARKANTHA,MALPUR,NAVAGAM,NAVAGAM,10,222
SABARKANTHA,MALPUR,ODHA,ODHA,1,74
SABARKANTHA,MALPUR,PAHADIYA,PAHADIYA,3,422
SABARKANTHA,MALPUR,PANAVADA,PANAVADA,2,153
SABARKANTHA,MALPUR,PARPOTIYA,PARPOTIYA,3,125
SABARKANTHA,MALPUR,PARSODA,PARSODA,13,736
SABARKANTHA,MALPUR,PATELIYANA MUVADA,PATELIYANAMUVADA,2,115
SABARKANTHA,MALPUR,PIPRANA,PIPRANA,9,656
SABARKANTHA,MALPUR,PUNJARANI MUVADI,PUNJARANIMUVADI,3,157
SABARKANTHA,MALPUR,RAMBHODA,RAMBHODA,21,287
SABARKANTHA,MALPUR,RAMPUR,RAMPUR,1,185
SABARKANTHA,MALPUR,RASAPUR,RASAPUR,5,204
SABARKANTHA,MALPUR,RINCHHVAD,RINCHHVAD,3,441
SABARKANTHA,MALPUR,RUGNATHPUR,RUGNATHPUR,5,501
SABARKANTHA,MALPUR,SAKHWANIYA,SAKHWANIYA,5,1190
SABARKANTHA,MALPUR,SARDARKHANTNI MUVADI,SARDARKHANTNIMUVADI,3,108
SABARKANTHA,MALPUR,SATARDA,SATARDA,6,1199
SABARKANTHA,MALPUR,SOMPUR,SOMPUR,7,225
SABARKANTHA,MALPUR,SONARIYA,SONARIYA,6,86
SABARKANTHA,MALPUR,SONIKPUR,SONIKPUR,11,204
SABARKANTHA,MALPUR,SURAJPUR,SURAJPUR,1,196
SABARKANTHA,MALPUR,SURANA PAHADIYA,SURANAPAHADIYA,1,184
SABARKANTHA,MALPUR,SUVARCHAR,SUVARCHAR,2,40
SABARKANTHA,MALPUR,TISKI,TISKI,16,422
SABARKANTHA,MALPUR,TRIKAMPUR,TRIKAMPUR,3,101
SABARKANTHA,MALPUR,TUNADAR,TUNADAR,33,207
SABARKANTHA,MALPUR,UBHRAN,UBHRAN,5,783
SABARKANTHA,MALPUR,VALINATHNA MUVADA,VALINATHNAMUVADA,6,153
SABARKANTHA,MALPUR,VANKANEDA,VANKANEDA,5,270
SABARKANTHA,MALPUR,VAVDI,VAVDI,3,569
SABARKANTHA,MALPUR,VAVDIBARA,VAVDIBARA,7,194
SABARKANTHA,MALPUR,VELANIYA,VELANIYA,1,303
SABARKANTHA,MALPUR,VIRANIYA,VIRANIYA,1,61
SABARKANTHA,MEGHRAJ,ADEPUR,ADEPUR,1,97
SABARKANTHA,MEGHRAJ,ADHODIYA,ADHODIYA,1,49
SABARKANTHA,MEGHRAJ,AJU HILORA,AJUHILORA,21,710
SABARKANTHA,MEGHRAJ,ANTOLI,ANTOLI,5,148
SABARKANTHA,MEGHRAJ,BADARTRALNA (CHHAPRA,BADARTRALNACHHAPRA,13,83
SABARKANTHA,MEGHRAJ,BASKADANTI,BASKADANTI,7,54
SABARKANTHA,MEGHRAJ,BEHDAJ,BEHDAJ,6,111
SABARKANTHA,MEGHRAJ,BELYO,BELYO,7,379
SABARKANTHA,MEGHRAJ,BHATKOTA,BHATKOTA,2,92
SABARKANTHA,MEGHRAJ,BHEMAPUR,BHEMAPUR,18,776
SABARKANTHA,MEGHRAJ,BHUNJRI,BHUNJRI,3,263
SABARKANTHA,MEGHRAJ,BHUTIYA,BHUTIYA,3,151
SABARKANTHA,MEGHRAJ,BHUVAL,BHUVAL,2,211
SABARKANTHA,MEGHRAJ,BRAHMAN KOTDA,BRAHMANKOTDA,2,94
SABARKANTHA,MEGHRAJ,CHHIKARI,CHHIKARI,5,95
SABARKANTHA,MEGHRAJ,CHHITADARA,CHHITADARA,24,122
SABARKANTHA,MEGHRAJ,DACHKA,DACHKA,15,381
SABARKANTHA,MEGHRAJ,DAMORNA DHUNDHA,DAMORNADHUNDHA,3,316
SABARKANTHA,MEGHRAJ,DHANDHIYA,DHANDHIYA,14,298
SABARKANTHA,MEGHRAJ,DHANIVADA,DHANIVADA,16,125
SABARKANTHA,MEGHRAJ,DHAROLA,DHAROLA,1,64
SABARKANTHA,MEGHRAJ,DHEMDA,DHEMDA,3,142
SABARKANTHA,MEGHRAJ,DHENKVA,DHENKVA,1,56
SABARKANTHA,MEGHRAJ,DHUNDHERA,DHUNDHERA,1,71
SABARKANTHA,MEGHRAJ,DUNGRAGOD,DUNGRAGOD,4,133
SABARKANTHA,MEGHRAJ,FUTA,FUTA,4,60
SABARKANTHA,MEGHRAJ,GAY VACHHDA,GAYVACHHDA,4,76
SABARKANTHA,MEGHRAJ,GED,GED,20,129
SABARKANTHA,MEGHRAJ,GHORVADA,GHORVADA,3,176
SABARKANTHA,MEGHRAJ,GODHA,GODHA,5,84
SABARKANTHA,MEGHRAJ,GODHAVADA,GODHAVADA,4,133
SABARKANTHA,MEGHRAJ,GOKCHUVAN,GOKCHUVAN,7,109
SABARKANTHA,MEGHRAJ,GOPAVADA,GOPAVADA,1,63
SABARKANTHA,MEGHRAJ,HIRATIMBA,HIRATIMBA,2,119
SABARKANTHA,MEGHRAJ,INTVA,INTVA,16,172
SABARKANTHA,MEGHRAJ,IPLODA,IPLODA,22,461
SABARKANTHA,MEGHRAJ,ISARI,ISARI,3,452
SABARKANTHA,MEGHRAJ,JALAMPUR,JALAMPUR,3,85
SABARKANTHA,MEGHRAJ,JAMGADH,JAMGADH,3,176
SABARKANTHA,MEGHRAJ,JASHVANTPURA,JASHVANTPURA,1,29
SABARKANTHA,MEGHRAJ,JEMANA,JEMANA,5,78
SABARKANTHA,MEGHRAJ,JITPUR,JITPUR,2,92
SABARKANTHA,MEGHRAJ,JIVANPUR,JIVANPUR,1,36
SABARKANTHA,MEGHRAJ,KADVADA,KADVADA,5,46
SABARKANTHA,MEGHRAJ,KADVADI,KADVADI,29,115
SABARKANTHA,MEGHRAJ,KALIYA KUVA,KALIYAKUVA,9,422
SABARKANTHA,MEGHRAJ,KAMRODA,KAMRODA,22,154
SABARKANTHA,MEGHRAJ,KANTALU,KANTALU,48,162
SABARKANTHA,MEGHRAJ,KARANPUR,KARANPUR,1,25
SABARKANTHA,MEGHRAJ,KASANA,KASANA,5,227
SABARKANTHA,MEGHRAJ,KHAKHARIYA,KHAKHARIYA,3,111
SABARKANTHA,MEGHRAJ,KHANDIVAV,KHANDIVAV,2,28
SABARKANTHA,MEGHRAJ,KHERAI,KHERAI,3,175
SABARKANTHA,MEGHRAJ,KHOKHARIYA,KHOKHARIYA,2,99
SABARKANTHA,MEGHRAJ,KOLUNDRA,KOLUNDRA,5,219
SABARKANTHA,MEGHRAJ,KRUSHNAPUR,KRUSHNAPUR,6,101
SABARKANTHA,MEGHRAJ,KUMBHERA,KUMBHERA,14,77
SABARKANTHA,MEGHRAJ,KUNOL,KUNOL,58,928
SABARKANTHA,MEGHRAJ,LAKHAPUR,LAKHAPUR,10,73
SABARKANTHA,MEGHRAJ,LAKHIPUR,LAKHIPUR,11,112
SABARKANTHA,MEGHRAJ,LALODIYA,LALODIYA,8,303
SABARKANTHA,MEGHRAJ,LALPUR,LALPUR,2,33
SABARKANTHA,MEGHRAJ,LALUKAMPA,LALUKAMPA,9,159
SABARKANTHA,MEGHRAJ,LIMBHOI,LIMBHOI,1,307
SABARKANTHA,MEGHRAJ,LIMBODARA (RAMGADHI),LIMBODARARAMGADHI,3,416
SABARKANTHA,MEGHRAJ,LIMBODARA(DHUNTHA),LIMBODARADHUNTHA,3,107
SABARKANTHA,MEGHRAJ,MAHUDI,MAHUDI,6,198
SABARKANTHA,MEGHRAJ,MANDA,MANDA,2,29
SABARKANTHA,MEGHRAJ,MEGHRAJ,MEGHRAJ,7,229
SABARKANTHA,MEGHRAJ,MOTA MATH,MOTAMATH,4,64
SABARKANTHA,MEGHRAJ,MOTI MORI,MOTIMORI,1,106
SABARKANTHA,MEGHRAJ,MOTI MOYDI,MOTIMOYDI,3,247
SABARKANTHA,MEGHRAJ,MOTI PANDULI,MOTIPANDULI,2,214
SABARKANTHA,MEGHRAJ,MUDSHI,MUDSHI,5,288
SABARKANTHA,MEGHRAJ,MUNSHIVADA,MUNSHIVADA,1,351
SABARKANTHA,MEGHRAJ,NANI MOYDI,NANIMOYDI,1,53
SABARKANTHA,MEGHRAJ,NANI PANDULI,NANIPANDULI,2,58
SABARKANTHA,MEGHRAJ,NARANPUR,NARANPUR,1,52
SABARKANTHA,MEGHRAJ,NAVAGAM (ISARI),NAVAGAMISARI,42,219
SABARKANTHA,MEGHRAJ,NESDA,NESDA,1,136
SABARKANTHA,MEGHRAJ,ODHA (KASANA),ODHAKASANA,3,138
SABARKANTHA,MEGHRAJ,ODHA (PANIBAR),ODHAPANIBAR,1,92
SABARKANTHA,MEGHRAJ,PAHADIYA (MEGHARAJ),PAHADIYAMEGHARAJ,8,306
SABARKANTHA,MEGHRAJ,PAHADIYA (PANCHAL),PAHADIYAPANCHAL,5,181
SABARKANTHA,MEGHRAJ,PALA KASANA,PALAKASANA,3,74
SABARKANTHA,MEGHRAJ,PANCHAL,PANCHAL,10,668
SABARKANTHA,MEGHRAJ,PANIBAR,PANIBAR,5,267
SABARKANTHA,MEGHRAJ,PATELANA CHHAPRA,PATELANACHHAPRA,2,181
SABARKANTHA,MEGHRAJ,PATELNA DHUNDHA,PATELNADHUNDHA,7,51
SABARKANTHA,MEGHRAJ,PISAL,PISAL,19,299
SABARKANTHA,MEGHRAJ,PRUTHVIPURA,PRUTHVIPURA,9,63
SABARKANTHA,MEGHRAJ,PUNJAPUR,PUNJAPUR,3,114
SABARKANTHA,MEGHRAJ,RAJEDI,RAJEDI,1,148
SABARKANTHA,MEGHRAJ,RAJPUR (RAMGADHI),RAJPURRAMGADHI,3,105
SABARKANTHA,MEGHRAJ,RAKHAPUR,RAKHAPUR,5,102
SABARKANTHA,MEGHRAJ,RAMGADHI,RAMGADHI,3,134
SABARKANTHA,MEGHRAJ,RAYAVADA,RAYAVADA,3,327
SABARKANTHA,MEGHRAJ,RELLAVADA,RELLAVADA,29,373
SABARKANTHA,MEGHRAJ,RELYO,RELYO,3,150
SABARKANTHA,MEGHRAJ,ROLA,ROLA,9,79
SABARKANTHA,MEGHRAJ,ROYANIYA,ROYANIYA,1,261
SABARKANTHA,MEGHRAJ,SANGAL,SANGAL,12,384
SABARKANTHA,MEGHRAJ,SARANGPUR,SARANGPUR,6,211
SABARKANTHA,MEGHRAJ,SATIPURA,SATIPURA,1,90
SABARKANTHA,MEGHRAJ,SENDARYO,SENDARYO,5,219
SABARKANTHA,MEGHRAJ,SISODARA (ADEPUR),SISODARAADEPUR,1,201
SABARKANTHA,MEGHRAJ,SISODARA (MEGHARAJ),SISODARAMEGHARAJ,13,180
SABARKANTHA,MEGHRAJ,SURDEVI,SURDEVI,3,162
SABARKANTHA,MEGHRAJ,TARAKVADA,TARAKVADA,3,57
SABARKANTHA,MEGHRAJ,TARAKVADIA,TARAKVADIA,1,64
SABARKANTHA,MEGHRAJ,TUMBALIYA,TUMBALIYA,2,165
SABARKANTHA,MEGHRAJ,UKARDI,UKARDI,3,70
SABARKANTHA,MEGHRAJ,UNDVA,UNDVA,12,297
SABARKANTHA,MEGHRAJ,VAGHPUR,VAGHPUR,3,76
SABARKANTHA,MEGHRAJ,VAGORA,VAGORA,2,81
SABARKANTHA,MEGHRAJ,VAIDI,VAIDI,2,55
SABARKANTHA,MEGHRAJ,VAIYA,VAIYA,15,107
SABARKANTHA,MEGHRAJ,VALUNA,VALUNA,1,192
SABARKANTHA,MEGHRAJ,VANIYAVADA,VANIYAVADA,5,75
SABARKANTHA,MEGHRAJ,VANK,VANK,12,232
SABARKANTHA,MEGHRAJ,VANKA TIMBA,VANKATIMBA,9,49
SABARKANTHA,MEGHRAJ,VARTHLI,VARTHLI,5,110
SABARKANTHA,MEGHRAJ,VASAI,VASAI,1,137
SABARKANTHA,MEGHRAJ,VASNA,VASNA,14,120
SABARKANTHA,MEGHRAJ,ZARDA,ZARDA,4,333
SABARKANTHA,MEGHRAJ,ZERIYAWADA,ZERIYAWADA,3,75
SABARKANTHA,MODASA,ALAMPUR,ALAMPUR,4,47
SABARKANTHA,MODASA,AMLAI,AMLAI,4,442
SABARKANTHA,MODASA,BADODARA,BADODARA,2,230
SABARKANTHA,MODASA,BAJKOT,BAJKOT,7,144
SABARKANTHA,MODASA,BAMANVAD,BAMANVAD,21,590
SABARKANTHA,MODASA,BAYAL,BAYAL,5,227
SABARKANTHA,MODASA,BHACHADIYA,BHACHADIYA,4,210
SABARKANTHA,MODASA,BHATKOTA,BHATKOTA,7,147
SABARKANTHA,MODASA,BHERUNDA,BHERUNDA,3,316
SABARKANTHA,MODASA,BHILKUVA,BHILKUVA,1,204
SABARKANTHA,MODASA,BODI,BODI,3,395
SABARKANTHA,MODASA,BOLUNDRA,BOLUNDRA,8,528
SABARKANTHA,MODASA,BORDI,BORDI,4,330
SABARKANTHA,MODASA,CHARANVADA,CHARANVADA,18,230
SABARKANTHA,MODASA,DADHALIYA,DADHALIYA,53,883
SABARKANTHA,MODASA,DARIYAPUR,DARIYAPUR,32,75
SABARKANTHA,MODASA,DAVLI,DAVLI,8,576
SABARKANTHA,MODASA,DHANKHROL,DHANKHROL,4,555
SABARKANTHA,MODASA,DHOLIYA,DHOLIYA,5,192
SABARKANTHA,MODASA,DHOLVANI,DHOLVANI,19,50
SABARKANTHA,MODASA,DHUNAVADA,DHUNAVADA,2,44
SABARKANTHA,MODASA,DOLPUR (SINAVAD),DOLPURSINAVAD,14,202
SABARKANTHA,MODASA,DUGARVADA,DUGARVADA,12,518
SABARKANTHA,MODASA,FAREDI,FAREDI,36,802
SABARKANTHA,MODASA,FUTA,FUTA,5,40
SABARKANTHA,MODASA,GADHA,GADHA,5,210
SABARKANTHA,MODASA,GADHADA,GADHADA,10,194
SABARKANTHA,MODASA,GAJAN,GAJAN,6,357
SABARKANTHA,MODASA,GALSUNDRA,GALSUNDRA,5,294
SABARKANTHA,MODASA,GANESHPUR,GANESHPUR,12,95
SABARKANTHA,MODASA,GARUDI,GARUDI,1,131
SABARKANTHA,MODASA,GOKHARVA,GOKHARVA,4,302
SABARKANTHA,MODASA,HAFSABAD,HAFSABAD,15,152
SABARKANTHA,MODASA,HATHIPURA,HATHIPURA,2,157
SABARKANTHA,MODASA,ISROL (MOTI),ISROLMOTI,23,262
SABARKANTHA,MODASA,ISROL (NANI),ISROLNANI,15,325
SABARKANTHA,MODASA,ITADI,ITADI,42,643
SABARKANTHA,MODASA,JAMANA CHHAPRA,JAMANACHHAPRA,1,43
SABARKANTHA,MODASA,JAMBUSAR,JAMBUSAR,1,262
SABARKANTHA,MODASA,JHALODAR,JHALODAR,18,454
SABARKANTHA,MODASA,JIVANPUR,JIVANPUR,11,171
SABARKANTHA,MODASA,JUNA VADVASA,JUNAVADVASA,2,160
SABARKANTHA,MODASA,KAU,KAU,11,438
SABARKANTHA,MODASA,KHADODA,KHADODA,6,334
SABARKANTHA,MODASA,KHALIKPUR,KHALIKPUR,17,179
SABARKANTHA,MODASA,KHAMBHISAR,KHAMBHISAR,23,746
SABARKANTHA,MODASA,KHUMAPUR,KHUMAPUR,8,257
SABARKANTHA,MODASA,KISHORPURA,KISHORPURA,6,147
SABARKANTHA,MODASA,KOKAPUR,KOKAPUR,16,290
SABARKANTHA,MODASA,KOLIKHAD,KOLIKHAD,12,201
SABARKANTHA,MODASA,KUDOL,KUDOL,13,683
SABARKANTHA,MODASA,LACHCHHAI,LACHCHHAI,4,98
SABARKANTHA,MODASA,LALPUR (SARDOI),LALPURSARDOI,2,65
SABARKANTHA,MODASA,LIMBHOI,LIMBHOI,45,848
SABARKANTHA,MODASA,MADASANA,MADASANA,1,81
SABARKANTHA,MODASA,MADHUPUR,MADHUPUR,13,216
SABARKANTHA,MODASA,MAHADEVGRAM,MAHADEVGRAM,9,631
SABARKANTHA,MODASA,MALVAN (KESHAPUR),MALVANKESHAPUR,2,88
SABARKANTHA,MODASA,MATH,MATH,1,78
SABARKANTHA,MODASA,MATHASULIYA,MATHASULIYA,3,205
SABARKANTHA,MODASA,MEDHASAN,MEDHASAN,19,1579
SABARKANTHA,MODASA,MODARSUMBA,MODARSUMBA,15,215
SABARKANTHA,MODASA,MORA,MORA,24,113
SABARKANTHA,MODASA,MOTI CHICHANO,MOTICHICHANO,5,381
SABARKANTHA,MODASA,MOTIPURA,MOTIPURA,3,386
SABARKANTHA,MODASA,MULOJ,MULOJ,56,967
SABARKANTHA,MODASA,MUNSHIVADA,MUNSHIVADA,10,197
SABARKANTHA,MODASA,NANDISAN,NANDISAN,14,372
SABARKANTHA,MODASA,NANI CHICHANO,NANICHICHANO,7,164
SABARKANTHA,MODASA,NAVA VADVASA,NAVAVADVASA,2,210
SABARKANTHA,MODASA,PADAR,PADAR,4,176
SABARKANTHA,MODASA,PAHADPUR,PAHADPUR,4,271
SABARKANTHA,MODASA,PALANPUR,PALANPUR,18,175
SABARKANTHA,MODASA,PALIYAPUR,PALIYAPUR,3,216
SABARKANTHA,MODASA,RAJLI,RAJLI,16,282
SABARKANTHA,MODASA,RAKHIYAL,RAKHIYAL,9,574
SABARKANTHA,MODASA,RAMPUR (GADHADA),RAMPURGADHADA,3,212
SABARKANTHA,MODASA,RAMPUR (SINAVAD),RAMPURSINAVAD,3,200
SABARKANTHA,MODASA,RASULPUR,RASULPUR,12,295
SABARKANTHA,MODASA,SABALPUR,SABALPUR,17,157
SABARKANTHA,MODASA,SAJAPUR,SAJAPUR,19,180
SABARKANTHA,MODASA,SAKARIYA,SAKARIYA,7,642
SABARKANTHA,MODASA,SALAMPUR,SALAMPUR,3,50
SABARKANTHA,MODASA,SARDOI,SARDOI,4,454
SABARKANTHA,MODASA,SARURPUR,SARURPUR,8,113
SABARKANTHA,MODASA,SAYRA,SAYRA,10,677
SABARKANTHA,MODASA,SHAMPUR,SHAMPUR,6,251
SABARKANTHA,MODASA,SHLNAVAD,SHLNAVAD,27,1037
SABARKANTHA,MODASA,SITPUR,SITPUR,1,73
SABARKANTHA,MODASA,SURPUR(VARTHUI),SURPURVARTHUI,16,629
SABARKANTHA,MODASA,TINTISAR,TINTISAR,13,233
SABARKANTHA,MODASA,TINTOI,TINTOI,12,993
SABARKANTHA,MODASA,UMEDPUR (BOLUNDRA),UMEDPURBOLUNDRA,8,95
SABARKANTHA,MODASA,UMEDPUR (DADHA.),UMEDPURDADHA,8,296
SABARKANTHA,MODASA,VAGHODIYA,VAGHODIYA,5,284
SABARKANTHA,MODASA,VALLAVANTA,VALLAVANTA,2,299
SABARKANTHA,MODASA,VANIYAD,VANIYAD,32,471
SABARKANTHA,MODASA,VANTADA (KA),VANTADAKA,6,59
SABARKANTHA,MODASA,VARTHU,VARTHU,41,970
SABARKANTHA,MODASA,VOLVA,VOLVA,42,230
SABARKANTHA,MODASA,VOTA(RAMPUR),VOTARAMPUR,2,202
SABARKANTHA,PRANTIJ,AMBAVADA,AMBAVADA,50,859
SABARKANTHA,PRANTIJ,AMINPUR,AMINPUR,10,186
SABARKANTHA,PRANTIJ,AMODRA,AMODRA,64,658
SABARKANTHA,PRANTIJ,AMRAPUR,AMRAPUR,3,204
SABARKANTHA,PRANTIJ,ASRODA,ASRODA,5,282
SABARKANTHA,PRANTIJ,BAINI MUVADI,BAINIMUVADI,23,88
SABARKANTHA,PRANTIJ,BAKARPUR,BAKARPUR,7,161
SABARKANTHA,PRANTIJ,BALISANA,BALISANA,61,1261
SABARKANTHA,PRANTIJ,BOBHA,BOBHA,28,759
SABARKANTHA,PRANTIJ,CHHADARDA,CHHADARDA,53,423
SABARKANTHA,PRANTIJ,DALANI MUVADI,DALANIMUVADI,21,164
SABARKANTHA,PRANTIJ,DALPUR,DALPUR,87,581
SABARKANTHA,PRANTIJ,FATEPUR,FATEPUR,50,2675
SABARKANTHA,PRANTIJ,GADI,GADI,69,937
SABARKANTHA,PRANTIJ,GALESARA,GALESARA,38,155
SABARKANTHA,PRANTIJ,GED,GED,3,326
SABARKANTHA,PRANTIJ,GHADKAN,GHADKAN,50,301
SABARKANTHA,PRANTIJ,HADMATIYA,HADMATIYA,10,382
SABARKANTHA,PRANTIJ,INDRAJPUR,INDRAJPUR,7,103
SABARKANTHA,PRANTIJ,JENPUR,JENPUR,9,207
SABARKANTHA,PRANTIJ,KALIPURA,KALIPURA,5,312
SABARKANTHA,PRANTIJ,KAMALPUR,KAMALPUR,38,322
SABARKANTHA,PRANTIJ,KAROL,KAROL,99,446
SABARKANTHA,PRANTIJ,KATPUR,KATPUR,58,200
SABARKANTHA,PRANTIJ,KATWAD,KATWAD,2,115
SABARKANTHA,PRANTIJ,KESHARPUR,KESHARPUR,7,53
SABARKANTHA,PRANTIJ,LALPUR (JENPUR),LALPURJENPUR,5,66
SABARKANTHA,PRANTIJ,LIMLA,LIMLA,12,321
SABARKANTHA,PRANTIJ,MAHADEVPURA (GHADI),MAHADEVPURAGHADI,23,650
SABARKANTHA,PRANTIJ,MAJRA,MAJRA,51,719
SABARKANTHA,PRANTIJ,MAMROLI,MAMROLI,19,196
SABARKANTHA,PRANTIJ,MAUCHHA,MAUCHHA,58,512
SABARKANTHA,PRANTIJ,MAVANI MUVADI,MAVANIMUVADI,2,15
SABARKANTHA,PRANTIJ,MEMADPUR,MEMADPUR,32,377
SABARKANTHA,PRANTIJ,MORVAD,MORVAD,3,250
SABARKANTHA,PRANTIJ,MOYAD,MOYAD,10,1471
SABARKANTHA,PRANTIJ,NANANPUR,NANANPUR,53,520
SABARKANTHA,PRANTIJ,NIKODIYA,NIKODIYA,22,328
SABARKANTHA,PRANTIJ,ORAN,ORAN,95,651
SABARKANTHA,PRANTIJ,PADHAYDA,PADHAYDA,14,159
SABARKANTHA,PRANTIJ,PALLACHAR,PALLACHAR,63,432
SABARKANTHA,PRANTIJ,PILUDRA,PILUDRA,70,764
SABARKANTHA,PRANTIJ,POGLU,POGLU,36,534
SABARKANTHA,PRANTIJ,POYADA,POYADA,25,398
SABARKANTHA,PRANTIJ,PUNADRA,PUNADRA,20,172
SABARKANTHA,PRANTIJ,RASLOD,RASLOD,41,506
SABARKANTHA,PRANTIJ,RASULPUR,RASULPUR,16,252
SABARKANTHA,PRANTIJ,SADANI MUVADI,SADANIMUVADI,54,142
SABARKANTHA,PRANTIJ,SADOLIYA,SADOLIYA,9,151
SABARKANTHA,PRANTIJ,SALAL,SALAL,48,667
SABARKANTHA,PRANTIJ,SANPAD,SANPAD,11,297
SABARKANTHA,PRANTIJ,SITVADA,SITVADA,69,1011
SABARKANTHA,PRANTIJ,SONASAN,SONASAN,100,1283
SABARKANTHA,PRANTIJ,SUKHAD,SUKHAD,12,290
SABARKANTHA,PRANTIJ,TAJPUR(ORAN),TAJPURORAN,44,615
SABARKANTHA,PRANTIJ,TAKHATGADH,TAKHATGADH,40,409
SABARKANTHA,PRANTIJ,UNCHHA,UNCHHA,23,324
SABARKANTHA,PRANTIJ,VADRAD,VADRAD,70,2175
SABARKANTHA,PRANTIJ,VADVASA,VADVASA,12,342
SABARKANTHA,PRANTIJ,VAGHPUR,VAGHPUR,7,366
SABARKANTHA,PRANTIJ,VAGHROTA,VAGHROTA,19,544
SABARKANTHA,PRANTIJ,VAJAPUR,VAJAPUR,7,194
SABARKANTHA,PRANTIJ,ZALANI MUVADI,ZALANIMUVADI,9,55
SABARKANTHA,PRANTIJ,ZINZVA,ZINZVA,26,940
SABARKANTHA,TALOD,AHMEDPURA,AHMEDPURA,9,626
SABARKANTHA,TALOD,ANIOD,ANIOD,11,373
SABARKANTHA,TALOD,ANJANA,ANJANA,27,289
SABARKANTHA,TALOD,ANKHOL,ANKHOL,20,665
SABARKANTHA,TALOD,ANTROLIVAS DOLJI,ANTROLIVASDOLJI,16,737
SABARKANTHA,TALOD,ANTROLIVAS PUNJAJI,ANTROLIVASPUNJAJI,45,885
SABARKANTHA,TALOD,BADARNI MUVADI,BADARNIMUVADI,14,97
SABARKANTHA,TALOD,BADODARA,BADODARA,37,465
SABARKANTHA,TALOD,BALISANA,BALISANA,9,154
SABARKANTHA,TALOD,BHATIYA,BHATIYA,5,114
SABARKANTHA,TALOD,BHEMPADA,BHEMPADA,11,314
SABARKANTHA,TALOD,BORIYA BECHARAJI,BORIYABECHARAJI,37,607
SABARKANTHA,TALOD,CHANDPUR,CHANDPUR,11,43
SABARKANTHA,TALOD,CHARANVATA,CHARANVATA,8,119
SABARKANTHA,TALOD,CHHATRISA,CHHATRISA,18,104
SABARKANTHA,TALOD,DADARDA,DADARDA,7,251
SABARKANTHA,TALOD,DEVIYA,DEVIYA,2,158
SABARKANTHA,TALOD,DHADH VASNA,DHADHVASNA,1,27
SABARKANTHA,TALOD,DOLATABAD,DOLATABAD,8,207
SABARKANTHA,TALOD,FOJIVADA,FOJIVADA,17,371
SABARKANTHA,TALOD,GADHAVAD,GADHAVAD,9,97
SABARKANTHA,TALOD,GAMBHIRPURA,GAMBHIRPURA,10,93
SABARKANTHA,TALOD,GOBARJINI MUVADI,GOBARJINIMUVADI,1,85
SABARKANTHA,TALOD,GORA,GORA,20,219
SABARKANTHA,TALOD,GULAB NI MUVADI,GULABNIMUVADI,14,99
SABARKANTHA,TALOD,GULABPURA,GULABPURA,3,223
SABARKANTHA,TALOD,GUNDIYA,GUNDIYA,5,320
SABARKANTHA,TALOD,HARSOL,HARSOL,123,754
SABARKANTHA,TALOD,JAVANPURA,JAVANPURA,32,208
SABARKANTHA,TALOD,JORAJINI MUVADI,JORAJINIMUVADI,3,770
SABARKANTHA,TALOD,KABODRA,KABODRA,24,199
SABARKANTHA,TALOD,KABODRI,KABODRI,23,264
SABARKANTHA,TALOD,KARMIPURA,KARMIPURA,3,285
SABARKANTHA,TALOD,KATHWADA,KATHWADA,14,403
SABARKANTHA,TALOD,KHEROL,KHEROL,31,767
SABARKANTHA,TALOD,LALANI MUVADI,LALANIMUVADI,8,81
SABARKANTHA,TALOD,LALPUR (RANASAN),LALPURRANASAN,3,154
SABARKANTHA,TALOD,MADHAVGADH,MADHAVGADH,22,162
SABARKANTHA,TALOD,MAHADEVPURA (MAHIYAL,MAHADEVPURAMAHIYAL,7,38
SABARKANTHA,TALOD,MAHEKAL,MAHEKAL,44,299
SABARKANTHA,TALOD,MAHELAV,MAHELAV,32,164
SABARKANTHA,TALOD,MAHIYAL,MAHIYAL,54,452
SABARKANTHA,TALOD,MAKAMNI MUVADI,MAKAMNIMUVADI,1,38
SABARKANTHA,TALOD,MALVAN,MALVAN,8,93
SABARKANTHA,TALOD,MODHUKA,MODHUKA,22,681
SABARKANTHA,TALOD,MOHANPUR,MOHANPUR,25,420
SABARKANTHA,TALOD,MORALI,MORALI,2,251
SABARKANTHA,TALOD,MOTA CHEKHLA,MOTACHEKHLA,21,1250
SABARKANTHA,TALOD,MOTESARI,MOTESARI,6,92
SABARKANTHA,TALOD,MUDHASANA,MUDHASANA,6,169
SABARKANTHA,TALOD,NANA CHEKHLA,NANACHEKHLA,27,442
SABARKANTHA,TALOD,NANI SHIHOLI,NANISHIHOLI,10,97
SABARKANTHA,TALOD,NAVA,NAVA,46,779
SABARKANTHA,TALOD,NAVALPUR,NAVALPUR,10,1411
SABARKANTHA,TALOD,NAVAVAS,NAVAVAS,18,186
SABARKANTHA,TALOD,PADUSAN,PADUSAN,36,183
SABARKANTHA,TALOD,PUNSRI,PUNSRI,72,2133
SABARKANTHA,TALOD,RANASAN,RANASAN,50,1716
SABARKANTHA,TALOD,RANIPURA,RANIPURA,7,160
SABARKANTHA,TALOD,RAYANIYA,RAYANIYA,17,1638
SABARKANTHA,TALOD,ROJHAD,ROJHAD,53,2524
SABARKANTHA,TALOD,RUPAL,RUPAL,15,87
SABARKANTHA,TALOD,SAGPUR,SAGPUR,28,187
SABARKANTHA,TALOD,SALATPUR,SALATPUR,47,478
SABARKANTHA,TALOD,SEMALIYA,SEMALIYA,26,222
SABARKANTHA,TALOD,SULTANPUR,SULTANPUR,4,122
SABARKANTHA,TALOD,TAJPUR CAMP,TAJPURCAMP,105,570
SABARKANTHA,TALOD,TANTARDA,TANTARDA,7,71
SABARKANTHA,TALOD,UJEDIYA,UJEDIYA,83,1212
SABARKANTHA,TALOD,UMED NI MUVADI,UMEDNIMUVADI,15,75
SABARKANTHA,TALOD,VALIYAMPURA,VALIYAMPURA,10,224
SABARKANTHA,TALOD,VARAVADA,VARAVADA,30,555
SABARKANTHA,TALOD,VAV,VAV,31,703
SABARKANTHA,VADALI,AMBAVADA,AMBAVADA,10,151
SABARKANTHA,VADALI,ARSAMDA,ARSAMDA,8,318
SABARKANTHA,VADALI,ASAI,ASAI,6,251
SABARKANTHA,VADALI,BABSAR,BABSAR,45,299
SABARKANTHA,VADALI,BADOL,BADOL,11,2204
SABARKANTHA,VADALI,BHAJPURA,BHAJPURA,9,138
SABARKANTHA,VADALI,BHANDVAL,BHANDVAL,18,115
SABARKANTHA,VADALI,BHAVANGADH,BHAVANGADH,20,242
SABARKANTHA,VADALI,CHORIVAD,CHORIVAD,48,985
SABARKANTHA,VADALI,CHULLA,CHULLA,19,261
SABARKANTHA,VADALI,DANTROLI,DANTROLI,13,532
SABARKANTHA,VADALI,DHAMDI,DHAMDI,7,140
SABARKANTHA,VADALI,DHAROD,DHAROD,28,254
SABARKANTHA,VADALI,DHIRAKAMBOYA,DHIRAKAMBOYA,6,152
SABARKANTHA,VADALI,DOBHADA,DOBHADA,47,1028
SABARKANTHA,VADALI,FUDEDA,FUDEDA,34,461
SABARKANTHA,VADALI,GAJIPUR,GAJIPUR,37,852
SABARKANTHA,VADALI,GAMADI,GAMADI,13,140
SABARKANTHA,VADALI,GOTA,GOTA,19,566
SABARKANTHA,VADALI,HATHARVA,HATHARVA,26,673
SABARKANTHA,VADALI,HATHOJ,HATHOJ,6,282
SABARKANTHA,VADALI,HIMATPUR,HIMATPUR,11,334
SABARKANTHA,VADALI,JALODARA,JALODARA,28,127
SABARKANTHA,VADALI,JAMRELA,JAMRELA,17,75
SABARKANTHA,VADALI,JETPUR,JETPUR,25,151
SABARKANTHA,VADALI,JUNA CHAMU,JUNACHAMU,51,295
SABARKANTHA,VADALI,KAMBOSANI,KAMBOSANI,11,30
SABARKANTHA,VADALI,KANJELI,KANJELI,7,145
SABARKANTHA,VADALI,KESARGANJ,KESARGANJ,42,263
SABARKANTHA,VADALI,KODARELI,KODARELI,6,170
SABARKANTHA,VADALI,KOTHAN,KOTHAN,26,117
SABARKANTHA,VADALI,KUBA DHAROL,KUBADHAROL,39,606
SABARKANTHA,VADALI,MAHOR,MAHOR,63,692
SABARKANTHA,VADALI,MALPUR,MALPUR,12,241
SABARKANTHA,VADALI,MATHBHOJAYAT,MATHBHOJAYAT,11,113
SABARKANTHA,VADALI,MEDH,MEDH,37,758
SABARKANTHA,VADALI,MORAD,MORAD,11,232
SABARKANTHA,VADALI,NADRI,NADRI,19,1349
SABARKANTHA,VADALI,NARAYNPUR,NARAYNPUR,10,49
SABARKANTHA,VADALI,NAVA CHAMU,NAVACHAMU,10,91
SABARKANTHA,VADALI,PAHADIYOL,PAHADIYOL,7,113
SABARKANTHA,VADALI,RAHEDA,RAHEDA,35,299
SABARKANTHA,VADALI,RAMPUR(ASAI),RAMPURASAI,7,92
SABARKANTHA,VADALI,RAMPUR(FUDEDA),RAMPURFUDEDA,16,242
SABARKANTHA,VADALI,SAVASLA,SAVASLA,21,263
SABARKANTHA,VADALI,THERASANA,THERASANA,27,313
SABARKANTHA,VADALI,THURAVAS,THURAVAS,11,197
SABARKANTHA,VADALI,VADALI,VADALI,4,931
SABARKANTHA,VADALI,VADGAMDA,VADGAMDA,13,341
SABARKANTHA,VADALI,VADOTH,VADOTH,11,319
SABARKANTHA,VADALI,VAGHPUR,VAGHPUR,3,50
SABARKANTHA,VADALI,VARTOL,VARTOL,26,197
SABARKANTHA,VADALI,VASAN,VASAN,13,316
SABARKANTHA,VADALI,VASNA (ASAI),VASNAASAI,11,308
SABARKANTHA,VADALI,VEDA,VEDA,9,458
SABARKANTHA,VADALI,VETLA,VETLA,5,110
SABARKANTHA,VADALI,VIVAV,VIVAV,28,94
SABARKANTHA,VIJAYNAGAR,ABHAPUR,ABHAPUR,2,93
SABARKANTHA,VIJAYNAGAR,ADEPUR,ADEPUR,2,34
SABARKANTHA,VIJAYNAGAR,AJEPUR,AJEPUR,1,34
SABARKANTHA,VIJAYNAGAR,AMADARA,AMADARA,1,106
SABARKANTHA,VIJAYNAGAR,ANDROKHA,ANDROKHA,4,43
SABARKANTHA,VIJAYNAGAR,ANTARI,ANTARI,11,46
SABARKANTHA,VIJAYNAGAR,ATARSUMBA,ATARSUMBA,9,206
SABARKANTHA,VIJAYNAGAR,BADARKHAN,BADARKHAN,2,70
SABARKANTHA,VIJAYNAGAR,BALETA,BALETA,10,444
SABARKANTHA,VIJAYNAGAR,BANDHANA,BANDHANA,3,26
SABARKANTHA,VIJAYNAGAR,BHAGORAPADA,BHAGORAPADA,2,47
SABARKANTHA,VIJAYNAGAR,BHAMBHUDI,BHAMBHUDI,4,133
SABARKANTHA,VIJAYNAGAR,BHANKHRA,BHANKHRA,2,289
SABARKANTHA,VIJAYNAGAR,BHATELA,BHATELA,8,256
SABARKANTHA,VIJAYNAGAR,BHUPATGADH,BHUPATGADH,2,10
SABARKANTHA,VIJAYNAGAR,BILADIYA,BILADIYA,6,247
SABARKANTHA,VIJAYNAGAR,BOGAPADA,BOGAPADA,2,44
SABARKANTHA,VIJAYNAGAR,CHAMTHAN,CHAMTHAN,9,66
SABARKANTHA,VIJAYNAGAR,CHANDVASA,CHANDVASA,24,156
SABARKANTHA,VIJAYNAGAR,CHIKNO,CHIKNO,2,41
SABARKANTHA,VIJAYNAGAR,CHITARIYA,CHITARIYA,33,619
SABARKANTHA,VIJAYNAGAR,CHITHODA,CHITHODA,3,292
SABARKANTHA,VIJAYNAGAR,CHITRODI,CHITRODI,12,461
SABARKANTHA,VIJAYNAGAR,DADHVAV,DADHVAV,6,294
SABARKANTHA,VIJAYNAGAR,DANTOD,DANTOD,6,225
SABARKANTHA,VIJAYNAGAR,DEGLA,DEGLA,4,149
SABARKANTHA,VIJAYNAGAR,DHOLIVAV,DHOLIVAV,1,7
SABARKANTHA,VIJAYNAGAR,GADI,GADI,2,220
SABARKANTHA,VIJAYNAGAR,GARADA,GARADA,2,28
SABARKANTHA,VIJAYNAGAR,GODHAVADA,GODHAVADA,6,168
SABARKANTHA,VIJAYNAGAR,GOLVADA,GOLVADA,3,21
SABARKANTHA,VIJAYNAGAR,ITAVADI,ITAVADI,16,253
SABARKANTHA,VIJAYNAGAR,JALETI,JALETI,6,345
SABARKANTHA,VIJAYNAGAR,JAMANIYA,JAMANIYA,3,14
SABARKANTHA,VIJAYNAGAR,JORAVARNAGAR,JORAVARNAGAR,3,48
SABARKANTHA,VIJAYNAGAR,JUSAVADA,JUSAVADA,5,88
SABARKANTHA,VIJAYNAGAR,KALVAN,KALVAN,18,57
SABARKANTHA,VIJAYNAGAR,KANADAR,KANADAR,7,614
SABARKANTHA,VIJAYNAGAR,KANTHARIYA,KANTHARIYA,17,90
SABARKANTHA,VIJAYNAGAR,KATHROTI,KATHROTI,15,159
SABARKANTHA,VIJAYNAGAR,KATHVAVDI,KATHVAVDI,14,39
SABARKANTHA,VIJAYNAGAR,KELAVA,KELAVA,11,68
SABARKANTHA,VIJAYNAGAR,KELAVA (PAROSADA),KELAVAPAROSADA,8,68
SABARKANTHA,VIJAYNAGAR,KHARIBEDI,KHARIBEDI,10,114
SABARKANTHA,VIJAYNAGAR,KHAROL,KHAROL,2,164
SABARKANTHA,VIJAYNAGAR,KHEDASAN,KHEDASAN,14,28
SABARKANTHA,VIJAYNAGAR,KHERVADA,KHERVADA,5,9
SABARKANTHA,VIJAYNAGAR,KHOKHRA,KHOKHRA,6,63
SABARKANTHA,VIJAYNAGAR,KODIYAVADA,KODIYAVADA,3,571
SABARKANTHA,VIJAYNAGAR,KUNDALA,KUNDALA,6,35
SABARKANTHA,VIJAYNAGAR,LADIVADA,LADIVADA,10,23
SABARKANTHA,VIJAYNAGAR,LAKSHMANPURA,LAKSHMANPURA,2,78
SABARKANTHA,VIJAYNAGAR,LIMDA,LIMDA,5,315
SABARKANTHA,VIJAYNAGAR,MASOTA,MASOTA,7,222
SABARKANTHA,VIJAYNAGAR,MATALI,MATALI,2,4
SABARKANTHA,VIJAYNAGAR,MONDHRI,MONDHRI,5,74
SABARKANTHA,VIJAYNAGAR,MOVATPURA,MOVATPURA,2,85
SABARKANTHA,VIJAYNAGAR,NALSERI,NALSERI,11,136
SABARKANTHA,VIJAYNAGAR,NAVABHAGA,NAVABHAGA,10,95
SABARKANTHA,VIJAYNAGAR,NAVAGAM (DHANELA),NAVAGAMDHANELA,22,217
SABARKANTHA,VIJAYNAGAR,NAVAGHARA UMARIYA,NAVAGHARAUMARIYA,4,188
SABARKANTHA,VIJAYNAGAR,NAVAKHOLA,NAVAKHOLA,3,42
SABARKANTHA,VIJAYNAGAR,NELAU,NELAU,3,188
SABARKANTHA,VIJAYNAGAR,PADERA,PADERA,3,69
SABARKANTHA,VIJAYNAGAR,PAL,PAL,3,97
SABARKANTHA,VIJAYNAGAR,PAROSDA,PAROSDA,21,251
SABARKANTHA,VIJAYNAGAR,PARVATH,PARVATH,7,277
SABARKANTHA,VIJAYNAGAR,PIPLOTI,PIPLOTI,3,99
SABARKANTHA,VIJAYNAGAR,PRATHIPURA,PRATHIPURA,7,50
SABARKANTHA,VIJAYNAGAR,RAJPUR,RAJPUR,13,248
SABARKANTHA,VIJAYNAGAR,SAMAIYA,SAMAIYA,3,132
SABARKANTHA,VIJAYNAGAR,SAROLI,SAROLI,21,289
SABARKANTHA,VIJAYNAGAR,SARSAV,SARSAV,18,204
SABARKANTHA,VIJAYNAGAR,TITARAN,TITARAN,9,146
SABARKANTHA,VIJAYNAGAR,TOL DUNGARI,TOLDUNGARI,3,84
SABARKANTHA,VIJAYNAGAR,UKHLA DUNGRI,UKHLADUNGRI,9,43
SABARKANTHA,VIJAYNAGAR,VAJEPUR,VAJEPUR,4,27
SABARKANTHA,VIJAYNAGAR,VANAJ,VANAJ,13,119
SABARKANTHA,VIJAYNAGAR,VANDHOL,VANDHOL,21,597
SABARKANTHA,VIJAYNAGAR,VANKDA,VANKDA,7,250
SABARKANTHA,VIJAYNAGAR,VASAI,VASAI,2,291
SABARKANTHA,VIJAYNAGAR,VIJAYNAGAR,VIJAYNAGAR,14,650
SABARKANTHA,VIJAYNAGAR,VIRESHWAR,VIRESHWAR,23,98
SABARKANTHA,VIJAYNAGAR,VIRPUR,VIRPUR,2,65
SABARKANTHA,VIJAYNAGAR,ZER,ZER,2,83
SURAT,BARDOLI,AFVA,AFVA,18,563
SURAT,BARDOLI,AKOTI,AKOTI,20,859
SURAT,BARDOLI,ALLU,ALLU,52,553
SURAT,BARDOLI,ANCHELI,ANCHELI,2,99
SURAT,BARDOLI,ASTAN,ASTAN,17,333
SURAT,BARDOLI,BABLA,BABLA,6,341
SURAT,BARDOLI,BALDA,BALDA,42,586
SURAT,BARDOLI,BAMNI,BAMNI,1,545
SURAT,BARDOLI,BAMROLI,BAMROLI,15,521
SURAT,BARDOLI,BEBEN,BEBEN,50,736
SURAT,BARDOLI,BHAMAIYA,BHAMAIYA,26,310
SURAT,BARDOLI,BHARAMPOR,BHARAMPOR,12,262
SURAT,BARDOLI,BHENSUDLA,BHENSUDLA,9,378
SURAT,BARDOLI,BHUVASAN,BHUVASAN,23,354
SURAT,BARDOLI,CHHITRA,CHHITRA,4,196
SURAT,BARDOLI,DHAMDOD LUMBHA,DHAMDODLUMBHA,37,965
SURAT,BARDOLI,GOJI,GOJI,27,834
SURAT,BARDOLI,GOTASA,GOTASA,4,137
SURAT,BARDOLI,HARIPURA,HARIPURA,21,3654
SURAT,BARDOLI,HINDOLIA,HINDOLIA,21,95
SURAT,BARDOLI,ISANPOR,ISANPOR,10,248
SURAT,BARDOLI,ISROLI,ISROLI,21,512
SURAT,BARDOLI,JUNVANI,JUNVANI,9,286
SURAT,BARDOLI,KADOD,KADOD,17,233
SURAT,BARDOLI,KANAI,KANAI,4,255
SURAT,BARDOLI,KANTALI,KANTALI,52,399
SURAT,BARDOLI,KARACHAKA,KARACHAKA,2,364
SURAT,BARDOLI,KHALI,KHALI,4,33
SURAT,BARDOLI,KHARAD,KHARAD,1,88
SURAT,BARDOLI,KHARVASA,KHARVASA,41,1814
SURAT,BARDOLI,KHOJ,KHOJ,19,466
SURAT,BARDOLI,KIKVAD,KIKVAD,41,458
SURAT,BARDOLI,KUVADIYA,KUVADIYA,2,74
SURAT,BARDOLI,MADHI,MADHI,51,1073
SURAT,BARDOLI,MANEKPOR,MANEKPOR,39,742
SURAT,BARDOLI,MANGROLIA,MANGROLIA,15,437
SURAT,BARDOLI,MASAD,MASAD,1,496
SURAT,BARDOLI,MIYAWADI,MIYAWADI,19,180
SURAT,BARDOLI,MOTA,MOTA,36,1685
SURAT,BARDOLI,MOTI BHATLAV,MOTIBHATLAV,11,283
SURAT,BARDOLI,MOTI FALOD,MOTIFALOD,19,453
SURAT,BARDOLI,MOVACHHI,MOVACHHI,14,378
SURAT,BARDOLI,NADIDA,NADIDA,12,325
SURAT,BARDOLI,NANI BHATLAV,NANIBHATLAV,15,202
SURAT,BARDOLI,NASURA,NASURA,12,305
SURAT,BARDOLI,NAUGAMA,NAUGAMA,14,211
SURAT,BARDOLI,NINAT,NINAT,20,388
SURAT,BARDOLI,NIZAR,NIZAR,17,311
SURAT,BARDOLI,ORGAM,ORGAM,5,595
SURAT,BARDOLI,PALSOD,PALSOD,9,610
SURAT,BARDOLI,PANADA,PANADA,19,196
SURAT,BARDOLI,PARDI KADOD,PARDIKADOD,28,406
SURAT,BARDOLI,PARDI VAGHA,PARDIVAGHA,27,176
SURAT,BARDOLI,PARDI VALOD,PARDIVALOD,13,252
SURAT,BARDOLI,PATHRADIYA,PATHRADIYA,16,221
SURAT,BARDOLI,PIPARIYA,PIPARIYA,2,81
SURAT,BARDOLI,RAJPURA LUMBHA,RAJPURALUMBHA,8,172
SURAT,BARDOLI,RAJWAD,RAJWAD,21,457
SURAT,BARDOLI,RAYAM,RAYAM,10,597
SURAT,BARDOLI,RUWA,RUWA,23,382
SURAT,BARDOLI,SAMTHAN,SAMTHAN,31,658
SURAT,BARDOLI,SANKRI,SANKRI,14,330
SURAT,BARDOLI,SARBHON,SARBHON,74,960
SURAT,BARDOLI,SARETHI,SARETHI,22,98
SURAT,BARDOLI,SEJVAD,SEJVAD,56,725
SURAT,BARDOLI,SINGOD,SINGOD,21,2626
SURAT,BARDOLI,SURALI,SURALI,111,1195
SURAT,BARDOLI,TAJPOR KHURD,TAJPORKHURD,4,38
SURAT,BARDOLI,TAJPORE BUJRANG,TAJPOREBUJRANG,55,188
SURAT,BARDOLI,TARBHON,TARBHON,10,790
SURAT,BARDOLI,TEN,TEN,47,439
SURAT,BARDOLI,TIMBARVA,TIMBARVA,19,484
SURAT,BARDOLI,UCHHAREL,UCHHAREL,31,713
SURAT,BARDOLI,UMRAKH,UMRAKH,26,643
SURAT,BARDOLI,UTARA,UTARA,23,176
SURAT,BARDOLI,UVA,UVA,26,728
SURAT,BARDOLI,VADHAVA,VADHAVA,9,269
SURAT,BARDOLI,VADHVANIYA,VADHVANIYA,10,369
SURAT,BARDOLI,VADOLI,VADOLI,8,592
SURAT,BARDOLI,VAGHECH SARBHON,VAGHECHSARBHON,25,354
SURAT,BARDOLI,VAGHECHA KADOD,VAGHECHAKADOD,25,229
SURAT,BARDOLI,VANKANER,VANKANER,66,1800
SURAT,BARDOLI,VANSKUI,VANSKUI,56,837
SURAT,BARDOLI,VARAD,VARAD,66,1522
SURAT,BARDOLI,ZAKHARDA,ZAKHARDA,13,144
SURAT,CHORASI,ASARMA,ASARMA,3,66
SURAT,CHORASI,BHANODRA,BHANODRA,15,237
SURAT,CHORASI,BHARTHANA KOSAD,BHARTHANAKOSAD,8,298
SURAT,CHORASI,BHATHA,BHATHA,11,630
SURAT,CHORASI,BHATIA,BHATIA,16,420
SURAT,CHORASI,BHATPOR,BHATPOR,29,893
SURAT,CHORASI,BHESAN,BHESAN,26,525
SURAT,CHORASI,BONAND,BONAND,47,505
SURAT,CHORASI,CHICHI,CHICHI,3,56
SURAT,CHORASI,DAKHKHANVADA,DAKHKHANVADA,7,78
SURAT,CHORASI,DELADVA,DELADVA,20,307
SURAT,CHORASI,DEVADH,DEVADH,17,248
SURAT,CHORASI,EKLERA,EKLERA,6,271
SURAT,CHORASI,GOJA,GOJA,2,160
SURAT,CHORASI,ICHCHHAPOR,ICHCHHAPOR,31,991
SURAT,CHORASI,KACHHOLI,KACHHOLI,17,688
SURAT,CHORASI,KAPLETHA,KAPLETHA,29,801
SURAT,CHORASI,KARADVA,KARADVA,6,134
SURAT,CHORASI,KAVAS,KAVAS,1,38
SURAT,CHORASI,KHAMBHASLA,KHAMBHASLA,2,123
SURAT,CHORASI,KHARVASA,KHARVASA,7,395
SURAT,CHORASI,KUMBHARIA,KUMBHARIA,32,271
SURAT,CHORASI,LAJPOR,LAJPOR,48,1245
SURAT,CHORASI,MALGAMA,MALGAMA,5,246
SURAT,CHORASI,MOHNI,MOHNI,5,353
SURAT,CHORASI,OKHA,OKHA,14,228
SURAT,CHORASI,PALI,PALI,10,116
SURAT,CHORASI,PARDI KANADE,PARDIKANADE,2,9
SURAT,CHORASI,POPDA,POPDA,32,277
SURAT,CHORASI,SABARGAM,SABARGAM,7,30
SURAT,CHORASI,SACHIN,SACHIN,24,203
SURAT,CHORASI,SAMROD,SAMROD,11,282
SURAT,CHORASI,SANIYA HEMAD,SANIYAHEMAD,18,292
SURAT,CHORASI,SANIYA KANADE,SANIYAKANADE,13,219
SURAT,CHORASI,SAROLI,SAROLI,20,207
SURAT,CHORASI,TALANGPOR,TALANGPOR,23,554
SURAT,CHORASI,TIMBARVA,TIMBARVA,3,194
SURAT,CHORASI,UMBER,UMBER,41,539
SURAT,CHORASI,VAKTANA,VAKTANA,7,421
SURAT,CHORASI,VANAKALA,VANAKALA,6,162
SURAT,CHORASI,VANZ,VANZ,35,486
SURAT,CHORASI,VEDCHHA,VEDCHHA,17,125
SURAT,CHORASI,VIHEL,VIHEL,3,46
SURAT,KAMREJ,ABRAMA,ABRAMA,59,2556
SURAT,KAMREJ,AKHAKHOL,AKHAKHOL,10,27
SURAT,KAMREJ,ALURA,ALURA,18,157
SURAT,KAMREJ,AMBOLI,AMBOLI,23,192
SURAT,KAMREJ,ANTROLI,ANTROLI,10,198
SURAT,KAMREJ,ASTA,ASTA,17,470
SURAT,KAMREJ,BHADA,BHADA,19,248
SURAT,KAMREJ,BHAIRAV,BHAIRAV,7,197
SURAT,KAMREJ,CHHEDCHHA,CHHEDCHHA,13,88
SURAT,KAMREJ,CHIKHLI,CHIKHLI,32,501
SURAT,KAMREJ,CHORYASI,CHORYASI,27,155
SURAT,KAMREJ,DELAD,DELAD,31,1972
SURAT,KAMREJ,DELOD,DELOD,12,306
SURAT,KAMREJ,DETHLI,DETHLI,13,208
SURAT,KAMREJ,DHARUTHA,DHARUTHA,14,144
SURAT,KAMREJ,DHATVA,DHATVA,40,287
SURAT,KAMREJ,DHORAN,DHORAN,34,660
SURAT,KAMREJ,DIGAS,DIGAS,21,672
SURAT,KAMREJ,DUNGAR,DUNGAR,28,241
SURAT,KAMREJ,DUNGRA,DUNGRA,8,477
SURAT,KAMREJ,GHALA,GHALA,119,881
SURAT,KAMREJ,GHALUDI,GHALUDI,29,134
SURAT,KAMREJ,HALDHARU,HALDHARU,58,581
SURAT,KAMREJ,JAT BHARTHANA,JATBHARTHANA,3,86
SURAT,KAMREJ,JIOR,JIOR,6,106
SURAT,KAMREJ,JOKHA,JOKHA,31,654
SURAT,KAMREJ,KAMREJ,KAMREJ,91,667
SURAT,KAMREJ,KARJAN,KARJAN,33,720
SURAT,KAMREJ,KATHODARA,KATHODARA,42,377
SURAT,KAMREJ,KATHOR,KATHOR,93,616
SURAT,KAMREJ,KHADSAD,KHADSAD,12,125
SURAT,KAMREJ,KHANPUR,KHANPUR,40,569
SURAT,KAMREJ,KHOLESHWAR,KHOLESHWAR,22,270
SURAT,KAMREJ,KHOLVAD,KHOLVAD,41,597
SURAT,KAMREJ,KOLI BHARTHANA,KOLIBHARTHANA,45,464
SURAT,KAMREJ,KOSAMADI,KOSAMADI,30,373
SURAT,KAMREJ,KOSMADA,KOSMADA,49,428
SURAT,KAMREJ,LADVI,LADVI,20,252
SURAT,KAMREJ,LASKANA,LASKANA,29,196
SURAT,KAMREJ,MACHHI,MACHHI,2,195
SURAT,KAMREJ,MANKNA,MANKNA,29,304
SURAT,KAMREJ,MIRAPUR,MIRAPUR,16,104
SURAT,KAMREJ,MORTHANA,MORTHANA,22,1199
SURAT,KAMREJ,NAGOD,NAGOD,51,393
SURAT,KAMREJ,NANSAD,NANSAD,29,165
SURAT,KAMREJ,NAVAGAM,NAVAGAM,12,213
SURAT,KAMREJ,NAVI PARDI,NAVIPARDI,43,546
SURAT,KAMREJ,NETRANG,NETRANG,33,705
SURAT,KAMREJ,ORNA,ORNA,21,1157
SURAT,KAMREJ,OVIYAN,OVIYAN,10,184
SURAT,KAMREJ,PALI,PALI,16,368
SURAT,KAMREJ,PARAB,PARAB,30,340
SURAT,KAMREJ,PASODARA,PASODARA,13,216
SURAT,KAMREJ,RUNDHVADA,RUNDHVADA,25,367
SURAT,KAMREJ,SAMPURA,SAMPURA,29,635
SURAT,KAMREJ,SEGVA,SEGVA,38,710
SURAT,KAMREJ,SEVNI,SEVNI,54,980
SURAT,KAMREJ,SHEKHPUR,SHEKHPUR,26,341
SURAT,KAMREJ,SIMADI,SIMADI,8,205
SURAT,KAMREJ,THAROLI,THAROLI,6,52
SURAT,KAMREJ,TIMBA,TIMBA,29,725
SURAT,KAMREJ,UMBHEL,UMBHEL,54,622
SURAT,KAMREJ,VALAK,VALAK,19,1592
SURAT,KAMREJ,VALAN,VALAN,26,253
SURAT,KAMREJ,VALTHAN,VALTHAN,43,179
SURAT,KAMREJ,VANSDARUNDHI,VANSDARUNDHI,16,129
SURAT,KAMREJ,VAV,VAV,76,869
SURAT,KAMREJ,VELANJA,VELANJA,30,526
SURAT,KAMREJ,VIHAN,VIHAN,63,810
SURAT,MAHUVA,ALGAT,ALGAT,5,406
SURAT,MAHUVA,AMCHAK,AMCHAK,49,446
SURAT,MAHUVA,AMROLI,AMROLI,26,220
SURAT,MAHUVA,ANAVAL,ANAVAL,27,998
SURAT,MAHUVA,ANDHATRI,ANDHATRI,22,231
SURAT,MAHUVA,ANGALDHARA,ANGALDHARA,60,437
SURAT,MAHUVA,BAMANIYA,BAMANIYA,24,457
SURAT,MAHUVA,BARTAD,BARTAD,42,2180
SURAT,MAHUVA,BHORIYA,BHORIYA,57,465
SURAT,MAHUVA,BILKHADI,BILKHADI,8,622
SURAT,MAHUVA,BORIYA,BORIYA,32,616
SURAT,MAHUVA,BUDHLESHVAR,BUDHLESHVAR,24,136
SURAT,MAHUVA,BUTVADA,BUTVADA,19,592
SURAT,MAHUVA,DEDVASAN,DEDVASAN,5,486
SURAT,MAHUVA,DHAMKHADI,DHAMKHADI,39,181
SURAT,MAHUVA,DHOLIKUI,DHOLIKUI,8,176
SURAT,MAHUVA,DHUNDHESA,DHUNDHESA,45,308
SURAT,MAHUVA,DUNGRI,DUNGRI,39,1270
SURAT,MAHUVA,FULVADI,FULVADI,26,345
SURAT,MAHUVA,GANGADIYA,GANGADIYA,49,448
SURAT,MAHUVA,GHADOI,GHADOI,3,2168
SURAT,MAHUVA,GOPLA,GOPLA,8,429
SURAT,MAHUVA,GUNASVEL,GUNASVEL,20,754
SURAT,MAHUVA,HALADHAVA,HALADHAVA,52,2383
SURAT,MAHUVA,JHERVAVRA,JHERVAVRA,79,605
SURAT,MAHUVA,JOL,JOL,80,1664
SURAT,MAHUVA,KACHHAL,KACHHAL,9,215
SURAT,MAHUVA,KADHAIYA,KADHAIYA,20,400
SURAT,MAHUVA,KADIYA,KADIYA,13,77
SURAT,MAHUVA,KANI,KANI,114,800
SURAT,MAHUVA,KANKARIYA,KANKARIYA,31,297
SURAT,MAHUVA,KARCHELIYA,KARCHELIYA,74,2228
SURAT,MAHUVA,KAVITHA,KAVITHA,26,205
SURAT,MAHUVA,KHANDAL,KHANDAL,2,89
SURAT,MAHUVA,KHARVAN,KHARVAN,84,2110
SURAT,MAHUVA,KODADA,KODADA,23,285
SURAT,MAHUVA,KOS,KOS,46,1646
SURAT,MAHUVA,KUMKOTAR,KUMKOTAR,51,276
SURAT,MAHUVA,LASANPOR,LASANPOR,36,379
SURAT,MAHUVA,MACHHISADADA,MACHHISADADA,30,217
SURAT,MAHUVA,MAHUDI,MAHUDI,16,115
SURAT,MAHUVA,MAHUVA,MAHUVA,61,199
SURAT,MAHUVA,MAHUVARIYA,MAHUVARIYA,65,855
SURAT,MAHUVA,MIYAPUR,MIYAPUR,31,148
SURAT,MAHUVA,MUDAT,MUDAT,73,814
SURAT,MAHUVA,NALDHARA,NALDHARA,39,756
SURAT,MAHUVA,NARDA,NARDA,7,143
SURAT,MAHUVA,NIHALI,NIHALI,10,335
SURAT,MAHUVA,ONDACH,ONDACH,16,350
SURAT,MAHUVA,PATHRON,PATHRON,33,279
SURAT,MAHUVA,PUNA,PUNA,43,288
SURAT,MAHUVA,RANAT,RANAT,45,444
SURAT,MAHUVA,SAMBA,SAMBA,24,451
SURAT,MAHUVA,SANVALLA,SANVALLA,11,468
SURAT,MAHUVA,SEVASAN,SEVASAN,10,87
SURAT,MAHUVA,SHANKAR TALAVDI,SHANKARTALAVDI,20,132
SURAT,MAHUVA,SHEKHPUR,SHEKHPUR,30,781
SURAT,MAHUVA,TARKANI,TARKANI,42,197
SURAT,MAHUVA,TARSADI,TARSADI,87,353
SURAT,MAHUVA,UMRA,UMRA,8,632
SURAT,MAHUVA,VACHHAVAD,VACHHAVAD,5,212
SURAT,MAHUVA,VADIYA,VADIYA,16,381
SURAT,MAHUVA,VAGHESHVAR,VAGHESHVAR,7,342
SURAT,MAHUVA,VAHEVAL,VAHEVAL,43,1112
SURAT,MAHUVA,VALVADA,VALVADA,112,880
SURAT,MAHUVA,VANK,VANK,21,219
SURAT,MAHUVA,VANSKUI,VANSKUI,45,651
SURAT,MAHUVA,VASRAI,VASRAI,28,182
SURAT,MAHUVA,VELANPUR,VELANPUR,10,810
SURAT,MANDVI,AMALSADI,AMALSADI,17,608
SURAT,MANDVI,AMBA,AMBA,11,292
SURAT,MANDVI,AMLI,AMLI,2,56
SURAT,MANDVI,ANTROLI,ANTROLI,3,132
SURAT,MANDVI,ARETH,ARETH,48,332
SURAT,MANDVI,BADTAL,BADTAL,3,133
SURAT,MANDVI,BALETHI,BALETHI,61,173
SURAT,MANDVI,BAUDHAN,BAUDHAN,13,816
SURAT,MANDVI,BEDDHA,BEDDHA,5,199
SURAT,MANDVI,BHATKHAI,BHATKHAI,4,49
SURAT,MANDVI,BIRAMA,BIRAMA,3,11
SURAT,MANDVI,BORI,BORI,29,396
SURAT,MANDVI,BORIGALA,BORIGALA,13,282
SURAT,MANDVI,BUNDHA,BUNDHA,5,119
SURAT,MANDVI,CHORAMBA,CHORAMBA,4,100
SURAT,MANDVI,CHUDEL,CHUDEL,3,131
SURAT,MANDVI,DADAKUI,DADAKUI,1,38
SURAT,MANDVI,DADHVADA,DADHVADA,9,236
SURAT,MANDVI,DEVGADH,DEVGADH,12,181
SURAT,MANDVI,DEVGIRI,DEVGIRI,2,133
SURAT,MANDVI,DHARAMPOR,DHARAMPOR,3,218
SURAT,MANDVI,FALI,FALI,3,202
SURAT,MANDVI,FULVADI,FULVADI,3,89
SURAT,MANDVI,GAMTALAV BUJRANG,GAMTALAVBUJRANG,1,213
SURAT,MANDVI,GAMTALAV KHURD,GAMTALAVKHURD,5,74
SURAT,MANDVI,GANGPOR DEVGADH,GANGPORDEVGADH,14,1156
SURAT,MANDVI,GANGPOR HARSHAD,GANGPORHARSHAD,2,120
SURAT,MANDVI,GAVACHHI,GAVACHHI,9,209
SURAT,MANDVI,GHANTOLI,GHANTOLI,29,955
SURAT,MANDVI,GODAVADI,GODAVADI,30,957
SURAT,MANDVI,GODDHA,GODDHA,1,234
SURAT,MANDVI,GODSAMBA,GODSAMBA,5,371
SURAT,MANDVI,ISAR,ISAR,12,154
SURAT,MANDVI,JAKHLA,JAKHLA,12,174
SURAT,MANDVI,JAMANKUVA BAR,JAMANKUVABAR,17,365
SURAT,MANDVI,JAMKUI,JAMKUI,11,62
SURAT,MANDVI,JHAB,JHAB,43,343
SURAT,MANDVI,JHARI DADHVADA,JHARIDADHVADA,7,32
SURAT,MANDVI,JHARPAN,JHARPAN,12,70
SURAT,MANDVI,JUNVAN,JUNVAN,27,238
SURAT,MANDVI,KAKADVA,KAKADVA,8,426
SURAT,MANDVI,KAKDAPAR,KAKDAPAR,25,365
SURAT,MANDVI,KALAMKUVA,KALAMKUVA,16,230
SURAT,MANDVI,KALIBEL,KALIBEL,7,175
SURAT,MANDVI,KALMOI,KALMOI,2,68
SURAT,MANDVI,KAMLAPOR,KAMLAPOR,10,449
SURAT,MANDVI,KARANJ,KARANJ,49,417
SURAT,MANDVI,KARANJVAN,KARANJVAN,2,26
SURAT,MANDVI,KARUTHA,KARUTHA,20,103
SURAT,MANDVI,KARVALI,KARVALI,3,237
SURAT,MANDVI,KASAL,KASAL,27,136
SURAT,MANDVI,KATKUVA,KATKUVA,3,136
SURAT,MANDVI,KEVADIYA,KEVADIYA,10,244
SURAT,MANDVI,KEVDI,KEVDI,2,86
SURAT,MANDVI,KHANJROLI,KHANJROLI,16,171
SURAT,MANDVI,KHAREDA,KHAREDA,3,57
SURAT,MANDVI,KHAROLI,KHAROLI,2,295
SURAT,MANDVI,KHEDPUR,KHEDPUR,8,43
SURAT,MANDVI,KHOD AMBA,KHODAMBA,5,298
SURAT,MANDVI,KIM DUNGRA,KIMDUNGRA,15,119
SURAT,MANDVI,KOLAKUI,KOLAKUI,12,152
SURAT,MANDVI,KOLKHADI,KOLKHADI,8,32
SURAT,MANDVI,KOLSANA,KOLSANA,8,40
SURAT,MANDVI,KOSADI,KOSADI,22,427
SURAT,MANDVI,LADKUVA,LADKUVA,23,119
SURAT,MANDVI,LAKHGAM,LAKHGAM,13,72
SURAT,MANDVI,LIMDHA,LIMDHA,17,163
SURAT,MANDVI,LUHARVAD,LUHARVAD,37,186
SURAT,MANDVI,MADHARKUI,MADHARKUI,8,406
SURAT,MANDVI,MAKANJHAR,MAKANJHAR,24,173
SURAT,MANDVI,MALDHA,MALDHA,47,183
SURAT,MANDVI,MORITHA,MORITHA,10,320
SURAT,MANDVI,MOTI CHER,MOTICHER,20,668
SURAT,MANDVI,MUNJLAV,MUNJLAV,19,236
SURAT,MANDVI,NANDPOR,NANDPOR,4,533
SURAT,MANDVI,NANICHER,NANICHER,16,322
SURAT,MANDVI,NOGAMA,NOGAMA,154,998
SURAT,MANDVI,PARDI,PARDI,29,238
SURAT,MANDVI,PARVAT,PARVAT,12,235
SURAT,MANDVI,PATAL,PATAL,10,487
SURAT,MANDVI,PATNA,PATNA,6,174
SURAT,MANDVI,PETARKUI,PETARKUI,13,70
SURAT,MANDVI,PICHARVAN,PICHARVAN,12,106
SURAT,MANDVI,PIPALVADA,PIPALVADA,6,176
SURAT,MANDVI,PIPARIA,PIPARIA,6,268
SURAT,MANDVI,PUNA,PUNA,34,568
SURAT,MANDVI,RAJVAD,RAJVAD,14,43
SURAT,MANDVI,RAKHAS KHADI,RAKHASKHADI,3,68
SURAT,MANDVI,RATANIYA,RATANIYA,59,593
SURAT,MANDVI,REGAMA,REGAMA,25,203
SURAT,MANDVI,ROSVAD,ROSVAD,19,251
SURAT,MANDVI,RUPAN,RUPAN,27,215
SURAT,MANDVI,SADADI,SADADI,25,302
SURAT,MANDVI,SALAIYA,SALAIYA,36,500
SURAT,MANDVI,SARKUI,SARKUI,38,247
SURAT,MANDVI,SATHVAV,SATHVAV,43,324
SURAT,MANDVI,SOLI,SOLI,22,61
SURAT,MANDVI,TADKESHVAR,TADKESHVAR,81,2381
SURAT,MANDVI,TARAPOR,TARAPOR,6,73
SURAT,MANDVI,TARSADABAR GAM,TARSADABARGAM,29,392
SURAT,MANDVI,TARSADAKHURD,TARSADAKHURD,12,72
SURAT,MANDVI,TITOI,TITOI,24,209
SURAT,MANDVI,TOGAPUR,TOGAPUR,42,215
SURAT,MANDVI,TUKED,TUKED,53,501
SURAT,MANDVI,UMARKHADI,UMARKHADI,18,65
SURAT,MANDVI,UMARSADI,UMARSADI,31,262
SURAT,MANDVI,UN,UN,50,414
SURAT,MANDVI,USHKED KHURD,USHKEDKHURD,20,108
SURAT,MANDVI,USHKED RAMKUND,USHKEDRAMKUND,37,253
SURAT,MANDVI,UTEVA,UTEVA,15,460
SURAT,MANDVI,VADOD,VADOD,13,199
SURAT,MANDVI,VAGHNERA,VAGHNERA,8,68
SURAT,MANDVI,VALARGADH,VALARGADH,12,48
SURAT,MANDVI,VANKLA,VANKLA,16,136
SURAT,MANDVI,VARELI,VARELI,20,258
SURAT,MANDVI,VARETH,VARETH,38,295
SURAT,MANDVI,VARETHI,VARETHI,20,290
SURAT,MANDVI,VARJAKHAN,VARJAKHAN,46,440
SURAT,MANDVI,VEGI,VEGI,16,215
SURAT,MANDVI,VIRPOR,VIRPOR,32,310
SURAT,MANDVI,VISDALYA,VISDALYA,19,43
SURAT,MANGROL,AMARKUI,AMARKUI,27,74
SURAT,MANGROL,AMBAVADI,AMBAVADI,13,212
SURAT,MANGROL,AMKHUTA,AMKHUTA,21,400
SURAT,MANGROL,AMNEDARA,AMNEDARA,48,459
SURAT,MANGROL,ANKDOD,ANKDOD,19,631
SURAT,MANGROL,ANSODALA,ANSODALA,8,115
SURAT,MANGROL,ASARMA,ASARMA,25,328
SURAT,MANGROL,BHADKUVA,BHADKUVA,9,153
SURAT,MANGROL,BHATKOL,BHATKOL,12,129
SURAT,MANGROL,BHILVADA,BHILVADA,23,3397
SURAT,MANGROL,BORIA,BORIA,20,285
SURAT,MANGROL,BORIDARA,BORIDARA,16,477
SURAT,MANGROL,BORSAD,BORSAD,67,465
SURAT,MANGROL,CHARETHA,CHARETHA,5,171
SURAT,MANGROL,CHHAMUCHHAL,CHHAMUCHHAL,22,287
SURAT,MANGROL,DHAMDOD,DHAMDOD,66,646
SURAT,MANGROL,DHOLIKUI,DHOLIKUI,3,150
SURAT,MANGROL,DINOD,DINOD,45,674
SURAT,MANGROL,DUNGRI,DUNGRI,41,129
SURAT,MANGROL,GADKACHH,GADKACHH,27,104
SURAT,MANGROL,GHODBAR,GHODBAR,29,661
SURAT,MANGROL,GHUNTI,GHUNTI,7,223
SURAT,MANGROL,GIJRAM,GIJRAM,29,430
SURAT,MANGROL,HARSANI,HARSANI,15,220
SURAT,MANGROL,HATHODA,HATHODA,64,766
SURAT,MANGROL,HATHURAN,HATHURAN,30,3364
SURAT,MANGROL,ISANPUR,ISANPUR,7,349
SURAT,MANGROL,JHANKHARDA,JHANKHARDA,37,155
SURAT,MANGROL,JHANKHVAV,JHANKHVAV,36,144
SURAT,MANGROL,JHARNI,JHARNI,15,252
SURAT,MANGROL,JHINORA,JHINORA,8,157
SURAT,MANGROL,KANSALI,KANSALI,9,1452
SURAT,MANGROL,KANTVA,KANTVA,70,884
SURAT,MANGROL,KANTVAV,KANTVAV,29,172
SURAT,MANGROL,KANVADA,KANVADA,15,632
SURAT,MANGROL,KARGARA,KARGARA,5,98
SURAT,MANGROL,KATHVADA,KATHVADA,34,365
SURAT,MANGROL,KEVDI (KUND),KEVDIKUND,1,180
SURAT,MANGROL,KHAREDA,KHAREDA,26,191
SURAT,MANGROL,KOSADI,KOSADI,45,713
SURAT,MANGROL,KOSAMBA,KOSAMBA,118,1040
SURAT,MANGROL,KOTHVA,KOTHVA,9,204
SURAT,MANGROL,KUMVARDA,KUMVARDA,27,907
SURAT,MANGROL,LAVET,LAVET,34,407
SURAT,MANGROL,LIMBADA,LIMBADA,31,908
SURAT,MANGROL,LIMODARA,LIMODARA,2,578
SURAT,MANGROL,LINDIAD,LINDIAD,12,315
SURAT,MANGROL,LUVARA,LUVARA,13,628
SURAT,MANGROL,MAHUEJ,MAHUEJ,98,786
SURAT,MANGROL,MANDAN(BORIA),MANDANBORIA,43,650
SURAT,MANGROL,MANGROL,MANGROL,48,720
SURAT,MANGROL,MOLVAN,MOLVAN,29,205
SURAT,MANGROL,MOSALI,MOSALI,47,314
SURAT,MANGROL,MOTA BORSARA,MOTABORSARA,52,385
SURAT,MANGROL,MOTI NAROLI,MOTINAROLI,29,240
SURAT,MANGROL,MOTI PARDI,MOTIPARDI,23,263
SURAT,MANGROL,MOTIFALI,MOTIFALI,2,100
SURAT,MANGROL,NANA BORSARA,NANABORSARA,34,312
SURAT,MANGROL,NANDAV,NANDAV,38,437
SURAT,MANGROL,NANDOLA,NANDOLA,26,202
SURAT,MANGROL,NANI FALI,NANIFALI,4,124
SURAT,MANGROL,NANI NAROLI,NANINAROLI,98,1091
SURAT,MANGROL,NANI PARDI,NANIPARDI,39,313
SURAT,MANGROL,NOGAMA,NOGAMA,14,166
SURAT,MANGROL,OGNISA,OGNISA,7,2632
SURAT,MANGROL,PALOD,PALOD,24,198
SURAT,MANGROL,PANETHA,PANETHA,22,308
SURAT,MANGROL,PATALDEVI,PATALDEVI,41,209
SURAT,MANGROL,PIPODARA,PIPODARA,63,594
SURAT,MANGROL,RANAKPOR,RANAKPOR,20,381
SURAT,MANGROL,RATOLA,RATOLA,4,190
SURAT,MANGROL,RATOTI,RATOTI,2,1436
SURAT,MANGROL,SANADHARA,SANADHARA,17,116
SURAT,MANGROL,SAVA,SAVA,36,323
SURAT,MANGROL,SELARPURA,SELARPURA,6,220
SURAT,MANGROL,SHAH,SHAH,10,305
SURAT,MANGROL,SHENTHI,SHENTHI,26,371
SURAT,MANGROL,SIMODARA,SIMODARA,37,788
SURAT,MANGROL,SIYALAJ,SIYALAJ,43,515
SURAT,MANGROL,SURALI,SURALI,21,206
SURAT,MANGROL,TIMBARVA,TIMBARVA,18,191
SURAT,MANGROL,UMELAV,UMELAV,19,218
SURAT,MANGROL,VAD,VAD,5,296
SURAT,MANGROL,VADOLI,VADOLI,17,304
SURAT,MANGROL,VALESA,VALESA,1,227
SURAT,MANGROL,VANKAL,VANKAL,147,630
SURAT,MANGROL,VANSOLI,VANSOLI,26,220
SURAT,MANGROL,VASRAVI,VASRAVI,19,542
SURAT,MANGROL,VASTAN,VASTAN,8,156
SURAT,MANGROL,VELACHHA,VELACHHA,21,512
SURAT,MANGROL,VERAKUI,VERAKUI,41,622
SURAT,OLPAD,ACHHARAN,ACHHARAN,31,329
SURAT,OLPAD,ADMOR,ADMOR,24,488
SURAT,OLPAD,AMBHETA,AMBHETA,40,643
SURAT,OLPAD,ANDHI,ANDHI,30,581
SURAT,OLPAD,ANITA,ANITA,52,581
SURAT,OLPAD,ARIYANA,ARIYANA,10,327
SURAT,OLPAD,ASNABAD,ASNABAD,40,236
SURAT,OLPAD,ASNAD,ASNAD,24,1032
SURAT,OLPAD,ATODARA,ATODARA,31,739
SURAT,OLPAD,BALKAS,BALKAS,3,428
SURAT,OLPAD,BARBODHAN,BARBODHAN,30,2918
SURAT,OLPAD,BHADOL,BHADOL,23,1070
SURAT,OLPAD,BHAGWA,BHAGWA,12,47
SURAT,OLPAD,BHANDUT,BHANDUT,27,939
SURAT,OLPAD,BHARUNDI,BHARUNDI,24,704
SURAT,OLPAD,BHATGAM,BHATGAM,42,596
SURAT,OLPAD,BOLAV,BOLAV,44,570
SURAT,OLPAD,DANDI,DANDI,13,438
SURAT,OLPAD,DELAD,DELAD,11,291
SURAT,OLPAD,DELASA,DELASA,25,415
SURAT,OLPAD,DIHEN,DIHEN,50,1428
SURAT,OLPAD,ERTHAN,ERTHAN,21,1368
SURAT,OLPAD,GOLA,GOLA,28,268
SURAT,OLPAD,GOTHAN,GOTHAN,34,507
SURAT,OLPAD,HATHISA,HATHISA,23,288
SURAT,OLPAD,ISANPOR,ISANPOR,13,640
SURAT,OLPAD,JAFRABAD,JAFRABAD,22,202
SURAT,OLPAD,JINOD,JINOD,42,1187
SURAT,OLPAD,JOTHAN,JOTHAN,8,231
SURAT,OLPAD,KACHHAB,KACHHAB,16,493
SURAT,OLPAD,KACHHOL,KACHHOL,15,365
SURAT,OLPAD,KADRAMA,KADRAMA,27,600
SURAT,OLPAD,KAMROLI,KAMROLI,17,524
SURAT,OLPAD,KANAD,KANAD,40,240
SURAT,OLPAD,KANBHI,KANBHI,10,233
SURAT,OLPAD,KANTHRAJ,KANTHRAJ,21,251
SURAT,OLPAD,KANYASI,KANYASI,5,452
SURAT,OLPAD,KAPASI,KAPASI,3,234
SURAT,OLPAD,KARAMLA,KARAMLA,13,410
SURAT,OLPAD,KARANJ,KARANJ,22,1989
SURAT,OLPAD,KARELI,KARELI,90,501
SURAT,OLPAD,KASAD,KASAD,15,344
SURAT,OLPAD,KASLA BUJRANG,KASLABUJRANG,6,1458
SURAT,OLPAD,KATHODARA,KATHODARA,16,1274
SURAT,OLPAD,KHALIPOR,KHALIPOR,6,138
SURAT,OLPAD,KIM KATHODRA,KIMKATHODRA,29,442
SURAT,OLPAD,KIMAMLI,KIMAMLI,21,510
SURAT,OLPAD,KOBA,KOBA,25,627
SURAT,OLPAD,KOSAM,KOSAM,2,421
SURAT,OLPAD,KSLAKHURD,KSLAKHURD,14,233
SURAT,OLPAD,KUDSAD,KUDSAD,75,1503
SURAT,OLPAD,KUMBHARI,KUMBHARI,31,337
SURAT,OLPAD,KUNDIYANA,KUNDIYANA,31,837
SURAT,OLPAD,KUNKNI,KUNKNI,13,294
SURAT,OLPAD,KUVAD,KUVAD,17,982
SURAT,OLPAD,LAVACHHA,LAVACHHA,8,964
SURAT,OLPAD,MADHAR,MADHAR,22,225
SURAT,OLPAD,MAHAMEDPOR,MAHAMEDPOR,15,1130
SURAT,OLPAD,MANDROI,MANDROI,59,1985
SURAT,OLPAD,MASMA,MASMA,39,894
SURAT,OLPAD,MINDHI,MINDHI,15,535
SURAT,OLPAD,MIRJAPOR,MIRJAPOR,73,815
SURAT,OLPAD,MOR,MOR,50,1636
SURAT,OLPAD,MORTHAN,MORTHAN,13,384
SURAT,OLPAD,MULAD,MULAD,47,635
SURAT,OLPAD,NAGHOI,NAGHOI,14,1122
SURAT,OLPAD,NARTHAN,NARTHAN,37,740
SURAT,OLPAD,NESH,NESH,7,327
SURAT,OLPAD,OBHLA,OBHLA,20,730
SURAT,OLPAD,OLPAD,OLPAD,178,1532
SURAT,OLPAD,ORMA,ORMA,55,696
SURAT,OLPAD,PARDI BHADOLY,PARDIBHADOLY,7,313
SURAT,OLPAD,PARDI KOBA,PARDIKOBA,20,235
SURAT,OLPAD,PARDI ZANKHRI,PARDIZANKHRI,22,1057
SURAT,OLPAD,PARIA,PARIA,16,1146
SURAT,OLPAD,PINJRAT,PINJRAT,43,2233
SURAT,OLPAD,SANDHIYER,SANDHIYER,56,1447
SURAT,OLPAD,SARAS,SARAS,24,1243
SURAT,OLPAD,SAROL,SAROL,2,470
SURAT,OLPAD,SAROLI,SAROLI,3,2055
SURAT,OLPAD,SARSANA,SARSANA,17,403
SURAT,OLPAD,SAYAN,SAYAN,86,1118
SURAT,OLPAD,SEGWACHHAMA,SEGWACHHAMA,3,572
SURAT,OLPAD,SEGWASYADLA,SEGWASYADLA,1,149
SURAT,OLPAD,SELUT,SELUT,28,640
SURAT,OLPAD,SHERDI,SHERDI,6,208
SURAT,OLPAD,SIMALTHU,SIMALTHU,6,265
SURAT,OLPAD,SITHAN,SITHAN,6,827
SURAT,OLPAD,SITHANA,SITHANA,9,292
SURAT,OLPAD,SIWAN,SIWAN,15,2348
SURAT,OLPAD,SONDAMITHA,SONDAMITHA,47,435
SURAT,OLPAD,SONDLAKHARA,SONDLAKHARA,75,1506
SURAT,OLPAD,SONSAK,SONSAK,3,388
SURAT,OLPAD,SYADLA,SYADLA,33,459
SURAT,OLPAD,TAKARMA,TAKARMA,21,648
SURAT,OLPAD,TALAD,TALAD,7,183
SURAT,OLPAD,TENA,TENA,27,679
SURAT,OLPAD,THOTHAB,THOTHAB,7,310
SURAT,OLPAD,UMRA,UMRA,21,485
SURAT,OLPAD,UMRACHHI,UMRACHHI,22,347
SURAT,OLPAD,VADOD,VADOD,1,280
SURAT,OLPAD,VADOLI,VADOLI,40,1097
SURAT,OLPAD,VASWARI,VASWARI,3,203
SURAT,OLPAD,VELUK,VELUK,32,882
SURAT,OLPAD,VIHARA,VIHARA,9,368
SURAT,PALSANA,AMALSADI,AMALSADI,14,311
SURAT,PALSANA,AMBHETI,AMBHETI,10,918
SURAT,PALSANA,ANTROLI,ANTROLI,35,324
SURAT,PALSANA,BAGUMARA,BAGUMARA,105,806
SURAT,PALSANA,BALESHVAR,BALESHVAR,104,492
SURAT,PALSANA,BARASADI,BARASADI,14,297
SURAT,PALSANA,BHUTPOR,BHUTPOR,24,360
SURAT,PALSANA,CHALATHAN,CHALATHAN,41,214
SURAT,PALSANA,DASTAN,DASTAN,54,868
SURAT,PALSANA,DHAMDOD,DHAMDOD,28,257
SURAT,PALSANA,ENA,ENA,39,728
SURAT,PALSANA,ERTHAN,ERTHAN,20,314
SURAT,PALSANA,GANGPOR,GANGPOR,14,311
SURAT,PALSANA,GHALUDA,GHALUDA,14,131
SURAT,PALSANA,GOTIYA,GOTIYA,8,83
SURAT,PALSANA,HARIPURA,HARIPURA,14,52
SURAT,PALSANA,INTALVA,INTALVA,18,309
SURAT,PALSANA,ISROLI,ISROLI,11,60
SURAT,PALSANA,JETPOR,JETPOR,3,131
SURAT,PALSANA,JOLVA,JOLVA,41,367
SURAT,PALSANA,KADODARA,KADODARA,20,252
SURAT,PALSANA,KANAV,KANAV,33,293
SURAT,PALSANA,KARALA,KARALA,17,90
SURAT,PALSANA,KARAN,KARAN,35,1160
SURAT,PALSANA,KARELI,KARELI,58,438
SURAT,PALSANA,KHARBHASI,KHARBHASI,13,220
SURAT,PALSANA,LAKHANPOR,LAKHANPOR,8,186
SURAT,PALSANA,LINGAD,LINGAD,28,419
SURAT,PALSANA,MAKHINGA,MAKHINGA,20,227
SURAT,PALSANA,MALEKPOR,MALEKPOR,24,337
SURAT,PALSANA,NIYOL,NIYOL,38,445
SURAT,PALSANA,PALSANA,PALSANA,82,775
SURAT,PALSANA,PARDIPATA,PARDIPATA,11,280
SURAT,PALSANA,PISAD,PISAD,10,234
SURAT,PALSANA,PUNI,PUNI,27,661
SURAT,PALSANA,SANKI,SANKI,27,354
SURAT,PALSANA,SEDHAV,SEDHAV,9,80
SURAT,PALSANA,SIYOD,SIYOD,8,429
SURAT,PALSANA,SOYANI,SOYANI,33,330
SURAT,PALSANA,TALODARA,TALODARA,6,136
SURAT,PALSANA,TANTITHAIYA,TANTITHAIYA,26,333
SURAT,PALSANA,TANTIZAGHDA,TANTIZAGHDA,17,219
SURAT,PALSANA,TARAJ,TARAJ,48,787
SURAT,PALSANA,TUNDI,TUNDI,41,1087
SURAT,PALSANA,VADADALA,VADADALA,24,280
SURAT,PALSANA,VANESA,VANESA,32,777
SURAT,PALSANA,VANKANEDA,VANKANEDA,11,211
SURAT,PALSANA,VANZOLIA,VANZOLIA,13,96
SURAT,PALSANA,VARELI,VARELI,10,137
SURAT,UMARPADA,AMLI DABDA,AMLIDABDA,1,224
SURAT,UMARPADA,BALALKUVA,BALALKUVA,2,364
SURAT,UMARPADA,BARDI,BARDI,1,13
SURAT,UMARPADA,BARDIPADA,BARDIPADA,3,72
SURAT,UMARPADA,BILVAN,BILVAN,5,231
SURAT,UMARPADA,CHAKRA,CHAKRA,3,1127
SURAT,UMARPADA,CHANDRAPADA,CHANDRAPADA,2,23
SURAT,UMARPADA,CHARNI,CHARNI,10,1165
SURAT,UMARPADA,CHAVDA,CHAVDA,5,522
SURAT,UMARPADA,CHIMIPATAL,CHIMIPATAL,2,94
SURAT,UMARPADA,CHITALDA,CHITALDA,9,199
SURAT,UMARPADA,CHOKHVADA,CHOKHVADA,2,68
SURAT,UMARPADA,DARDA,DARDA,5,32
SURAT,UMARPADA,DIVTAN,DIVTAN,3,66
SURAT,UMARPADA,DOGRIPADA,DOGRIPADA,3,220
SURAT,UMARPADA,GHANWAD,GHANWAD,2,181
SURAT,UMARPADA,GONDALIYA,GONDALIYA,10,75
SURAT,UMARPADA,GOVAT,GOVAT,3,64
SURAT,UMARPADA,GUNDIKUVA,GUNDIKUVA,1,148
SURAT,UMARPADA,HALDHARI,HALDHARI,1,84
SURAT,UMARPADA,JHARPAN,JHARPAN,3,99
SURAT,UMARPADA,KADVIDADRA,KADVIDADRA,1,85
SURAT,UMARPADA,KALI JAMAN,KALIJAMAN,14,84
SURAT,UMARPADA,KEVDI (SHARDA),KEVDISHARDA,5,37
SURAT,UMARPADA,KHAMBHA BANGLI,KHAMBHABANGLI,1,25
SURAT,UMARPADA,KHOD AMBA,KHODAMBA,5,32
SURAT,UMARPADA,NANA SUTKHADKA,NANASUTKHADKA,1,76
SURAT,UMARPADA,NASARPORE,NASARPORE,6,701
SURAT,UMARPADA,PADA,PADA,5,158
SURAT,UMARPADA,PANCH AMBA,PANCHAMBA,2,72
SURAT,UMARPADA,PINPUR,PINPUR,8,63
SURAT,UMARPADA,RUDHI GAVAN,RUDHIGAVAN,5,240
SURAT,UMARPADA,SADADAPANI,SADADAPANI,5,147
SURAT,UMARPADA,SAMPURA,SAMPURA,4,157
SURAT,UMARPADA,SARDA,SARDA,8,98
SURAT,UMARPADA,SARVAN FOKDI,SARVANFOKDI,15,506
SURAT,UMARPADA,SATVAN,SATVAN,5,1395
SURAT,UMARPADA,SELVAN,SELVAN,3,74
SURAT,UMARPADA,TAVAL,TAVAL,2,22
SURAT,UMARPADA,UMARDA,UMARDA,11,315
SURAT,UMARPADA,UMARGOT,UMARGOT,11,64
SURAT,UMARPADA,UMARJHAR,UMARJHAR,4,342
SURAT,UMARPADA,UMARKHADI,UMARKHADI,5,180
SURAT,UMARPADA,UMARPADA,UMARPADA,8,99
SURAT,UMARPADA,UMBHARIYA,UMBHARIYA,18,136
SURAT,UMARPADA,UNCHVAN,UNCHVAN,16,54
SURAT,UMARPADA,VADGAM,VADGAM,7,282
SURAT,UMARPADA,VADI,VADI,13,995
SURAT,UMARPADA,VADPADA,VADPADA,3,79
SURAT,UMARPADA,VAHAR,VAHAR,3,304
SURAT,UMARPADA,VELAVI,VELAVI,12,184
SURENDRANAGAR,CHOTILA,ABHEPAR,ABHEPAR,16,392
SURENDRANAGAR,CHOTILA,AKALA,AKALA,15,109
SURENDRANAGAR,CHOTILA,AMARAPAR,AMARAPAR,25,68
SURENDRANAGAR,CHOTILA,ANANDPUR (BHADLA),ANANDPURBHADLA,43,129
SURENDRANAGAR,CHOTILA,ANANDPUR (THAN),ANANDPURTHAN,12,137
SURENDRANAGAR,CHOTILA,ANKADIYA,ANKADIYA,6,143
SURENDRANAGAR,CHOTILA,BAMANBORE,BAMANBORE,20,222
SURENDRANAGAR,CHOTILA,BHETSUDA,BHETSUDA,9,180
SURENDRANAGAR,CHOTILA,BHIMGADH,BHIMGADH,8,62
SURENDRANAGAR,CHOTILA,BHIMORA,BHIMORA,23,53
SURENDRANAGAR,CHOTILA,BHOJPARA,BHOJPARA,8,13
SURENDRANAGAR,CHOTILA,BHOJPARI,BHOJPARI,21,109
SURENDRANAGAR,CHOTILA,CHANPA,CHANPA,17,103
SURENDRANAGAR,CHOTILA,CHIRODA(BHADAR),CHIRODABHADAR,1,54
SURENDRANAGAR,CHOTILA,CHIRODA(THANGA),CHIRODATHANGA,5,296
SURENDRANAGAR,CHOTILA,CHOBARI,CHOBARI,57,203
SURENDRANAGAR,CHOTILA,DAKVADLA,DAKVADLA,3,243
SURENDRANAGAR,CHOTILA,DEVALIYA,DEVALIYA,8,94
SURENDRANAGAR,CHOTILA,DEVPARA (ANANDPAR),DEVPARAANANDPAR,46,143
SURENDRANAGAR,CHOTILA,DEVPARA(THAN),DEVPARATHAN,7,224
SURENDRANAGAR,CHOTILA,DEVSAR,DEVSAR,2,82
SURENDRANAGAR,CHOTILA,DHARAIE,DHARAIE,44,1103
SURENDRANAGAR,CHOTILA,DHOKALVA,DHOKALVA,67,427
SURENDRANAGAR,CHOTILA,DOSHALIGHUNA,DOSHALIGHUNA,8,73
SURENDRANAGAR,CHOTILA,DUDHELI,DUDHELI,19,99
SURENDRANAGAR,CHOTILA,FULZAR,FULZAR,3,104
SURENDRANAGAR,CHOTILA,GADHECHI,GADHECHI,9,123
SURENDRANAGAR,CHOTILA,GARIDA,GARIDA,18,152
SURENDRANAGAR,CHOTILA,GOLIDA,GOLIDA,29,204
SURENDRANAGAR,CHOTILA,GUGALIYANA,GUGALIYANA,8,154
SURENDRANAGAR,CHOTILA,GUNDA,GUNDA,3,169
SURENDRANAGAR,CHOTILA,GUNDALA,GUNDALA,13,64
SURENDRANAGAR,CHOTILA,HABIYASAR,HABIYASAR,5,49
SURENDRANAGAR,CHOTILA,HIRANA,HIRANA,10,102
SURENDRANAGAR,CHOTILA,HIRASAR,HIRASAR,7,227
SURENDRANAGAR,CHOTILA,JAMVALI,JAMVALI,17,106
SURENDRANAGAR,CHOTILA,JANIVADLA,JANIVADLA,4,293
SURENDRANAGAR,CHOTILA,JASAPAR,JASAPAR,6,111
SURENDRANAGAR,CHOTILA,JIVAPAR (ANANDPUR),JIVAPARANANDPUR,38,142
SURENDRANAGAR,CHOTILA,JIVAPAR (BAMANBORE),JIVAPARBAMANBORE,9,93
SURENDRANAGAR,CHOTILA,KABRAN,KABRAN,5,132
SURENDRANAGAR,CHOTILA,KALASAR,KALASAR,6,183
SURENDRANAGAR,CHOTILA,KANPAR,KANPAR,10,151
SURENDRANAGAR,CHOTILA,KANTHARIYA,KANTHARIYA,14,114
SURENDRANAGAR,CHOTILA,KHAKHARVALI,KHAKHARVALI,15,176
SURENDRANAGAR,CHOTILA,KHATADI,KHATADI,5,1147
SURENDRANAGAR,CHOTILA,KHERANA,KHERANA,19,330
SURENDRANAGAR,CHOTILA,KHERDI,KHERDI,5,260
SURENDRANAGAR,CHOTILA,KUMBHARA,KUMBHARA,15,39
SURENDRANAGAR,CHOTILA,KUNDHADA,KUNDHADA,35,116
SURENDRANAGAR,CHOTILA,LAKHACHOKIYA,LAKHACHOKIYA,5,103
SURENDRANAGAR,CHOTILA,LAKHAMACHI,LAKHAMACHI,15,215
SURENDRANAGAR,CHOTILA,LAKHANKA,LAKHANKA,33,587
SURENDRANAGAR,CHOTILA,LOMA KOTADI,LOMAKOTADI,2,14
SURENDRANAGAR,CHOTILA,MAGHARIKHADA,MAGHARIKHADA,6,130
SURENDRANAGAR,CHOTILA,MAHIDAD,MAHIDAD,26,85
SURENDRANAGAR,CHOTILA,MANADASAR,MANADASAR,7,366
SURENDRANAGAR,CHOTILA,MEVASA (BAMANBORE),MEVASABAMANBORE,17,155
SURENDRANAGAR,CHOTILA,MEVASA SANOSARA,MEVASASANOSARA,3,187
SURENDRANAGAR,CHOTILA,MOKASAR,MOKASAR,40,111
SURENDRANAGAR,CHOTILA,MONPAR,MONPAR,28,230
SURENDRANAGAR,CHOTILA,MORTHALA,MORTHALA,20,1689
SURENDRANAGAR,CHOTILA,MOTA HARANIYA,MOTAHARANIYA,12,110
SURENDRANAGAR,CHOTILA,MOTA KANDHASAR,MOTAKANDHASAR,2,84
SURENDRANAGAR,CHOTILA,MOTI MOLDI,MOTIMOLDI,24,269
SURENDRANAGAR,CHOTILA,NALIYERI,NALIYERI,1,1042
SURENDRANAGAR,CHOTILA,NANA KANDHASAR,NANAKANDHASAR,8,120
SURENDRANAGAR,CHOTILA,NANA PALIYAD,NANAPALIYAD,14,45
SURENDRANAGAR,CHOTILA,NANI MOLDI,NANIMOLDI,16,200
SURENDRANAGAR,CHOTILA,NANI MORSAL,NANIMORSAL,12,107
SURENDRANAGAR,CHOTILA,NANIYANI,NANIYANI,14,57
SURENDRANAGAR,CHOTILA,NAVA,NAVA,25,185
SURENDRANAGAR,CHOTILA,NAVAGAM (BAMANBORE),NAVAGAMBAMANBORE,25,102
SURENDRANAGAR,CHOTILA,NAVAGAM (CHOTILA),NAVAGAMCHOTILA,18,84
SURENDRANAGAR,CHOTILA,NAVAGAM (THAN),NAVAGAMTHAN,18,462
SURENDRANAGAR,CHOTILA,PAJVALI,PAJVALI,3,204
SURENDRANAGAR,CHOTILA,PANCHAVADA,PANCHAVADA,44,109
SURENDRANAGAR,CHOTILA,PARABDI,PARABDI,42,144
SURENDRANAGAR,CHOTILA,PIPALIYA (BAMANBOR),PIPALIYABAMANBOR,6,219
SURENDRANAGAR,CHOTILA,PIPALIYA DHOKALVA,PIPALIYADHOKALVA,30,266
SURENDRANAGAR,CHOTILA,PIPRALI,PIPRALI,11,321
SURENDRANAGAR,CHOTILA,PIYAVA,PIYAVA,26,1992
SURENDRANAGAR,CHOTILA,RAJAVAD,RAJAVAD,1,116
SURENDRANAGAR,CHOTILA,RAJPARA,RAJPARA,10,568
SURENDRANAGAR,CHOTILA,RAMPARA (CHOBARI),RAMPARACHOBARI,10,1904
SURENDRANAGAR,CHOTILA,RAMPARA (RAJAVAD),RAMPARARAJAVAD,4,38
SURENDRANAGAR,CHOTILA,RAMPARA (RAJPARA),RAMPARARAJPARA,5,94
SURENDRANAGAR,CHOTILA,RAMPARA (THAN),RAMPARATHAN,3,94
SURENDRANAGAR,CHOTILA,RAVRANI,RAVRANI,9,50
SURENDRANAGAR,CHOTILA,RESHAMIYA,RESHAMIYA,6,106
SURENDRANAGAR,CHOTILA,RUPAVATI (RAJAVAD),RUPAVATIRAJAVAD,3,106
SURENDRANAGAR,CHOTILA,RUPAVATI(THAN),RUPAVATITHAN,2,116
SURENDRANAGAR,CHOTILA,SAKHPAR,SAKHPAR,14,24
SURENDRANAGAR,CHOTILA,SALKADA,SALKADA,4,114
SURENDRANAGAR,CHOTILA,SANGANI,SANGANI,6,66
SURENDRANAGAR,CHOTILA,SANOSARA,SANOSARA,44,143
SURENDRANAGAR,CHOTILA,SARODI,SARODI,5,280
SURENDRANAGAR,CHOTILA,SARSANA,SARSANA,12,260
SURENDRANAGAR,CHOTILA,SHEKHALIYA,SHEKHALIYA,23,79
SURENDRANAGAR,CHOTILA,SONGADH,SONGADH,16,246
SURENDRANAGAR,CHOTILA,SUKHSAR,SUKHSAR,6,106
SURENDRANAGAR,CHOTILA,SURAI,SURAI,7,104
SURENDRANAGAR,CHOTILA,TAJPAR,TAJPAR,26,101
SURENDRANAGAR,CHOTILA,TARNETAR,TARNETAR,27,617
SURENDRANAGAR,CHOTILA,TRAMBODA,TRAMBODA,1,83
SURENDRANAGAR,CHOTILA,UNDVI,UNDVI,6,77
SURENDRANAGAR,CHOTILA,VADALI,VADALI,6,188
SURENDRANAGAR,CHOTILA,VARMADHAR,VARMADHAR,13,155
SURENDRANAGAR,CHOTILA,VAVDI,VAVDI,6,83
SURENDRANAGAR,CHOTILA,VIJALIA,VIJALIA,9,202
SURENDRANAGAR,CHOTILA,ZINZUDA,ZINZUDA,21,208
SURENDRANAGAR,CHUDA,ACHARDA,ACHARDA,7,310
SURENDRANAGAR,CHUDA,BALALA,BALALA,57,383
SURENDRANAGAR,CHUDA,BHANEJADA,BHANEJADA,24,255
SURENDRANAGAR,CHUDA,BHENSJAL,BHENSJAL,8,318
SURENDRANAGAR,CHUDA,BHRUGUPUR,BHRUGUPUR,128,956
SURENDRANAGAR,CHUDA,CHACHANA,CHACHANA,35,625
SURENDRANAGAR,CHUDA,CHACHKA,CHACHKA,104,415
SURENDRANAGAR,CHUDA,CHAMARDI,CHAMARDI,23,230
SURENDRANAGAR,CHUDA,CHHALALA,CHHALALA,54,927
SURENDRANAGAR,CHUDA,CHHATRIYALA,CHHATRIYALA,49,506
SURENDRANAGAR,CHUDA,CHOKDI,CHOKDI,79,880
SURENDRANAGAR,CHUDA,CHUDA,CHUDA,80,2063
SURENDRANAGAR,CHUDA,DAROD,DAROD,10,300
SURENDRANAGAR,CHUDA,GOKHARWALA,GOKHARWALA,70,469
SURENDRANAGAR,CHUDA,JEPUR,JEPUR,28,186
SURENDRANAGAR,CHUDA,JUNI MORWAD,JUNIMORWAD,28,182
SURENDRANAGAR,CHUDA,KANTHARIYA,KANTHARIYA,17,1212
SURENDRANAGAR,CHUDA,KARMAD,KARMAD,47,507
SURENDRANAGAR,CHUDA,KAROL,KAROL,68,897
SURENDRANAGAR,CHUDA,KHANDIYA,KHANDIYA,17,255
SURENDRANAGAR,CHUDA,KORDA,KORDA,31,1830
SURENDRANAGAR,CHUDA,KUDLA,KUDLA,7,485
SURENDRANAGAR,CHUDA,LALIYAD,LALIYAD,32,2204
SURENDRANAGAR,CHUDA,MINAPUR,MINAPUR,9,351
SURENDRANAGAR,CHUDA,MOJIDAD,MOJIDAD,28,953
SURENDRANAGAR,CHUDA,NAGNESH,NAGNESH,37,1156
SURENDRANAGAR,CHUDA,NAVI MORWAD,NAVIMORWAD,44,261
SURENDRANAGAR,CHUDA,RAMDEVGADH,RAMDEVGADH,4,107
SURENDRANAGAR,CHUDA,RANGPUR,RANGPUR,94,1246
SURENDRANAGAR,CHUDA,SAMDHIYALA,SAMDHIYALA,34,371
SURENDRANAGAR,CHUDA,SEJAKPAR,SEJAKPAR,14,168
SURENDRANAGAR,CHUDA,SONTHA,SONTHA,59,2256
SURENDRANAGAR,CHUDA,VANALA,VANALA,57,253
SURENDRANAGAR,CHUDA,VANIYAVADAR,VANIYAVADAR,7,252
SURENDRANAGAR,CHUDA,VEJALKA,VEJALKA,42,369
SURENDRANAGAR,CHUDA,VELAVADAR,VELAVADAR,65,225
SURENDRANAGAR,CHUDA,ZINZAVADAR,ZINZAVADAR,13,81
SURENDRANAGAR,CHUDA,ZOBALA,ZOBALA,92,894
SURENDRANAGAR,DASADA,ADARIYANA,ADARIYANA,160,939
SURENDRANAGAR,DASADA,AHMEDGADH,AHMEDGADH,5,130
SURENDRANAGAR,DASADA,AKHIYANA,AKHIYANA,177,1122
SURENDRANAGAR,DASADA,ALAMPURA,ALAMPURA,26,256
SURENDRANAGAR,DASADA,AMBALA,AMBALA,17,393
SURENDRANAGAR,DASADA,AMNAGAR,AMNAGAR,13,189
SURENDRANAGAR,DASADA,BAJANA,BAJANA,87,1099
SURENDRANAGAR,DASADA,BAMANVA,BAMANVA,48,408
SURENDRANAGAR,DASADA,BHADENA,BHADENA,48,381
SURENDRANAGAR,DASADA,BHALGAM,BHALGAM,14,235
SURENDRANAGAR,DASADA,BUBVANA,BUBVANA,58,349
SURENDRANAGAR,DASADA,CHHABALI,CHHABALI,61,337
SURENDRANAGAR,DASADA,CHHATROT,CHHATROT,14,259
SURENDRANAGAR,DASADA,CHIKASAR,CHIKASAR,55,337
SURENDRANAGAR,DASADA,DASADA,DASADA,84,1044
SURENDRANAGAR,DASADA,DEGAM,DEGAM,18,900
SURENDRANAGAR,DASADA,DHAMA,DHAMA,70,886
SURENDRANAGAR,DASADA,ECHHVADA,ECHHVADA,69,317
SURENDRANAGAR,DASADA,ERWADA,ERWADA,38,429
SURENDRANAGAR,DASADA,FATEPUR,FATEPUR,49,554
SURENDRANAGAR,DASADA,GAVANA,GAVANA,107,350
SURENDRANAGAR,DASADA,GEDIYA,GEDIYA,20,299
SURENDRANAGAR,DASADA,GHASPUR,GHASPUR,25,203
SURENDRANAGAR,DASADA,GORIYAVAD,GORIYAVAD,22,678
SURENDRANAGAR,DASADA,GOSANA,GOSANA,32,178
SURENDRANAGAR,DASADA,HARIPURA,HARIPURA,8,159
SURENDRANAGAR,DASADA,HATHIPURA,HATHIPURA,4,82
SURENDRANAGAR,DASADA,HEBATPUR,HEBATPUR,35,735
SURENDRANAGAR,DASADA,JAGDISHAN,JAGDISHAN,21,136
SURENDRANAGAR,DASADA,JAINABAD,JAINABAD,91,528
SURENDRANAGAR,DASADA,JARVALA,JARVALA,24,761
SURENDRANAGAR,DASADA,JIVANGADH,JIVANGADH,5,287
SURENDRANAGAR,DASADA,JORAVARPURA,JORAVARPURA,1,153
SURENDRANAGAR,DASADA,KACHOLIYA,KACHOLIYA,70,458
SURENDRANAGAR,DASADA,KAMAALPUR,KAMAALPUR,18,836
SURENDRANAGAR,DASADA,KAMALPUR,KAMALPUR,33,395
SURENDRANAGAR,DASADA,KATHADA,KATHADA,54,442
SURENDRANAGAR,DASADA,KHARAGHODA,KHARAGHODA,52,305
SURENDRANAGAR,DASADA,KHERVA,KHERVA,57,1182
SURENDRANAGAR,DASADA,KOCHADA,KOCHADA,67,340
SURENDRANAGAR,DASADA,LIMBAD,LIMBAD,60,308
SURENDRANAGAR,DASADA,MALANPUR,MALANPUR,27,802
SURENDRANAGAR,DASADA,MALVAN,MALVAN,113,652
SURENDRANAGAR,DASADA,MANAVADA,MANAVADA,31,228
SURENDRANAGAR,DASADA,MERA,MERA,47,464
SURENDRANAGAR,DASADA,METASAR,METASAR,29,189
SURENDRANAGAR,DASADA,MITHAGODHA,MITHAGODHA,44,412
SURENDRANAGAR,DASADA,MOTA UBHADA,MOTAUBHADA,13,344
SURENDRANAGAR,DASADA,MOTI MAJETHI,MOTIMAJETHI,18,836
SURENDRANAGAR,DASADA,MULADA,MULADA,57,252
SURENDRANAGAR,DASADA,NAGADKA,NAGADKA,20,307
SURENDRANAGAR,DASADA,NAGVADA,NAGVADA,43,808
SURENDRANAGAR,DASADA,NANA GORAIYA,NANAGORAIYA,45,346
SURENDRANAGAR,DASADA,NANI MAJETHI,NANIMAJETHI,51,272
SURENDRANAGAR,DASADA,NAVA SAVLAS,NAVASAVLAS,84,575
SURENDRANAGAR,DASADA,NAVAPURA,NAVAPURA,18,188
SURENDRANAGAR,DASADA,NAVIYANI,NAVIYANI,90,423
SURENDRANAGAR,DASADA,NAVRANGPURA,NAVRANGPURA,49,341
SURENDRANAGAR,DASADA,ODU,ODU,31,912
SURENDRANAGAR,DASADA,PANVA,PANVA,95,477
SURENDRANAGAR,DASADA,PIDIVADA,PIDIVADA,43,424
SURENDRANAGAR,DASADA,PIPALI,PIPALI,26,1084
SURENDRANAGAR,DASADA,PORDA,PORDA,22,402
SURENDRANAGAR,DASADA,RAJPAR,RAJPAR,100,395
SURENDRANAGAR,DASADA,RAMGARI,RAMGARI,2,293
SURENDRANAGAR,DASADA,RASULABAD,RASULABAD,5,106
SURENDRANAGAR,DASADA,ROZVA,ROZVA,39,665
SURENDRANAGAR,DASADA,RUSTAMGADH,RUSTAMGADH,14,123
SURENDRANAGAR,DASADA,SADLA,SADLA,32,452
SURENDRANAGAR,DASADA,SALI,SALI,5,274
SURENDRANAGAR,DASADA,SAVDA,SAVDA,77,629
SURENDRANAGAR,DASADA,SEDLA,SEDLA,26,777
SURENDRANAGAR,DASADA,SIDHSAR,SIDHSAR,23,295
SURENDRANAGAR,DASADA,SURAJPURA,SURAJPURA,1,119
SURENDRANAGAR,DASADA,SUREL,SUREL,27,768
SURENDRANAGAR,DASADA,SUSHIYA,SUSHIYA,40,661
SURENDRANAGAR,DASADA,UPARIYALA,UPARIYALA,29,500
SURENDRANAGAR,DASADA,VACHHARAJPURA,VACHHARAJPURA,9,81
SURENDRANAGAR,DASADA,VADGAM,VADGAM,138,747
SURENDRANAGAR,DASADA,VAGHADA,VAGHADA,84,408
SURENDRANAGAR,DASADA,VALEVADA,VALEVADA,48,438
SURENDRANAGAR,DASADA,VANOD,VANOD,194,1088
SURENDRANAGAR,DASADA,VISAVADI,VISAVADI,25,492
SURENDRANAGAR,DASADA,VISNAGAR,VISNAGAR,6,186
SURENDRANAGAR,DASADA,ZADIYANA,ZADIYANA,4,573
SURENDRANAGAR,DASADA,ZEZRA,ZEZRA,13,238
SURENDRANAGAR,DASADA,ZEZRI,ZEZRI,62,469
SURENDRANAGAR,DASADA,ZIZUWADA,ZIZUWADA,45,792
SURENDRANAGAR,DHRANGADHRA,BAISABGADH,BAISABGADH,2,303
SURENDRANAGAR,DHRANGADHRA,BAVALI,BAVALI,77,4234
SURENDRANAGAR,DHRANGADHRA,BHARAD,BHARAD,56,624
SURENDRANAGAR,DHRANGADHRA,BHARADA,BHARADA,18,1154
SURENDRANAGAR,DHRANGADHRA,BHECHADA,BHECHADA,70,881
SURENDRANAGAR,DHRANGADHRA,CHULI,CHULI,64,730
SURENDRANAGAR,DHRANGADHRA,DEVCHARADI,DEVCHARADI,33,1107
SURENDRANAGAR,DHRANGADHRA,DHOLI,DHOLI,25,3075
SURENDRANAGAR,DHRANGADHRA,DHRUMATH,DHRUMATH,53,721
SURENDRANAGAR,DHRANGADHRA,DUDAPUR,DUDAPUR,57,517
SURENDRANAGAR,DHRANGADHRA,DUMANA,DUMANA,33,798
SURENDRANAGAR,DHRANGADHRA,GAJANVAV,GAJANVAV,11,1021
SURENDRANAGAR,DHRANGADHRA,GALA,GALA,15,559
SURENDRANAGAR,DHRANGADHRA,GANJELA,GANJELA,16,562
SURENDRANAGAR,DHRANGADHRA,GOPALGADH,GOPALGADH,2,211
SURENDRANAGAR,DHRANGADHRA,GUJARVADI,GUJARVADI,56,1664
SURENDRANAGAR,DHRANGADHRA,HAMPAR,HAMPAR,22,422
SURENDRANAGAR,DHRANGADHRA,HARIPAR,HARIPAR,68,2484
SURENDRANAGAR,DHRANGADHRA,HIRAPUR,HIRAPUR,11,1090
SURENDRANAGAR,DHRANGADHRA,ISADRA,ISADRA,17,181
SURENDRANAGAR,DHRANGADHRA,JASAPAR,JASAPAR,110,547
SURENDRANAGAR,DHRANGADHRA,JASMATPUR,JASMATPUR,16,2127
SURENDRANAGAR,DHRANGADHRA,JEGADVA,JEGADVA,30,3964
SURENDRANAGAR,DHRANGADHRA,JESADA,JESADA,13,504
SURENDRANAGAR,DHRANGADHRA,JIVA,JIVA,4,691
SURENDRANAGAR,DHRANGADHRA,JUNA GHANSHYAMGADH,JUNAGHANSHYAMGADH,3,482
SURENDRANAGAR,DHRANGADHRA,KANKAVATI,KANKAVATI,9,1570
SURENDRANAGAR,DHRANGADHRA,KHAMBHDA,KHAMBHDA,62,660
SURENDRANAGAR,DHRANGADHRA,KONDH,KONDH,44,3025
SURENDRANAGAR,DHRANGADHRA,KOPARANI,KOPARANI,5,296
SURENDRANAGAR,DHRANGADHRA,KUDA,KUDA,16,2743
SURENDRANAGAR,DHRANGADHRA,MALVAN,MALVAN,19,1191
SURENDRANAGAR,DHRANGADHRA,MANPUR,MANPUR,48,334
SURENDRANAGAR,DHRANGADHRA,METHAN,METHAN,39,1256
SURENDRANAGAR,DHRANGADHRA,MOTA ANKEVALIYA,MOTAANKEVALIYA,71,1337
SURENDRANAGAR,DHRANGADHRA,NARALI,NARALI,23,586
SURENDRANAGAR,DHRANGADHRA,NARICHANA,NARICHANA,11,841
SURENDRANAGAR,DHRANGADHRA,NAVALGADH,NAVALGADH,54,674
SURENDRANAGAR,DHRANGADHRA,NIMAKNAGAR,NIMAKNAGAR,5,81
SURENDRANAGAR,DHRANGADHRA,PIPALA,PIPALA,2,312
SURENDRANAGAR,DHRANGADHRA,PRATAPPUR,PRATAPPUR,31,1271
SURENDRANAGAR,DHRANGADHRA,PRATHUGADH,PRATHUGADH,29,555
SURENDRANAGAR,DHRANGADHRA,RAJCHARADI,RAJCHARADI,16,788
SURENDRANAGAR,DHRANGADHRA,RAJGADH,RAJGADH,28,459
SURENDRANAGAR,DHRANGADHRA,RAJPAR,RAJPAR,9,563
SURENDRANAGAR,DHRANGADHRA,RAJSITAPUR,RAJSITAPUR,132,1222
SURENDRANAGAR,DHRANGADHRA,RAMGADH,RAMGADH,27,601
SURENDRANAGAR,DHRANGADHRA,RAMPARA,RAMPARA,9,331
SURENDRANAGAR,DHRANGADHRA,RATANPAR,RATANPAR,5,290
SURENDRANAGAR,DHRANGADHRA,RAVALIYAVADAR,RAVALIYAVADAR,8,810
SURENDRANAGAR,DHRANGADHRA,RAYGADH,RAYGADH,3,398
SURENDRANAGAR,DHRANGADHRA,SAJJANPUR,SAJJANPUR,8,322
SURENDRANAGAR,DHRANGADHRA,SARVAL,SARVAL,33,2809
SURENDRANAGAR,DHRANGADHRA,SATAPAR,SATAPAR,5,189
SURENDRANAGAR,DHRANGADHRA,SOKHADA,SOKHADA,36,397
SURENDRANAGAR,DHRANGADHRA,SOLADI,SOLADI,82,2154
SURENDRANAGAR,DHRANGADHRA,SULTANPUR,SULTANPUR,2,356
SURENDRANAGAR,DHRANGADHRA,THALA,THALA,10,815
SURENDRANAGAR,DHRANGADHRA,VAGHGADH,VAGHGADH,9,1566
SURENDRANAGAR,DHRANGADHRA,VASADVA,VASADVA,14,2329
SURENDRANAGAR,DHRANGADHRA,VAVDI,VAVDI,7,618
SURENDRANAGAR,DHRANGADHRA,VIRENDRAGADH,VIRENDRAGADH,14,482
SURENDRANAGAR,DHRANGADHRA,VRAJPAR,VRAJPAR,59,433
SURENDRANAGAR,HALVAD,AJITGADH,AJITGADH,83,1049
SURENDRANAGAR,HALVAD,BHALGAMDA,BHALGAMDA,32,258
SURENDRANAGAR,HALVAD,BUTVADA,BUTVADA,4,190
SURENDRANAGAR,HALVAD,CHADADHRA,CHADADHRA,3,1871
SURENDRANAGAR,HALVAD,CHANDRAGADH,CHANDRAGADH,6,266
SURENDRANAGAR,HALVAD,CHARADVA,CHARADVA,59,1896
SURENDRANAGAR,HALVAD,CHITRODI,CHITRODI,24,280
SURENDRANAGAR,HALVAD,CHUMPANI,CHUMPANI,4,561
SURENDRANAGAR,HALVAD,DEVIPUR,DEVIPUR,17,487
SURENDRANAGAR,HALVAD,DHANALA,DHANALA,55,831
SURENDRANAGAR,HALVAD,DHAVANA,DHAVANA,56,1557
SURENDRANAGAR,HALVAD,DHULKOT,DHULKOT,43,370
SURENDRANAGAR,HALVAD,DIGHADIYA,DIGHADIYA,48,204
SURENDRANAGAR,HALVAD,DUNGARPUR,DUNGARPUR,3,372
SURENDRANAGAR,HALVAD,ENJAR,ENJAR,29,732
SURENDRANAGAR,HALVAD,GHANAD,GHANAD,6,206
SURENDRANAGAR,HALVAD,GNANSHYAMPUR,GNANSHYAMPUR,57,1454
SURENDRANAGAR,HALVAD,GOLASAN,GOLASAN,46,300
SURENDRANAGAR,HALVAD,INGORALA,INGORALA,24,446
SURENDRANAGAR,HALVAD,ISANPUR,ISANPUR,40,521
SURENDRANAGAR,HALVAD,JOGAD,JOGAD,29,448
SURENDRANAGAR,HALVAD,JUNA AMRAPAR,JUNAAMRAPAR,35,263
SURENDRANAGAR,HALVAD,JUNA DEVALIYA,JUNADEVALIYA,36,1129
SURENDRANAGAR,HALVAD,KADIYANA,KADIYANA,58,694
SURENDRANAGAR,HALVAD,KAVADIYA,KAVADIYA,32,539
SURENDRANAGAR,HALVAD,KEDARIYA,KEDARIYA,35,426
SURENDRANAGAR,HALVAD,KHETARDI,KHETARDI,36,202
SURENDRANAGAR,HALVAD,KHOD,KHOD,5,278
SURENDRANAGAR,HALVAD,KIDI,KIDI,9,718
SURENDRANAGAR,HALVAD,KOYBA,KOYBA,32,561
SURENDRANAGAR,HALVAD,MALANIYAD,MALANIYAD,13,938
SURENDRANAGAR,HALVAD,MANEKWADA,MANEKWADA,2,904
SURENDRANAGAR,HALVAD,MANGADH,MANGADH,10,876
SURENDRANAGAR,HALVAD,MANGALPUR,MANGALPUR,20,290
SURENDRANAGAR,HALVAD,MANSAR,MANSAR,4,242
SURENDRANAGAR,HALVAD,MATHAK,MATHAK,6,1243
SURENDRANAGAR,HALVAD,MAYAPUR,MAYAPUR,37,252
SURENDRANAGAR,HALVAD,MAYURNAGAR,MAYURNAGAR,48,1039
SURENDRANAGAR,HALVAD,MERUPAR,MERUPAR,40,465
SURENDRANAGAR,HALVAD,MIYANI,MIYANI,52,401
SURENDRANAGAR,HALVAD,NAVA AMRAPAR,NAVAAMRAPAR,13,801
SURENDRANAGAR,HALVAD,NAVA DEVALIYA,NAVADEVALIYA,30,1771
SURENDRANAGAR,HALVAD,NAVA GANSHYAMGADH,NAVAGANSHYAMGADH,71,1019
SURENDRANAGAR,HALVAD,NAVA GHATILA,NAVAGHATILA,12,383
SURENDRANAGAR,HALVAD,PALASAN,PALASAN,9,22
SURENDRANAGAR,HALVAD,PANDATIRATH,PANDATIRATH,13,188
SURENDRANAGAR,HALVAD,PRATAPAGADH,PRATAPAGADH,6,134
SURENDRANAGAR,HALVAD,RANCHHODGADH,RANCHHODGADH,21,391
SURENDRANAGAR,HALVAD,RANEKPAR,RANEKPAR,37,2027
SURENDRANAGAR,HALVAD,RANJITGADH,RANJITGADH,14,348
SURENDRANAGAR,HALVAD,RANMALPUR,RANMALPUR,15,934
SURENDRANAGAR,HALVAD,RATABHE,RATABHE,39,583
SURENDRANAGAR,HALVAD,RAYDHRA,RAYDHRA,16,190
SURENDRANAGAR,HALVAD,RAYSANGPAR,RAYSANGPAR,34,693
SURENDRANAGAR,HALVAD,SAMLI,SAMLI,22,267
SURENDRANAGAR,HALVAD,SAPKADA,SAPKADA,17,763
SURENDRANAGAR,HALVAD,SARAMBHADA,SARAMBHADA,22,195
SURENDRANAGAR,HALVAD,SHIROI,SHIROI,36,232
SURENDRANAGAR,HALVAD,SHIVPUR,SHIVPUR,2,178
SURENDRANAGAR,HALVAD,SUKHPAR,SUKHPAR,39,922
SURENDRANAGAR,HALVAD,SUNDARGADH,SUNDARGADH,94,565
SURENDRANAGAR,HALVAD,SUNDARIBHAVANI,SUNDARIBHAVANI,15,274
SURENDRANAGAR,HALVAD,SURVADAR,SURVADAR,23,616
SURENDRANAGAR,HALVAD,SUSVAV,SUSVAV,25,970
SURENDRANAGAR,HALVAD,TIKAR,TIKAR,110,3080
SURENDRANAGAR,HALVAD,VANKIYA,VANKIYA,31,147
SURENDRANAGAR,HALVAD,VEGADVAV,VEGADVAV,60,580
SURENDRANAGAR,LAKHTAR,ADALSAR,ADALSAR,37,356
SURENDRANAGAR,LAKHTAR,ANIYALI,ANIYALI,17,454
SURENDRANAGAR,LAKHTAR,BABJIPURA,BABJIPURA,6,161
SURENDRANAGAR,LAKHTAR,BAJRANGPURA,BAJRANGPURA,21,546
SURENDRANAGAR,LAKHTAR,BHADWANA,BHADWANA,31,686
SURENDRANAGAR,LAKHTAR,BHALALA,BHALALA,5,411
SURENDRANAGAR,LAKHTAR,BHASKARPARA,BHASKARPARA,30,228
SURENDRANAGAR,LAKHTAR,BHATHARIYA,BHATHARIYA,27,256
SURENDRANAGAR,LAKHTAR,CHHARAD,CHHARAD,53,786
SURENDRANAGAR,LAKHTAR,DERVALA,DERVALA,35,979
SURENDRANAGAR,LAKHTAR,DEVALIYA,DEVALIYA,63,438
SURENDRANAGAR,LAKHTAR,DHANKI,DHANKI,13,312
SURENDRANAGAR,LAKHTAR,GANGAD,GANGAD,37,979
SURENDRANAGAR,LAKHTAR,GHANAD,GHANAD,12,681
SURENDRANAGAR,LAKHTAR,GOBAR,GOBAR,2,242
SURENDRANAGAR,LAKHTAR,INGRODI,INGRODI,8,352
SURENDRANAGAR,LAKHTAR,JYOTIPURA,JYOTIPURA,19,124
SURENDRANAGAR,LAKHTAR,KADU,KADU,33,368
SURENDRANAGAR,LAKHTAR,KALAM,KALAM,16,508
SURENDRANAGAR,LAKHTAR,KALYANPARA,KALYANPARA,30,234
SURENDRANAGAR,LAKHTAR,KARELA,KARELA,55,406
SURENDRANAGAR,LAKHTAR,KESARIA,KESARIA,37,318
SURENDRANAGAR,LAKHTAR,LAKHTAR,LAKHTAR,205,2374
SURENDRANAGAR,LAKHTAR,LARKHADIYA,LARKHADIYA,8,129
SURENDRANAGAR,LAKHTAR,LILAPUR,LILAPUR,67,1143
SURENDRANAGAR,LAKHTAR,MALIKA,MALIKA,6,579
SURENDRANAGAR,LAKHTAR,MODHWANA,MODHWANA,82,399
SURENDRANAGAR,LAKHTAR,NANA ANKEWALIYA,NANAANKEWALIYA,48,963
SURENDRANAGAR,LAKHTAR,OLAK,OLAK,126,885
SURENDRANAGAR,LAKHTAR,PEDHDA,PEDHDA,26,461
SURENDRANAGAR,LAKHTAR,SADAD,SADAD,87,554
SURENDRANAGAR,LAKHTAR,SAKAR,SAKAR,15,448
SURENDRANAGAR,LAKHTAR,SAVLANA,SAVLANA,19,813
SURENDRANAGAR,LAKHTAR,TALSANA,TALSANA,27,2057
SURENDRANAGAR,LAKHTAR,TALVANI,TALVANI,39,293
SURENDRANAGAR,LAKHTAR,TANMANIYA,TANMANIYA,13,376
SURENDRANAGAR,LAKHTAR,TAVI,TAVI,47,688
SURENDRANAGAR,LAKHTAR,VADEKHAN,VADEKHAN,56,260
SURENDRANAGAR,LAKHTAR,VADLA,VADLA,39,588
SURENDRANAGAR,LAKHTAR,VANA,VANA,70,1152
SURENDRANAGAR,LAKHTAR,VARSANI,VARSANI,50,390
SURENDRANAGAR,LAKHTAR,VITTHALGADH,VITTHALGADH,48,812
SURENDRANAGAR,LAKHTAR,VITTHALPARA,VITTHALPARA,47,283
SURENDRANAGAR,LAKHTAR,ZAMAR,ZAMAR,33,293
SURENDRANAGAR,LIMBDI,ANANDPARA,ANANDPARA,21,460
SURENDRANAGAR,LIMBDI,ANKEWALIYA,ANKEWALIYA,33,500
SURENDRANAGAR,LIMBDI,BALOL,BALOL,14,1615
SURENDRANAGAR,LIMBDI,BHAGAWANPARA,BHAGAWANPARA,35,167
SURENDRANAGAR,LIMBDI,BHALGAMDA,BHALGAMDA,71,1255
SURENDRANAGAR,LIMBDI,BHATHAN,BHATHAN,13,1184
SURENDRANAGAR,LIMBDI,BHOIKA,BHOIKA,31,1274
SURENDRANAGAR,LIMBDI,BHOJPARA,BHOJPARA,25,371
SURENDRANAGAR,LIMBDI,BODIYA,BODIYA,33,504
SURENDRANAGAR,LIMBDI,BORANA,BORANA,6,271
SURENDRANAGAR,LIMBDI,BORNA,BORNA,15,818
SURENDRANAGAR,LIMBDI,CHOKI,CHOKI,17,357
SURENDRANAGAR,LIMBDI,CHORANIYA,CHORANIYA,31,382
SURENDRANAGAR,LIMBDI,DEVPARA,DEVPARA,13,917
SURENDRANAGAR,LIMBDI,DHALWANA,DHALWANA,46,452
SURENDRANAGAR,LIMBDI,DHIRAJGADH,DHIRAJGADH,2,74
SURENDRANAGAR,LIMBDI,DHOLI,DHOLI,9,483
SURENDRANAGAR,LIMBDI,DIGVIJAYGADH,DIGVIJAYGADH,6,151
SURENDRANAGAR,LIMBDI,DOLATPAR,DOLATPAR,17,394
SURENDRANAGAR,LIMBDI,FULWADI,FULWADI,33,275
SURENDRANAGAR,LIMBDI,GADTHAL,GADTHAL,44,1913
SURENDRANAGAR,LIMBDI,GEDI,GEDI,48,557
SURENDRANAGAR,LIMBDI,GHAGHOSAR,GHAGHOSAR,9,87
SURENDRANAGAR,LIMBDI,GHAGHRETIYA,GHAGHRETIYA,20,221
SURENDRANAGAR,LIMBDI,GHANSHYAMPAR,GHANSHYAMPAR,36,267
SURENDRANAGAR,LIMBDI,HADALA,HADALA,42,1836
SURENDRANAGAR,LIMBDI,JAKHAN,JAKHAN,32,392
SURENDRANAGAR,LIMBDI,JALAMPAR,JALAMPAR,1,818
SURENDRANAGAR,LIMBDI,JALIYALA,JALIYALA,32,173
SURENDRANAGAR,LIMBDI,JAMBU,JAMBU,3,1960
SURENDRANAGAR,LIMBDI,JANSALI,JANSALI,25,615
SURENDRANAGAR,LIMBDI,JASAPAR,JASAPAR,12,202
SURENDRANAGAR,LIMBDI,JASMATPAR,JASMATPAR,3,196
SURENDRANAGAR,LIMBDI,KAMALPAR,KAMALPAR,8,673
SURENDRANAGAR,LIMBDI,KATARIYA,KATARIYA,55,421
SURENDRANAGAR,LIMBDI,KHAMBHLAV,KHAMBHLAV,41,863
SURENDRANAGAR,LIMBDI,LAXMISAR,LAXMISAR,7,3235
SURENDRANAGAR,LIMBDI,LIYAD,LIYAD,31,315
SURENDRANAGAR,LIMBDI,MOTA TIMBLA,MOTATIMBLA,30,523
SURENDRANAGAR,LIMBDI,MOTI KATHECHI,MOTIKATHECHI,31,553
SURENDRANAGAR,LIMBDI,MULBAVLA,MULBAVLA,59,459
SURENDRANAGAR,LIMBDI,NANA TIMBLA,NANATIMBLA,37,348
SURENDRANAGAR,LIMBDI,NANI KATHECHI,NANIKATHECHI,36,800
SURENDRANAGAR,LIMBDI,NATWARGADH,NATWARGADH,18,483
SURENDRANAGAR,LIMBDI,PANDRI,PANDRI,14,174
SURENDRANAGAR,LIMBDI,PANSHINA,PANSHINA,57,1843
SURENDRANAGAR,LIMBDI,PARALI,PARALI,44,513
SURENDRANAGAR,LIMBDI,PARNALA,PARNALA,20,1001
SURENDRANAGAR,LIMBDI,RALOL,RALOL,21,1963
SURENDRANAGAR,LIMBDI,RAMRAJPAR,RAMRAJPAR,29,519
SURENDRANAGAR,LIMBDI,RANAGADH,RANAGADH,60,1389
SURENDRANAGAR,LIMBDI,RASKA,RASKA,17,836
SURENDRANAGAR,LIMBDI,ROJASAR,ROJASAR,40,460
SURENDRANAGAR,LIMBDI,SAMLA,SAMLA,18,750
SURENDRANAGAR,LIMBDI,SAUKA,SAUKA,20,793
SURENDRANAGAR,LIMBDI,SHIYANI,SHIYANI,137,2258
SURENDRANAGAR,LIMBDI,TOKRALA,TOKRALA,52,587
SURENDRANAGAR,LIMBDI,UGHAL,UGHAL,7,160
SURENDRANAGAR,LIMBDI,UMEDPUR,UMEDPUR,22,335
SURENDRANAGAR,LIMBDI,UNTADI,UNTADI,29,717
SURENDRANAGAR,LIMBDI,VAKHATPAR,VAKHATPAR,7,97
SURENDRANAGAR,LIMBDI,ZAMDI,ZAMDI,11,186
SURENDRANAGAR,MULI,AMBARDI,AMBARDI,3,91
SURENDRANAGAR,MULI,ASUNDARLI,ASUNDARLI,6,256
SURENDRANAGAR,MULI,BHAVANIGADH,BHAVANIGADH,3,205
SURENDRANAGAR,MULI,BHET,BHET,2,285
SURENDRANAGAR,MULI,CHANDRELIYA,CHANDRELIYA,19,88
SURENDRANAGAR,MULI,CHANPAR,CHANPAR,3,536
SURENDRANAGAR,MULI,DADHOLIYA,DADHOLIYA,6,453
SURENDRANAGAR,MULI,DANAWADA,DANAWADA,11,1046
SURENDRANAGAR,MULI,DEVPARA,DEVPARA,4,100
SURENDRANAGAR,MULI,DHARMENDRAGADH,DHARMENDRAGADH,39,943
SURENDRANAGAR,MULI,DHOLIYA,DHOLIYA,4,197
SURENDRANAGAR,MULI,DIGSAR,DIGSAR,9,769
SURENDRANAGAR,MULI,DUDHALI,DUDHALI,12,609
SURENDRANAGAR,MULI,GADHAD,GADHAD,10,591
SURENDRANAGAR,MULI,GADHADA,GADHADA,19,439
SURENDRANAGAR,MULI,GAUTAMGADH,GAUTAMGADH,8,858
SURENDRANAGAR,MULI,GODAVARI,GODAVARI,37,572
SURENDRANAGAR,MULI,HEMATPAR,HEMATPAR,10,591
SURENDRANAGAR,MULI,JASAPAR,JASAPAR,7,622
SURENDRANAGAR,MULI,JEPAR,JEPAR,14,133
SURENDRANAGAR,MULI,KALMAD,KALMAD,16,597
SURENDRANAGAR,MULI,KARSANGADH,KARSANGADH,1,17
SURENDRANAGAR,MULI,KHAKHARATHAL,KHAKHARATHAL,15,194
SURENDRANAGAR,MULI,KHAKHRALA,KHAKHRALA,11,281
SURENDRANAGAR,MULI,KHAMPALIYA,KHAMPALIYA,6,178
SURENDRANAGAR,MULI,KHATDI,KHATDI,2,517
SURENDRANAGAR,MULI,KUKDA,KUKDA,9,656
SURENDRANAGAR,MULI,KUNTALPUR,KUNTALPUR,4,2328
SURENDRANAGAR,MULI,LIMLI,LIMLI,11,828
SURENDRANAGAR,MULI,LIYA,LIYA,6,571
SURENDRANAGAR,MULI,MAHADEVGADH,MAHADEVGADH,8,208
SURENDRANAGAR,MULI,MANPAR,MANPAR,10,225
SURENDRANAGAR,MULI,MULI,MULI,215,3416
SURENDRANAGAR,MULI,NALDHARI,NALDHARI,1,213
SURENDRANAGAR,MULI,NALIYA,NALIYA,27,818
SURENDRANAGAR,MULI,NALKHAMBHA,NALKHAMBHA,1,154
SURENDRANAGAR,MULI,NAVANIYA,NAVANIYA,7,2070
SURENDRANAGAR,MULI,PALASA,PALASA,21,306
SURENDRANAGAR,MULI,PANDAVARA,PANDAVARA,10,596
SURENDRANAGAR,MULI,RAMPAR,RAMPAR,5,101
SURENDRANAGAR,MULI,RAMPARDA,RAMPARDA,2,917
SURENDRANAGAR,MULI,RANIPAT,RANIPAT,12,166
SURENDRANAGAR,MULI,RAYSANGPAR,RAYSANGPAR,9,2847
SURENDRANAGAR,MULI,SANGADHRA,SANGADHRA,9,247
SURENDRANAGAR,MULI,SARA,SARA,28,1298
SURENDRANAGAR,MULI,SARLA,SARLA,87,2173
SURENDRANAGAR,MULI,SHEKHPAR,SHEKHPAR,20,544
SURENDRANAGAR,MULI,SIDHSAR,SIDHSAR,4,218
SURENDRANAGAR,MULI,SOMASAR,SOMASAR,55,409
SURENDRANAGAR,MULI,SUJANGADH,SUJANGADH,29,287
SURENDRANAGAR,MULI,TIDANA,TIDANA,20,363
SURENDRANAGAR,MULI,TIKAR,TIKAR,48,952
SURENDRANAGAR,MULI,UMARDA,UMARDA,39,944
SURENDRANAGAR,MULI,VADADHRA,VADADHRA,12,312
SURENDRANAGAR,MULI,VAGADIYA,VAGADIYA,20,137
SURENDRANAGAR,MULI,VELALA (DHRANGADHRA),VELALADHRANGADHRA,20,1143
SURENDRANAGAR,MULI,VELALA (SAYLA),VELALASAYLA,1,101
SURENDRANAGAR,MULI,VIRPAR,VIRPAR,7,196
SURENDRANAGAR,SAYLA,ADALA,ADALA,7,90
SURENDRANAGAR,SAYLA,AYA,AYA,12,145
SURENDRANAGAR,SAYLA,BHADUKA,BHADUKA,12,433
SURENDRANAGAR,SAYLA,BRAHMAPUR (VANKI),BRAHMAPURVANKI,6,65
SURENDRANAGAR,SAYLA,CHHADIYALI,CHHADIYALI,9,137
SURENDRANAGAR,SAYLA,CHITRALANK,CHITRALANK,16,103
SURENDRANAGAR,SAYLA,CHORVIRA (D),CHORVIRAD,18,141
SURENDRANAGAR,SAYLA,CHORVIRA (THAN),CHORVIRATHAN,10,561
SURENDRANAGAR,SAYLA,DHAJALA,DHAJALA,22,216
SURENDRANAGAR,SAYLA,DHAMRASALA,DHAMRASALA,8,129
SURENDRANAGAR,SAYLA,DHANDHALPUR,DHANDHALPUR,31,295
SURENDRANAGAR,SAYLA,DHANKANIYA,DHANKANIYA,5,114
SURENDRANAGAR,SAYLA,DHARADUNGRI,DHARADUNGRI,6,188
SURENDRANAGAR,SAYLA,DHEDHUKI,DHEDHUKI,14,155
SURENDRANAGAR,SAYLA,DHINKWALI,DHINKWALI,3,125
SURENDRANAGAR,SAYLA,DOLIYA,DOLIYA,12,471
SURENDRANAGAR,SAYLA,GADHSHIRVANIYA,GADHSHIRVANIYA,4,96
SURENDRANAGAR,SAYLA,GANGAJAL,GANGAJAL,12,102
SURENDRANAGAR,SAYLA,GARAMBHADI,GARAMBHADI,28,210
SURENDRANAGAR,SAYLA,GORAIYA,GORAIYA,21,134
SURENDRANAGAR,SAYLA,GOSAL,GOSAL,32,440
SURENDRANAGAR,SAYLA,GUNDIYAVADA,GUNDIYAVADA,4,247
SURENDRANAGAR,SAYLA,HADALA,HADALA,14,119
SURENDRANAGAR,SAYLA,ISHVARIYA,ISHVARIYA,6,140
SURENDRANAGAR,SAYLA,JUNA JASHAPAR,JUNAJASHAPAR,15,157
SURENDRANAGAR,SAYLA,KANPUR,KANPUR,9,137
SURENDRANAGAR,SAYLA,KANSALA,KANSALA,4,73
SURENDRANAGAR,SAYLA,KARADI,KARADI,5,37
SURENDRANAGAR,SAYLA,KASHIPARA,KASHIPARA,6,127
SURENDRANAGAR,SAYLA,KESARPAR,KESARPAR,3,53
SURENDRANAGAR,SAYLA,KESWALI,KESWALI,28,110
SURENDRANAGAR,SAYLA,KHINTLA,KHINTLA,8,296
SURENDRANAGAR,SAYLA,KOTDA,KOTDA,1,130
SURENDRANAGAR,SAYLA,LAKHAVAD,LAKHAVAD,16,287
SURENDRANAGAR,SAYLA,LIMBALA,LIMBALA,4,153
SURENDRANAGAR,SAYLA,LOYA,LOYA,18,237
SURENDRANAGAR,SAYLA,MADARGADH,MADARGADH,1,108
SURENDRANAGAR,SAYLA,MANGALKUI,MANGALKUI,6,41
SURENDRANAGAR,SAYLA,MORSAL,MORSAL,5,93
SURENDRANAGAR,SAYLA,MOTA BHADLA,MOTABHADLA,8,198
SURENDRANAGAR,SAYLA,MOTA KERALA,MOTAKERALA,6,309
SURENDRANAGAR,SAYLA,MOTA SAKHPAR,MOTASAKHPAR,2,86
SURENDRANAGAR,SAYLA,NADALA (DEVGADH),NADALADEVGADH,30,475
SURENDRANAGAR,SAYLA,NAGADKA,NAGADKA,14,748
SURENDRANAGAR,SAYLA,NANA HARANIYA,NANAHARANIYA,9,112
SURENDRANAGAR,SAYLA,NANA MATRA,NANAMATRA,21,122
SURENDRANAGAR,SAYLA,NATHUPARA,NATHUPARA,5,21
SURENDRANAGAR,SAYLA,NAVA JASHAPAR,NAVAJASHAPAR,24,663
SURENDRANAGAR,SAYLA,NAVA SUDAMDA,NAVASUDAMDA,21,371
SURENDRANAGAR,SAYLA,NAVAGAM,NAVAGAM,8,116
SURENDRANAGAR,SAYLA,NINAMA,NINAMA,27,247
SURENDRANAGAR,SAYLA,NOLI,NOLI,8,584
SURENDRANAGAR,SAYLA,ORI,ORI,21,358
SURENDRANAGAR,SAYLA,OVANGADH,OVANGADH,19,150
SURENDRANAGAR,SAYLA,PIPALIYA,PIPALIYA,7,34
SURENDRANAGAR,SAYLA,RATADKI,RATADKI,16,226
SURENDRANAGAR,SAYLA,RATANPAR,RATANPAR,15,113
SURENDRANAGAR,SAYLA,SAMADHIYALA,SAMADHIYALA,23,422
SURENDRANAGAR,SAYLA,SAMATPAR,SAMATPAR,22,138
SURENDRANAGAR,SAYLA,SANGOI,SANGOI,7,198
SURENDRANAGAR,SAYLA,SAYLA,SAYLA,365,2960
SURENDRANAGAR,SAYLA,SEJAKPAR,SEJAKPAR,14,671
SURENDRANAGAR,SAYLA,SEKHDOD,SEKHDOD,14,109
SURENDRANAGAR,SAYLA,SHAPAR,SHAPAR,18,125
SURENDRANAGAR,SAYLA,SHIRVANIYA,SHIRVANIYA,28,301
SURENDRANAGAR,SAYLA,SITAGADH,SITAGADH,6,105
SURENDRANAGAR,SAYLA,SOKHADA,SOKHADA,15,160
SURENDRANAGAR,SAYLA,SONPARI,SONPARI,10,47
SURENDRANAGAR,SAYLA,SORIMBHDA,SORIMBHDA,4,91
SURENDRANAGAR,SAYLA,SUDAMDA,SUDAMDA,210,1031
SURENDRANAGAR,SAYLA,THORIYALI,THORIYALI,69,246
SURENDRANAGAR,SAYLA,TITODA,TITODA,26,88
SURENDRANAGAR,SAYLA,VADIYA,VADIYA,3,167
SURENDRANAGAR,SAYLA,VAKHATPAR,VAKHATPAR,17,526
SURENDRANAGAR,SAYLA,VANTA VACHH,VANTAVACHH,60,274
SURENDRANAGAR,WADHWAN,ADHELI,ADHELI,9,137
SURENDRANAGAR,WADHWAN,ANINDRA,ANINDRA,12,810
SURENDRANAGAR,WADHWAN,BAKARTHALI,BAKARTHALI,6,303
SURENDRANAGAR,WADHWAN,BALA,BALA,17,704
SURENDRANAGAR,WADHWAN,BALDANA,BALDANA,69,1275
SURENDRANAGAR,WADHWAN,BHADIYAD,BHADIYAD,15,301
SURENDRANAGAR,WADHWAN,BHADRESHI,BHADRESHI,15,737
SURENDRANAGAR,WADHWAN,CHAMARAJ,CHAMARAJ,9,433
SURENDRANAGAR,WADHWAN,DEDADARA,DEDADARA,77,2103
SURENDRANAGAR,WADHWAN,FULGRAM,FULGRAM,48,425
SURENDRANAGAR,WADHWAN,GOMTA,GOMTA,7,324
SURENDRANAGAR,WADHWAN,GUNDIYALA,GUNDIYALA,23,573
SURENDRANAGAR,WADHWAN,KARANGADH,KARANGADH,12,259
SURENDRANAGAR,WADHWAN,KARIYANI,KARIYANI,12,168
SURENDRANAGAR,WADHWAN,KATUDA,KATUDA,14,863
SURENDRANAGAR,WADHWAN,KHAJELI,KHAJELI,11,220
SURENDRANAGAR,WADHWAN,KHAMISANA,KHAMISANA,7,1061
SURENDRANAGAR,WADHWAN,KHARVA,KHARVA,42,1308
SURENDRANAGAR,WADHWAN,KHERALI,KHERALI,26,743
SURENDRANAGAR,WADHWAN,KHODU,KHODU,13,1929
SURENDRANAGAR,WADHWAN,KHOLADIAD,KHOLADIAD,12,619
SURENDRANAGAR,WADHWAN,KOTHARIYA,KOTHARIYA,61,2031
SURENDRANAGAR,WADHWAN,LATUDA,LATUDA,18,402
SURENDRANAGAR,WADHWAN,MADHAD (MULI),MADHADMULI,2,104
SURENDRANAGAR,WADHWAN,MADHAD (WADHWAN),MADHADWADHWAN,18,132
SURENDRANAGAR,WADHWAN,MALOD,MALOD,44,587
SURENDRANAGAR,WADHWAN,MEMKA,MEMKA,49,1257
SURENDRANAGAR,WADHWAN,MULCHAND,MULCHAND,15,403
SURENDRANAGAR,WADHWAN,MUNJPUR (PARMAR),MUNJPURPARMAR,17,381
SURENDRANAGAR,WADHWAN,NAGARA,NAGARA,14,914
SURENDRANAGAR,WADHWAN,NANA KERALA,NANAKERALA,58,337
SURENDRANAGAR,WADHWAN,PRANGADH,PRANGADH,8,542
SURENDRANAGAR,WADHWAN,RAI,RAI,7,164
SURENDRANAGAR,WADHWAN,RAJPAR,RAJPAR,20,2242
SURENDRANAGAR,WADHWAN,RAMPARA,RAMPARA,26,2159
SURENDRANAGAR,WADHWAN,RUPAVATI,RUPAVATI,4,1742
SURENDRANAGAR,WADHWAN,SANKALI,SANKALI,27,449
SURENDRANAGAR,WADHWAN,TIMBA,TIMBA,81,431
SURENDRANAGAR,WADHWAN,TUVA,TUVA,17,415
SURENDRANAGAR,WADHWAN,VADALA,VADALA,50,367
SURENDRANAGAR,WADHWAN,VADOD,VADOD,8,666
SURENDRANAGAR,WADHWAN,VAGHELA,VAGHELA,13,374
SURENDRANAGAR,WADHWAN,VASTADI,VASTADI,20,3409
SURENDRANAGAR,WADHWAN,VELAVADAR,VELAVADAR,24,1114
SURENDRANAGAR,WADHWAN,ZAMPODAD,ZAMPODAD,23,348
TAPI,NIZAR,ADADA,ADADA,17,84
TAPI,NIZAR,AKKALUTAR,AKKALUTAR,2,5
TAPI,NIZAR,AMODE TARFE SATONE,AMODETARFESATONE,5,208
TAPI,NIZAR,ANTRULI,ANTRULI,35,121
TAPI,NIZAR,ASHAPUR,ASHAPUR,3,28
TAPI,NIZAR,ASHRAVA,ASHRAVA,8,46
TAPI,NIZAR,ASTE TARFE BUDHAVAL,ASTETARFEBUDHAVAL,19,63
TAPI,NIZAR,BAHURUPE,BAHURUPE,13,131
TAPI,NIZAR,BALAMBE,BALAMBE,4,38
TAPI,NIZAR,BALDE,BALDE,43,137
TAPI,NIZAR,BEJ,BEJ,2,133
TAPI,NIZAR,BHAMSAL,BHAMSAL,6,66
TAPI,NIZAR,BHIL BHAVALI,BHILBHAVALI,16,89
TAPI,NIZAR,BHIL JAMBOLI,BHILJAMBOLI,44,120
TAPI,NIZAR,BORDE,BORDE,17,449
TAPI,NIZAR,BORIKUWA,BORIKUWA,10,59
TAPI,NIZAR,CHINCHODA,CHINCHODA,18,92
TAPI,NIZAR,CHIRMATI,CHIRMATI,5,31
TAPI,NIZAR,CHOKHIAMLI,CHOKHIAMLI,2,6
TAPI,NIZAR,DABRIAMBA,DABRIAMBA,7,121
TAPI,NIZAR,DEVALA,DEVALA,47,112
TAPI,NIZAR,FULWADI,FULWADI,23,635
TAPI,NIZAR,GADID,GADID,4,44
TAPI,NIZAR,GAMDI,GAMDI,9,40
TAPI,NIZAR,GANGTHA,GANGTHA,17,175
TAPI,NIZAR,GORASA,GORASA,23,62
TAPI,NIZAR,GUJARPUR,GUJARPUR,8,36
TAPI,NIZAR,HARDULI DIGAR,HARDULIDIGAR,23,95
TAPI,NIZAR,HATHNUR DIGAR,HATHNURDIGAR,1,236
TAPI,NIZAR,HATHODE,HATHODE,29,78
TAPI,NIZAR,HINGNI-DIGAR,HINGNIDIGAR,11,88
TAPI,NIZAR,HOL,HOL,2,32
TAPI,NIZAR,ITWAI,ITWAI,4,93
TAPI,NIZAR,JHAPAMPI-ALIAS JHAMP,JHAPAMPIALIASJHAMP,6,108
TAPI,NIZAR,JHUMKATHI,JHUMKATHI,13,23
TAPI,NIZAR,KELANI,KELANI,5,72
TAPI,NIZAR,KEVDAMOI,KEVDAMOI,5,47
TAPI,NIZAR,KHODADA,KHODADA,11,118
TAPI,NIZAR,KONDRAJ,KONDRAJ,15,61
TAPI,NIZAR,KOTHLI BUDRAK,KOTHLIBUDRAK,6,163
TAPI,NIZAR,KUKARMUNDA,KUKARMUNDA,19,95
TAPI,NIZAR,LAKSHMI KHEDA,LAKSHMIKHEDA,27,75
TAPI,NIZAR,LEKURVADI,LEKURVADI,2,27
TAPI,NIZAR,MATAVAL,MATAVAL,18,72
TAPI,NIZAR,MEDHPUR,MEDHPUR,4,78
TAPI,NIZAR,MODALE,MODALE,9,65
TAPI,NIZAR,MORAMBA,MORAMBA,10,181
TAPI,NIZAR,MUBARAKPUR,MUBARAKPUR,10,114
TAPI,NIZAR,NEVALE,NEVALE,12,62
TAPI,NIZAR,NIMBHORE,NIMBHORE,26,133
TAPI,NIZAR,NIZAR,NIZAR,41,323
TAPI,NIZAR,PAROD,PAROD,3,96
TAPI,NIZAR,PATI,PATI,6,75
TAPI,NIZAR,PATIPADA,PATIPADA,12,192
TAPI,NIZAR,PIMLAS,PIMLAS,5,36
TAPI,NIZAR,PIPLOD TARFE -NIZAR,PIPLODTARFENIZAR,21,132
TAPI,NIZAR,PISHAVAR,PISHAVAR,15,126
TAPI,NIZAR,RAJPUR,RAJPUR,11,60
TAPI,NIZAR,RANAICHI,RANAICHI,4,90
TAPI,NIZAR,RAYGADH,RAYGADH,26,529
TAPI,NIZAR,SADAGVAN,SADAGVAN,9,144
TAPI,NIZAR,SARVALE,SARVALE,21,122
TAPI,NIZAR,SATOLA,SATOLA,4,42
TAPI,NIZAR,SAYLA,SAYLA,15,85
TAPI,NIZAR,SHELU,SHELU,12,48
TAPI,NIZAR,SULVADE,SULVADE,7,60
TAPI,NIZAR,TORANDA,TORANDA,7,109
TAPI,NIZAR,TULSE,TULSE,10,98
TAPI,NIZAR,UBHAD,UBHAD,15,58
TAPI,NIZAR,UMJA,UMJA,3,53
TAPI,NIZAR,UNTAVAD,UNTAVAD,5,43
TAPI,NIZAR,VANKA,VANKA,11,183
TAPI,NIZAR,VARPADA,VARPADA,10,43
TAPI,NIZAR,VELDA,VELDA,38,463
TAPI,NIZAR,VYAVAL,VYAVAL,26,140
TAPI,NIZAR,ZIRIBEDA,ZIRIBEDA,7,63
TAPI,SONGADH,ACHHALVA,ACHHALVA,2,244
TAPI,SONGADH,AGASVAN,AGASVAN,14,471
TAPI,SONGADH,AMALGUNDI,AMALGUNDI,22,329
TAPI,SONGADH,AMBA,AMBA,2,155
TAPI,SONGADH,AMLI,AMLI,1,325
TAPI,SONGADH,AMLIPADA,AMLIPADA,7,655
TAPI,SONGADH,AMTHAVA,AMTHAVA,12,42
TAPI,SONGADH,BADVAN KHADKA,BADVANKHADKA,1,96
TAPI,SONGADH,BALAMRAI,BALAMRAI,2,125
TAPI,SONGADH,BANDHARPADA,BANDHARPADA,44,223
TAPI,SONGADH,BEDI,BEDI,5,190
TAPI,SONGADH,BEDPADA,BEDPADA,17,159
TAPI,SONGADH,BEDVAN BHENSROT,BEDVANBHENSROT,3,117
TAPI,SONGADH,BEDVAN UMARDA,BEDVANUMARDA,2,157
TAPI,SONGADH,BHANPUR,BHANPUR,1,62
TAPI,SONGADH,BHARADADA,BHARADADA,10,154
TAPI,SONGADH,BHATVADA,BHATVADA,31,80
TAPI,SONGADH,BHIMPURA,BHIMPURA,16,125
TAPI,SONGADH,BHORTHAVA,BHORTHAVA,10,97
TAPI,SONGADH,BHURIVEL,BHURIVEL,2,36
TAPI,SONGADH,BODI SAVAR,BODISAVAR,19,179
TAPI,SONGADH,BORDA,BORDA,20,764
TAPI,SONGADH,BORKUVA,BORKUVA,32,210
TAPI,SONGADH,BORPADA,BORPADA,41,120
TAPI,SONGADH,CHAKALIA,CHAKALIA,23,396
TAPI,SONGADH,CHAKVAN,CHAKVAN,25,185
TAPI,SONGADH,CHAMPAVADI,CHAMPAVADI,21,158
TAPI,SONGADH,CHAPALDHARA,CHAPALDHARA,12,142
TAPI,SONGADH,CHIKHALAPADA,CHIKHALAPADA,5,36
TAPI,SONGADH,CHIKHLI BHENSROT,CHIKHLIBHENSROT,3,199
TAPI,SONGADH,CHIKLI KHADKA,CHIKLIKHADKA,17,211
TAPI,SONGADH,CHIMER,CHIMER,10,218
TAPI,SONGADH,CHIMKUVA,CHIMKUVA,11,202
TAPI,SONGADH,CHORVAD,CHORVAD,60,473
TAPI,SONGADH,DARDI,DARDI,14,37
TAPI,SONGADH,DEVALPADA,DEVALPADA,24,125
TAPI,SONGADH,DHAJAMBA,DHAJAMBA,3,447
TAPI,SONGADH,DHAMODI,DHAMODI,36,621
TAPI,SONGADH,DHANMAULI,DHANMAULI,16,114
TAPI,SONGADH,DON,DON,13,118
TAPI,SONGADH,DOSVADA,DOSVADA,79,703
TAPI,SONGADH,DUMDA,DUMDA,12,431
TAPI,SONGADH,EKVA GOLAN,EKVAGOLAN,2,26
TAPI,SONGADH,GALKHADI,GALKHADI,3,115
TAPI,SONGADH,GALKUVA,GALKUVA,26,2269
TAPI,SONGADH,GALSAVAR,GALSAVAR,2,170
TAPI,SONGADH,GATADI,GATADI,19,141
TAPI,SONGADH,GHANCHIKUVA,GHANCHIKUVA,23,100
TAPI,SONGADH,GHASIYA MEDHA,GHASIYAMEDHA,39,269
TAPI,SONGADH,GHODA,GHODA,9,440
TAPI,SONGADH,GHODCHIT,GHODCHIT,35,323
TAPI,SONGADH,GHODI RUVALI,GHODIRUVALI,7,52
TAPI,SONGADH,GHUNTVEL,GHUNTVEL,24,120
TAPI,SONGADH,GOLAN,GOLAN,8,35
TAPI,SONGADH,GOPALPURA,GOPALPURA,58,223
TAPI,SONGADH,GUNKHADI,GUNKHADI,34,199
TAPI,SONGADH,GUNSADA,GUNSADA,8,504
TAPI,SONGADH,HANMANTIYA,HANMANTIYA,13,256
TAPI,SONGADH,HINDLA,HINDLA,10,75
TAPI,SONGADH,HIRAVADI,HIRAVADI,23,207
TAPI,SONGADH,JAMAPUR,JAMAPUR,4,248
TAPI,SONGADH,JAMKHADI,JAMKHADI,40,237
TAPI,SONGADH,JHADPATI,JHADPATI,3,151
TAPI,SONGADH,JHARALI,JHARALI,4,135
TAPI,SONGADH,JUNVAN,JUNVAN,12,291
TAPI,SONGADH,KAKAD KUVA,KAKADKUVA,2,891
TAPI,SONGADH,KAKAD KUVA UMARDA,KAKADKUVAUMARDA,2,138
TAPI,SONGADH,KALAGHAT,KALAGHAT,10,182
TAPI,SONGADH,KANALA,KANALA,20,199
TAPI,SONGADH,KANHADEVI,KANHADEVI,1,66
TAPI,SONGADH,KANJI,KANJI,22,132
TAPI,SONGADH,KANTI,KANTI,5,24
TAPI,SONGADH,KAPADBANDH,KAPADBANDH,19,80
TAPI,SONGADH,KARVANDA,KARVANDA,12,53
TAPI,SONGADH,KAVLA,KAVLA,14,157
TAPI,SONGADH,KELAI,KELAI,6,296
TAPI,SONGADH,KHADI,KHADI,10,39
TAPI,SONGADH,KHAMBHALA,KHAMBHALA,12,201
TAPI,SONGADH,KHANJAR,KHANJAR,48,373
TAPI,SONGADH,KHAPATIA,KHAPATIA,13,40
TAPI,SONGADH,KHARSI,KHARSI,17,225
TAPI,SONGADH,KHERVADA,KHERVADA,43,134
TAPI,SONGADH,KHOGAL GAM,KHOGALGAM,17,87
TAPI,SONGADH,KHOKHSA,KHOKHSA,2,62
TAPI,SONGADH,KIKAKUI,KIKAKUI,30,440
TAPI,SONGADH,KUKADJHAR,KUKADJHAR,5,86
TAPI,SONGADH,KUKRADUNGRI,KUKRADUNGRI,6,92
TAPI,SONGADH,KUMKUVA,KUMKUVA,27,199
TAPI,SONGADH,LANGAD,LANGAD,8,47
TAPI,SONGADH,LAVCHALI,LAVCHALI,12,48
TAPI,SONGADH,LIMBI,LIMBI,34,95
TAPI,SONGADH,MAHUDI,MAHUDI,12,141
TAPI,SONGADH,MAIYALI,MAIYALI,30,196
TAPI,SONGADH,MAL,MAL,1,125
TAPI,SONGADH,MALANGDEV,MALANGDEV,14,239
TAPI,SONGADH,MANDAL,MANDAL,14,450
TAPI,SONGADH,MASANPADA,MASANPADA,14,133
TAPI,SONGADH,MEDHA,MEDHA,47,200
TAPI,SONGADH,MEDHSINGI,MEDHSINGI,33,192
TAPI,SONGADH,MOHPADA(MALANGDEV),MOHPADAMALANGDEV,4,6
TAPI,SONGADH,MONGHVAN,MONGHVAN,24,388
TAPI,SONGADH,MOTA SATSILA,MOTASATSILA,4,34
TAPI,SONGADH,MOTA TARPADA,MOTATARPADA,32,142
TAPI,SONGADH,MOTI BHURVAN,MOTIBHURVAN,1,30
TAPI,SONGADH,MOTI KHERVAN,MOTIKHERVAN,17,283
TAPI,SONGADH,NANA BANDHARPADA,NANABANDHARPADA,3,120
TAPI,SONGADH,NANA TARPADA,NANATARPADA,7,23
TAPI,SONGADH,NANI BHURVAN,NANIBHURVAN,2,51
TAPI,SONGADH,NANI KHERVAN,NANIKHERVAN,5,195
TAPI,SONGADH,NINDVADA,NINDVADA,30,84
TAPI,SONGADH,NISHANA,NISHANA,7,391
TAPI,SONGADH,OJHAR,OJHAR,13,54
TAPI,SONGADH,OTATOKARVA,OTATOKARVA,1,18
TAPI,SONGADH,OTTA,OTTA,13,180
TAPI,SONGADH,PAHADADA,PAHADADA,9,146
TAPI,SONGADH,PANCH PIPLA,PANCHPIPLA,10,191
TAPI,SONGADH,PATHARDA,PATHARDA,12,146
TAPI,SONGADH,PIPALKUVA,PIPALKUVA,7,456
TAPI,SONGADH,POKHRAN,POKHRAN,47,229
TAPI,SONGADH,RAMPURA KANADEVI,RAMPURAKANADEVI,3,83
TAPI,SONGADH,RAMPURA KOTHAR,RAMPURAKOTHAR,1,68
TAPI,SONGADH,RANIAMBA,RANIAMBA,10,224
TAPI,SONGADH,RASMATI,RASMATI,11,51
TAPI,SONGADH,RUPVADA,RUPVADA,22,139
TAPI,SONGADH,SADADKUVA,SADADKUVA,2,213
TAPI,SONGADH,SADADUN,SADADUN,9,150
TAPI,SONGADH,SADADVEL,SADADVEL,10,157
TAPI,SONGADH,SAMARKUVA,SAMARKUVA,19,73
TAPI,SONGADH,SANDHKUVA,SANDHKUVA,22,154
TAPI,SONGADH,SARJAMLI,SARJAMLI,14,32
TAPI,SONGADH,SELJHAR,SELJHAR,12,34
TAPI,SONGADH,SHRAVANIYA,SHRAVANIYA,17,92
TAPI,SONGADH,SINAND,SINAND,3,112
TAPI,SONGADH,SINGAL KHANCH,SINGALKHANCH,7,60
TAPI,SONGADH,SINGALVAN,SINGALVAN,7,55
TAPI,SONGADH,SINGPUR,SINGPUR,33,713
TAPI,SONGADH,SIRASPADA,SIRASPADA,20,82
TAPI,SONGADH,SISOR,SISOR,14,399
TAPI,SONGADH,TAPARVADA,TAPARVADA,24,230
TAPI,SONGADH,TARSADI,TARSADI,4,196
TAPI,SONGADH,TEMKA,TEMKA,25,126
TAPI,SONGADH,TICHAKIA,TICHAKIA,10,109
TAPI,SONGADH,TOKARVA (SEGUPADA),TOKARVASEGUPADA,23,651
TAPI,SONGADH,UKHALDA,UKHALDA,3,383
TAPI,SONGADH,UMARDA,UMARDA,31,79
TAPI,SONGADH,VADDA BHENSROT,VADDABHENSROT,27,159
TAPI,SONGADH,VADI BHENSROT,VADIBHENSROT,12,391
TAPI,SONGADH,VADIRUPGADH,VADIRUPGADH,20,348
TAPI,SONGADH,VADPADA TOKARVA,VADPADATOKARVA,1,85
TAPI,SONGADH,VADPADA UMARDA,VADPADAUMARDA,2,209
TAPI,SONGADH,VAGDA,VAGDA,4,91
TAPI,SONGADH,VAGHNERA,VAGHNERA,3,317
TAPI,SONGADH,VAJHARDA,VAJHARDA,5,342
TAPI,SONGADH,VANJHAFALI,VANJHAFALI,6,86
TAPI,SONGADH,VEKUR,VEKUR,5,162
TAPI,SONGADH,VELJHAR,VELJHAR,3,253
TAPI,SONGADH,VIRTHAVA,VIRTHAVA,7,51
TAPI,UCHCHHAL,ABHANKUVA,ABHANKUVA,6,71
TAPI,UCHCHHAL,ANANDPUR,ANANDPUR,17,90
TAPI,UCHCHHAL,BABARGHAT,BABARGHAT,26,90
TAPI,UCHCHHAL,BHAD BHUNJA,BHADBHUNJA,28,128
TAPI,UCHCHHAL,BHINTBUDRAK,BHINTBUDRAK,22,80
TAPI,UCHCHHAL,BHINTKHURD,BHINTKHURD,4,1
TAPI,UCHCHHAL,CHANDAPUR,CHANDAPUR,6,11
TAPI,UCHCHHAL,CHHAPTI,CHHAPTI,17,78
TAPI,UCHCHHAL,DHAJ,DHAJ,6,27
TAPI,UCHCHHAL,FUL-UMRAN,FULUMRAN,37,351
TAPI,UCHCHHAL,GAVAN,GAVAN,13,194
TAPI,UCHCHHAL,HARIPUR,HARIPUR,28,120
TAPI,UCHCHHAL,JAMKI,JAMKI,23,72
TAPI,UCHCHHAL,JAMVAV,JAMVAV,1,28
TAPI,UCHCHHAL,JHARANPADA,JHARANPADA,13,66
TAPI,UCHCHHAL,KAROD,KAROD,13,620
TAPI,UCHCHHAL,KATASWAN,KATASWAN,13,101
TAPI,UCHCHHAL,KHABDA,KHABDA,7,48
TAPI,UCHCHHAL,MANEKPUR,MANEKPUR,30,72
TAPI,UCHCHHAL,MIRKOT,MIRKOT,43,418
TAPI,UCHCHHAL,MOGARBARA,MOGARBARA,1,1
TAPI,UCHCHHAL,MOHINI,MOHINI,4,573
TAPI,UCHCHHAL,MOHPADA,MOHPADA,1,13
TAPI,UCHCHHAL,PANKHRI,PANKHRI,31,74
TAPI,UCHCHHAL,PARCHULI,PARCHULI,4,44
TAPI,UCHCHHAL,PATI-BANDHARA,PATIBANDHARA,42,380
TAPI,UCHCHHAL,SAKARDA,SAKARDA,18,54
TAPI,UCHCHHAL,SASE,SASE,5,32
TAPI,UCHCHHAL,SELUD,SELUD,19,86
TAPI,UCHCHHAL,SEVTI,SEVTI,29,223
TAPI,UCHCHHAL,SUNDARPUR,SUNDARPUR,25,93
TAPI,UCHCHHAL,THUTI,THUTI,8,53
TAPI,UCHCHHAL,UCHCHHAL,UCHCHHAL,65,106
TAPI,UCHCHHAL,VADPADA(NESU),VADPADANESU,9,246
TAPI,UCHCHHAL,VAGHSEPA MOTA,VAGHSEPAMOTA,3,12
TAPI,UCHCHHAL,VAGHSEPA NANA,VAGHSEPANANA,1,3
TAPI,VALOD,ADYAPOR,ADYAPOR,13,191
TAPI,VALOD,ALGAT,ALGAT,39,501
TAPI,VALOD,AMBACH,AMBACH,42,646
TAPI,VALOD,ANDHATRI,ANDHATRI,58,717
TAPI,VALOD,BAHEJ,BAHEJ,9,47
TAPI,VALOD,BEDKUVA,BEDKUVA,17,488
TAPI,VALOD,BELDHA,BELDHA,2,158
TAPI,VALOD,BHIMPOR,BHIMPOR,11,233
TAPI,VALOD,BUHARI,BUHARI,51,621
TAPI,VALOD,BUTWADA,BUTWADA,40,495
TAPI,VALOD,DADARIYA,DADARIYA,43,310
TAPI,VALOD,DEGAMA,DEGAMA,70,1878
TAPI,VALOD,DELWADA,DELWADA,27,307
TAPI,VALOD,DHAMODLA,DHAMODLA,16,446
TAPI,VALOD,DUMKHAL,DUMKHAL,20,206
TAPI,VALOD,GODDHA,GODDHA,19,224
TAPI,VALOD,GOLAN,GOLAN,70,755
TAPI,VALOD,HATHUKA,HATHUKA,46,407
TAPI,VALOD,INAMA,INAMA,3,174
TAPI,VALOD,JAMANIYA,JAMANIYA,43,285
TAPI,VALOD,KAHER,KAHER,2,470
TAPI,VALOD,KALAMKUI,KALAMKUI,12,904
TAPI,VALOD,KAMALCHHOD,KAMALCHHOD,3,653
TAPI,VALOD,KANAJOD,KANAJOD,22,122
TAPI,VALOD,KHAMBHLA,KHAMBHLA,6,126
TAPI,VALOD,KOSAMBIYA,KOSAMBIYA,23,113
TAPI,VALOD,KUMBHIYA,KUMBHIYA,28,276
TAPI,VALOD,MORDEVI,MORDEVI,27,616
TAPI,VALOD,NALOTHA,NALOTHA,20,255
TAPI,VALOD,NANSAD,NANSAD,5,132
TAPI,VALOD,PELAD BUHARI,PELADBUHARI,28,377
TAPI,VALOD,RANVERI,RANVERI,94,329
TAPI,VALOD,SHAHPOR,SHAHPOR,5,158
TAPI,VALOD,SHIKER,SHIKER,36,796
TAPI,VALOD,SYADLA,SYADLA,6,440
TAPI,VALOD,TITVA,TITVA,2,446
TAPI,VALOD,TOKARVA,TOKARVA,2,101
TAPI,VALOD,VALOD,VALOD,171,1960
TAPI,VALOD,VEDCHHI,VEDCHHI,25,631
TAPI,VALOD,VIRPOR,VIRPOR,32,290
TAPI,VYARA,ACHHOPALO,ACHHOPALO,3,10
TAPI,VYARA,AMANIA,AMANIA,1,130
TAPI,VYARA,AMBAPANI,AMBAPANI,6,63
TAPI,VYARA,AMBIYA,AMBIYA,13,453
TAPI,VYARA,AMONIA,AMONIA,4,74
TAPI,VYARA,ANDHARVADI DUR,ANDHARVADIDUR,22,431
TAPI,VYARA,ANDHARVADI NAJIK,ANDHARVADINAJIK,9,671
TAPI,VYARA,ANTAPUR,ANTAPUR,55,658
TAPI,VYARA,ARKUND,ARKUND,2,100
TAPI,VYARA,BAGALPUR,BAGALPUR,16,254
TAPI,VYARA,BALPUR,BALPUR,30,485
TAPI,VYARA,BAMNAMAL DUR,BAMNAMALDUR,27,500
TAPI,VYARA,BAMNAMAL NAJIK,BAMNAMALNAJIK,23,110
TAPI,VYARA,BARDIPADA,BARDIPADA,1,241
TAPI,VYARA,BEDA RAYPURA,BEDARAYPURA,26,1149
TAPI,VYARA,BEDCHIT,BEDCHIT,39,428
TAPI,VYARA,BEDKUVA DUR,BEDKUVADUR,52,732
TAPI,VYARA,BEDKUVA NAJIK,BEDKUVANAJIK,54,405
TAPI,VYARA,BESANIYA,BESANIYA,16,1143
TAPI,VYARA,BHANAVADI,BHANAVADI,22,563
TAPI,VYARA,BHATPUR,BHATPUR,11,229
TAPI,VYARA,BHOJPUR DUR,BHOJPURDUR,10,192
TAPI,VYARA,BHOJPUR NAJIK,BHOJPURNAJIK,9,582
TAPI,VYARA,BHURIVEL,BHURIVEL,4,46
TAPI,VYARA,BIRBARA,BIRBARA,1,17
TAPI,VYARA,BORKHADI,BORKHADI,71,1396
TAPI,VYARA,BORKUTCH,BORKUTCH,11,136
TAPI,VYARA,CHAKDHARA,CHAKDHARA,14,126
TAPI,VYARA,CHAMPAVADI,CHAMPAVADI,68,900
TAPI,VYARA,CHHEVDI,CHHEVDI,4,17
TAPI,VYARA,CHHINDIA,CHHINDIA,12,408
TAPI,VYARA,CHHIRMA,CHHIRMA,2,171
TAPI,VYARA,CHICHBARDI,CHICHBARDI,4,119
TAPI,VYARA,CHIKHALDA,CHIKHALDA,17,522
TAPI,VYARA,CHIKHALVAV,CHIKHALVAV,19,489
TAPI,VYARA,CHIKHLI,CHIKHLI,22,519
TAPI,VYARA,CHUNAWADI,CHUNAWADI,26,189
TAPI,VYARA,DADAKVAN,DADAKVAN,7,241
TAPI,VYARA,DHAMANDEVI,DHAMANDEVI,9,107
TAPI,VYARA,DHANGDHAR,DHANGDHAR,3,104
TAPI,VYARA,DHANTURI,DHANTURI,22,328
TAPI,VYARA,DHARAMPURA,DHARAMPURA,2,229
TAPI,VYARA,DHAT,DHAT,27,465
TAPI,VYARA,DHOLIA UMAR,DHOLIAUMAR,6,93
TAPI,VYARA,DHOLKA,DHOLKA,2,117
TAPI,VYARA,DHONGI AMBA,DHONGIAMBA,9,35
TAPI,VYARA,DOLARA,DOLARA,37,512
TAPI,VYARA,DOLVAN,DOLVAN,186,1721
TAPI,VYARA,DUNGARDA,DUNGARDA,4,18
TAPI,VYARA,DUNGARGAM,DUNGARGAM,27,441
TAPI,VYARA,GADAT,GADAT,21,1256
TAPI,VYARA,GANGPUR,GANGPUR,9,418
TAPI,VYARA,GARPANI,GARPANI,2,60
TAPI,VYARA,GARVAN,GARVAN,4,136
TAPI,VYARA,GHANI,GHANI,21,520
TAPI,VYARA,GHATA,GHATA,22,526
TAPI,VYARA,GHERIYAVAV,GHERIYAVAV,8,447
TAPI,VYARA,HALMUNDI,HALMUNDI,7,77
TAPI,VYARA,HARIPURA,HARIPURA,1,55
TAPI,VYARA,INDU,INDU,49,312
TAPI,VYARA,JAMALIA,JAMALIA,2,72
TAPI,VYARA,JESINGPUR,JESINGPUR,32,860
TAPI,VYARA,JETVADI,JETVADI,31,319
TAPI,VYARA,JHANKHARI,JHANKHARI,9,266
TAPI,VYARA,KALA VYARA,KALAVYARA,5,282
TAPI,VYARA,KALAKVA,KALAKVA,6,988
TAPI,VYARA,KALAMKUI,KALAMKUI,5,132
TAPI,VYARA,KAMLAPOR,KAMLAPOR,6,77
TAPI,VYARA,KANDHA,KANDHA,13,222
TAPI,VYARA,KANJA,KANJA,16,269
TAPI,VYARA,KANJAN,KANJAN,21,538
TAPI,VYARA,KANPURA,KANPURA,31,498
TAPI,VYARA,KAPADVAN,KAPADVAN,8,146
TAPI,VYARA,KAPURA,KAPURA,33,1130
TAPI,VYARA,KARANJKHED,KARANJKHED,17,245
TAPI,VYARA,KARANJVEL,KARANJVEL,25,559
TAPI,VYARA,KASVAV,KASVAV,38,926
TAPI,VYARA,KATASVAN,KATASVAN,44,886
TAPI,VYARA,KATGADH,KATGADH,24,234
TAPI,VYARA,KATISKUVA DUR,KATISKUVADUR,5,367
TAPI,VYARA,KATISKUVA NAJIK,KATISKUVANAJIK,44,455
TAPI,VYARA,KATKUI,KATKUI,1,193
TAPI,VYARA,KELKUI,KELKUI,14,1067
TAPI,VYARA,KELVAN,KELVAN,3,32
TAPI,VYARA,KHANPUR,KHANPUR,10,216
TAPI,VYARA,KHOD TALAV,KHODTALAV,5,425
TAPI,VYARA,KHUNTADIYA,KHUNTADIYA,32,495
TAPI,VYARA,KHURDI,KHURDI,6,452
TAPI,VYARA,KHUSHALPURA,KHUSHALPURA,31,1114
TAPI,VYARA,KOHLI,KOHLI,15,401
TAPI,VYARA,KOSAMKUVA,KOSAMKUVA,3,87
TAPI,VYARA,KUMBHIA,KUMBHIA,31,406
TAPI,VYARA,LAKHALI,LAKHALI,7,375
TAPI,VYARA,LIMADADA,LIMADADA,16,495
TAPI,VYARA,LOTARVA,LOTARVA,20,668
TAPI,VYARA,MADAV,MADAV,13,299
TAPI,VYARA,MAGARKUI,MAGARKUI,15,923
TAPI,VYARA,MALOTHA,MALOTHA,10,182
TAPI,VYARA,MANGALIA,MANGALIA,5,177
TAPI,VYARA,MAYPUR,MAYPUR,45,479
TAPI,VYARA,MEGHPUR,MEGHPUR,9,363
TAPI,VYARA,MIRPUR,MIRPUR,6,157
TAPI,VYARA,MUSA,MUSA,37,249
TAPI,VYARA,NANA SATSILA,NANASATSILA,2,54
TAPI,VYARA,PADAM DUNGRI,PADAMDUNGRI,9,709
TAPI,VYARA,PALASIA,PALASIA,10,239
TAPI,VYARA,PALAVADI,PALAVADI,7,143
TAPI,VYARA,PANCHOL,PANCHOL,21,408
TAPI,VYARA,PANIYARI,PANIYARI,37,364
TAPI,VYARA,PANVADI,PANVADI,17,183
TAPI,VYARA,PATHAKWADI,PATHAKWADI,26,408
TAPI,VYARA,PATI,PATI,13,1089
TAPI,VYARA,PERVAD,PERVAD,14,201
TAPI,VYARA,PIPALWADA,PIPALWADA,2,123
TAPI,VYARA,PITHADARA,PITHADARA,4,357
TAPI,VYARA,RAMKUVA,RAMKUVA,7,205
TAPI,VYARA,RAMPURA DUR,RAMPURADUR,8,72
TAPI,VYARA,RAMPURA NAJIK,RAMPURANAJIK,2,103
TAPI,VYARA,RANI AMBA,RANIAMBA,5,122
TAPI,VYARA,RAYGADH,RAYGADH,10,99
TAPI,VYARA,RENGAN KUTCH,RENGANKUTCH,12,167
TAPI,VYARA,RUPWADA,RUPWADA,14,434
TAPI,VYARA,SADADVAN,SADADVAN,21,402
TAPI,VYARA,SANKLI,SANKLI,3,359
TAPI,VYARA,SARAIYA,SARAIYA,33,507
TAPI,VYARA,SARKUVA,SARKUVA,18,253
TAPI,VYARA,SHAHPUR,SHAHPUR,11,199
TAPI,VYARA,TADKUVA,TADKUVA,57,322
TAPI,VYARA,TAKIAMBA,TAKIAMBA,26,211
TAPI,VYARA,TICHAKPURA,TICHAKPURA,19,369
TAPI,VYARA,UMARKUI,UMARKUI,5,361
TAPI,VYARA,UMARKUTCH,UMARKUTCH,16,627
TAPI,VYARA,UMARKUVA,UMARKUVA,10,1008
TAPI,VYARA,UMARVAV DUR,UMARVAVDUR,18,460
TAPI,VYARA,UMARVAV NAJIK,UMARVAVNAJIK,4,441
TAPI,VYARA,UNCHAMALA,UNCHAMALA,105,1468
TAPI,VYARA,VADKUI,VADKUI,21,2842
TAPI,VYARA,VADPADA,VADPADA,7,50
TAPI,VYARA,VAGHJHARI,VAGHJHARI,12,499
TAPI,VYARA,VAGHPANI,VAGHPANI,6,99
TAPI,VYARA,VALOTHA,VALOTHA,5,33
TAPI,VYARA,VANDAR DEVI,VANDARDEVI,7,166
TAPI,VYARA,VANKLA,VANKLA,58,480
TAPI,VYARA,VANSKUI,VANSKUI,15,757
TAPI,VYARA,VARJAKHAN,VARJAKHAN,9,406
TAPI,VYARA,VELDHA,VELDHA,7,473
TAPI,VYARA,VIRPUR,VIRPUR,36,278
VADODARA,CHHOTA UDAIPUR,ACHHALA,ACHHALA,4,408
VADODARA,CHHOTA UDAIPUR,ACHHETA,ACHHETA,13,215
VADODARA,CHHOTA UDAIPUR,ALSIPUR,ALSIPUR,11,64
VADODARA,CHHOTA UDAIPUR,AMBALA,AMBALA,26,218
VADODARA,CHHOTA UDAIPUR,ANTROLI,ANTROLI,14,536
VADODARA,CHHOTA UDAIPUR,BADVAV,BADVAV,7,147
VADODARA,CHHOTA UDAIPUR,BALAVANT,BALAVANT,2,1165
VADODARA,CHHOTA UDAIPUR,BANDALA,BANDALA,2,205
VADODARA,CHHOTA UDAIPUR,BANDIBHINT,BANDIBHINT,8,176
VADODARA,CHHOTA UDAIPUR,BAROJ,BAROJ,2,422
VADODARA,CHHOTA UDAIPUR,BEDVI,BEDVI,3,210
VADODARA,CHHOTA UDAIPUR,BHENSA,BHENSA,10,126
VADODARA,CHHOTA UDAIPUR,BHILPUR,BHILPUR,5,2706
VADODARA,CHHOTA UDAIPUR,BHORDA,BHORDA,1,538
VADODARA,CHHOTA UDAIPUR,BHORDALI,BHORDALI,1,276
VADODARA,CHHOTA UDAIPUR,BILVANT,BILVANT,1,280
VADODARA,CHHOTA UDAIPUR,BODGAM,BODGAM,6,738
VADODARA,CHHOTA UDAIPUR,BOKADIYA,BOKADIYA,5,3325
VADODARA,CHHOTA UDAIPUR,BOPA,BOPA,4,188
VADODARA,CHHOTA UDAIPUR,CHANDUWANT,CHANDUWANT,3,226
VADODARA,CHHOTA UDAIPUR,CHATTHAWADA,CHATTHAWADA,4,170
VADODARA,CHHOTA UDAIPUR,CHICHOD,CHICHOD,18,326
VADODARA,CHHOTA UDAIPUR,CHILARVANT,CHILARVANT,40,216
VADODARA,CHHOTA UDAIPUR,CHILIYAVANT (ANTROLI,CHILIYAVANTANTROLI,5,277
VADODARA,CHHOTA UDAIPUR,CHISADIYA,CHISADIYA,21,411
VADODARA,CHHOTA UDAIPUR,CHOKDI,CHOKDI,13,297
VADODARA,CHHOTA UDAIPUR,CHORVANA,CHORVANA,8,180
VADODARA,CHHOTA UDAIPUR,DADIGAM,DADIGAM,18,298
VADODARA,CHHOTA UDAIPUR,DEVALIYA,DEVALIYA,23,832
VADODARA,CHHOTA UDAIPUR,DHADAGAM,DHADAGAM,4,180
VADODARA,CHHOTA UDAIPUR,DHAMODI,DHAMODI,31,180
VADODARA,CHHOTA UDAIPUR,DHANDHODA,DHANDHODA,28,451
VADODARA,CHHOTA UDAIPUR,DHARMAJ,DHARMAJ,9,82
VADODARA,CHHOTA UDAIPUR,DHOLISIMEL,DHOLISIMEL,11,115
VADODARA,CHHOTA UDAIPUR,DHORKUVA,DHORKUVA,2,92
VADODARA,CHHOTA UDAIPUR,DIYAVANT,DIYAVANT,1,103
VADODARA,CHHOTA UDAIPUR,DOBACHAPURA,DOBACHAPURA,3,51
VADODARA,CHHOTA UDAIPUR,DOLARIYA,DOLARIYA,24,570
VADODARA,CHHOTA UDAIPUR,DUMALI,DUMALI,15,401
VADODARA,CHHOTA UDAIPUR,DUN,DUN,2,134
VADODARA,CHHOTA UDAIPUR,DUNGARBHINT,DUNGARBHINT,3,213
VADODARA,CHHOTA UDAIPUR,EKALBARA,EKALBARA,9,322
VADODARA,CHHOTA UDAIPUR,FERKUVA,FERKUVA,17,326
VADODARA,CHHOTA UDAIPUR,GABADIYA,GABADIYA,7,264
VADODARA,CHHOTA UDAIPUR,GANTHIYA,GANTHIYA,4,265
VADODARA,CHHOTA UDAIPUR,GHELVANT,GHELVANT,19,198
VADODARA,CHHOTA UDAIPUR,GHOGHADEV,GHOGHADEV,8,1174
VADODARA,CHHOTA UDAIPUR,GONDARIYA,GONDARIYA,2,27
VADODARA,CHHOTA UDAIPUR,GUDA,GUDA,11,595
VADODARA,CHHOTA UDAIPUR,GUNATA,GUNATA,2,391
VADODARA,CHHOTA UDAIPUR,GUNGAWADA,GUNGAWADA,12,341
VADODARA,CHHOTA UDAIPUR,HANSDA,HANSDA,13,312
VADODARA,CHHOTA UDAIPUR,HARPALPURA,HARPALPURA,4,185
VADODARA,CHHOTA UDAIPUR,HARVANT,HARVANT,5,2245
VADODARA,CHHOTA UDAIPUR,JADIYANA,JADIYANA,2,258
VADODARA,CHHOTA UDAIPUR,JALODA,JALODA,8,419
VADODARA,CHHOTA UDAIPUR,JAMLA,JAMLA,23,532
VADODARA,CHHOTA UDAIPUR,JAMLI (JER),JAMLIJER,35,205
VADODARA,CHHOTA UDAIPUR,JUDAVANT,JUDAVANT,3,260
VADODARA,CHHOTA UDAIPUR,JUNA UDAIPUR,JUNAUDAIPUR,3,72
VADODARA,CHHOTA UDAIPUR,KACHHEL (KANAVANT),KACHHELKANAVANT,12,234
VADODARA,CHHOTA UDAIPUR,KAKADKUND,KAKADKUND,2,104
VADODARA,CHHOTA UDAIPUR,KANAS,KANAS,13,355
VADODARA,CHHOTA UDAIPUR,KANAWANT,KANAWANT,6,389
VADODARA,CHHOTA UDAIPUR,KASARA,KASARA,6,155
VADODARA,CHHOTA UDAIPUR,KATARVANT,KATARVANT,13,120
VADODARA,CHHOTA UDAIPUR,KEVDI,KEVDI,6,564
VADODARA,CHHOTA UDAIPUR,KHADAKWADA,KHADAKWADA,5,393
VADODARA,CHHOTA UDAIPUR,KHADKHAD,KHADKHAD,5,439
VADODARA,CHHOTA UDAIPUR,KHAJURIYA,KHAJURIYA,13,361
VADODARA,CHHOTA UDAIPUR,KHODVANIYA,KHODVANIYA,8,227
VADODARA,CHHOTA UDAIPUR,KHOS,KHOS,8,392
VADODARA,CHHOTA UDAIPUR,KHUNTALIYA,KHUNTALIYA,20,153
VADODARA,CHHOTA UDAIPUR,KIKAWADA,KIKAWADA,13,363
VADODARA,CHHOTA UDAIPUR,KOKADPA,KOKADPA,2,1133
VADODARA,CHHOTA UDAIPUR,KOL,KOL,6,258
VADODARA,CHHOTA UDAIPUR,KOLI,KOLI,10,494
VADODARA,CHHOTA UDAIPUR,KOLIYATHAR,KOLIYATHAR,4,202
VADODARA,CHHOTA UDAIPUR,KOTHARA,KOTHARA,3,105
VADODARA,CHHOTA UDAIPUR,KUMBHANI,KUMBHANI,4,211
VADODARA,CHHOTA UDAIPUR,LAGAMI,LAGAMI,4,185
VADODARA,CHHOTA UDAIPUR,LEHVANT,LEHVANT,35,304
VADODARA,CHHOTA UDAIPUR,LIMBANI,LIMBANI,3,57
VADODARA,CHHOTA UDAIPUR,LUNI,LUNI,14,246
VADODARA,CHHOTA UDAIPUR,MAL,MAL,2,121
VADODARA,CHHOTA UDAIPUR,MALAJA,MALAJA,15,401
VADODARA,CHHOTA UDAIPUR,MALDHI,MALDHI,12,265
VADODARA,CHHOTA UDAIPUR,MALU,MALU,4,179
VADODARA,CHHOTA UDAIPUR,MANDALVA,MANDALVA,8,299
VADODARA,CHHOTA UDAIPUR,MANKA (CHHOTA UDAIPU,MANKACHHOTAUDAIPU,5,138
VADODARA,CHHOTA UDAIPUR,MARCHIPANI,MARCHIPANI,3,30
VADODARA,CHHOTA UDAIPUR,MITHALI,MITHALI,2,199
VADODARA,CHHOTA UDAIPUR,MITHIBOR,MITHIBOR,1,365
VADODARA,CHHOTA UDAIPUR,MOTA RAMPURA,MOTARAMPURA,2,176
VADODARA,CHHOTA UDAIPUR,MOTI SADHLI,MOTISADHLI,23,1415
VADODARA,CHHOTA UDAIPUR,NAKAMLI,NAKAMLI,5,182
VADODARA,CHHOTA UDAIPUR,NALEJ,NALEJ,10,241
VADODARA,CHHOTA UDAIPUR,NANA RAMPURA,NANARAMPURA,2,141
VADODARA,CHHOTA UDAIPUR,NANI SADHLI,NANISADHLI,14,353
VADODARA,CHHOTA UDAIPUR,NAVAGAM,NAVAGAM,8,138
VADODARA,CHHOTA UDAIPUR,ODE,ODE,3,223
VADODARA,CHHOTA UDAIPUR,ODHI,ODHI,2,193
VADODARA,CHHOTA UDAIPUR,OLIAMBA,OLIAMBA,12,229
VADODARA,CHHOTA UDAIPUR,OZADI,OZADI,1,136
VADODARA,CHHOTA UDAIPUR,PADALIYA,PADALIYA,4,297
VADODARA,CHHOTA UDAIPUR,PADHARVANT,PADHARVANT,6,130
VADODARA,CHHOTA UDAIPUR,PALSANDA,PALSANDA,14,433
VADODARA,CHHOTA UDAIPUR,PIPLEJ,PIPLEJ,22,247
VADODARA,CHHOTA UDAIPUR,POTIYA,POTIYA,1,120
VADODARA,CHHOTA UDAIPUR,PUNIYAVANT,PUNIYAVANT,32,315
VADODARA,CHHOTA UDAIPUR,RAJUVANT,RAJUVANT,1,171
VADODARA,CHHOTA UDAIPUR,RANGPUR (ZOZ),RANGPURZOZ,13,478
VADODARA,CHHOTA UDAIPUR,RANIKHEDA,RANIKHEDA,5,91
VADODARA,CHHOTA UDAIPUR,RAYSINGPURA (HARVANT,RAYSINGPURAHARVANT,10,635
VADODARA,CHHOTA UDAIPUR,RINCHHVEL,RINCHHVEL,5,51
VADODARA,CHHOTA UDAIPUR,ROZKUVA,ROZKUVA,10,348
VADODARA,CHHOTA UDAIPUR,ROZVA,ROZVA,2,89
VADODARA,CHHOTA UDAIPUR,RUNVAD,RUNVAD,34,386
VADODARA,CHHOTA UDAIPUR,SANADA,SANADA,6,582
VADODARA,CHHOTA UDAIPUR,SILOJ,SILOJ,3,178
VADODARA,CHHOTA UDAIPUR,SIMAL FALIYA,SIMALFALIYA,13,296
VADODARA,CHHOTA UDAIPUR,SIMALKUVA,SIMALKUVA,1,239
VADODARA,CHHOTA UDAIPUR,SINGLA,SINGLA,17,376
VADODARA,CHHOTA UDAIPUR,SINGLAJA,SINGLAJA,3,103
VADODARA,CHHOTA UDAIPUR,SURKHEDA,SURKHEDA,70,549
VADODARA,CHHOTA UDAIPUR,SURSI,SURSI,2,128
VADODARA,CHHOTA UDAIPUR,TALAV FALIYA,TALAVFALIYA,7,134
VADODARA,CHHOTA UDAIPUR,TEJGADH,TEJGADH,63,688
VADODARA,CHHOTA UDAIPUR,TIMLA,TIMLA,3,253
VADODARA,CHHOTA UDAIPUR,TUNDVA,TUNDVA,6,551
VADODARA,CHHOTA UDAIPUR,UKHALVANT,UKHALVANT,2,202
VADODARA,CHHOTA UDAIPUR,VACHALIBHINT,VACHALIBHINT,30,352
VADODARA,CHHOTA UDAIPUR,VADHVAN,VADHVAN,5,105
VADODARA,CHHOTA UDAIPUR,VAGALWADA,VAGALWADA,13,193
VADODARA,CHHOTA UDAIPUR,VANAR,VANAR,25,554
VADODARA,CHHOTA UDAIPUR,VASEDI,VASEDI,58,362
VADODARA,CHHOTA UDAIPUR,VIJOL,VIJOL,1,212
VADODARA,CHHOTA UDAIPUR,VIRPUR,VIRPUR,7,326
VADODARA,CHHOTA UDAIPUR,ZER,ZER,11,720
VADODARA,CHHOTA UDAIPUR,ZINZARVANI,ZINZARVANI,1,267
VADODARA,CHHOTA UDAIPUR,ZOZ,ZOZ,32,567
VADODARA,DABHOI,ABDALAPURA,ABDALAPURA,16,147
VADODARA,DABHOI,AKOTADAR,AKOTADAR,14,428
VADODARA,DABHOI,AKOTI,AKOTI,19,269
VADODARA,DABHOI,AMBAV,AMBAV,5,318
VADODARA,DABHOI,AMRESHWAR,AMRESHWAR,18,396
VADODARA,DABHOI,ANGUTHAN,ANGUTHAN,17,909
VADODARA,DABHOI,ARANIYA,ARANIYA,1,179
VADODARA,DABHOI,ASGOL,ASGOL,2,130
VADODARA,DABHOI,ASODARA,ASODARA,18,372
VADODARA,DABHOI,BAGLIPURA,BAGLIPURA,5,104
VADODARA,DABHOI,BAHERAMPURA,BAHERAMPURA,15,609
VADODARA,DABHOI,BAMBOJ,BAMBOJ,18,437
VADODARA,DABHOI,BANAIYA,BANAIYA,7,107
VADODARA,DABHOI,BANANJ,BANANJ,5,443
VADODARA,DABHOI,BARIPURA,BARIPURA,15,353
VADODARA,DABHOI,BHALODRA,BHALODRA,36,306
VADODARA,DABHOI,BHAVPURA,BHAVPURA,12,118
VADODARA,DABHOI,BHILAPUR,BHILAPUR,63,475
VADODARA,DABHOI,BHILODIYA,BHILODIYA,2,407
VADODARA,DABHOI,BHIMPURA,BHIMPURA,21,143
VADODARA,DABHOI,BHIMPURA (KUKAD),BHIMPURAKUKAD,6,432
VADODARA,DABHOI,BHUMASIYA,BHUMASIYA,4,86
VADODARA,DABHOI,BORBAR,BORBAR,23,911
VADODARA,DABHOI,BORIYAD,BORIYAD,6,401
VADODARA,DABHOI,CHANWADA,CHANWADA,21,315
VADODARA,DABHOI,CHHATRAL,CHHATRAL,17,529
VADODARA,DABHOI,DANGIKUVA,DANGIKUVA,3,257
VADODARA,DABHOI,DANGIWADA,DANGIWADA,2,486
VADODARA,DABHOI,DHARAMAPUI,DHARAMAPUI,7,851
VADODARA,DABHOI,DHARMAPURA,DHARMAPURA,2,95
VADODARA,DABHOI,DHOLAR,DHOLAR,5,832
VADODARA,DABHOI,FARTIKUI,FARTIKUI,35,406
VADODARA,DABHOI,FOFALIYA,FOFALIYA,24,709
VADODARA,DABHOI,FULWADI,FULWADI,40,352
VADODARA,DABHOI,GAMDI,GAMDI,23,181
VADODARA,DABHOI,GAMDI (KANAYADA),GAMDIKANAYADA,28,2988
VADODARA,DABHOI,GOJALI,GOJALI,2,394
VADODARA,DABHOI,GOPALPURA,GOPALPURA,11,102
VADODARA,DABHOI,GUMANPURA,GUMANPURA,11,123
VADODARA,DABHOI,HABIPURA,HABIPURA,28,1490
VADODARA,DABHOI,HANSAPURA,HANSAPURA,17,259
VADODARA,DABHOI,JESANGPURA,JESANGPURA,8,55
VADODARA,DABHOI,JUNI MANGROL,JUNIMANGROL,2,136
VADODARA,DABHOI,KADDHARA,KADDHARA,34,773
VADODARA,DABHOI,KADDHARAPURA,KADDHARAPURA,12,71
VADODARA,DABHOI,KAJAPUR,KAJAPUR,10,243
VADODARA,DABHOI,KANAYADA,KANAYADA,40,279
VADODARA,DABHOI,KARALI,KARALI,34,398
VADODARA,DABHOI,KARALIPURA,KARALIPURA,4,106
VADODARA,DABHOI,KARMAL,KARMAL,21,529
VADODARA,DABHOI,KARNALI,KARNALI,27,491
VADODARA,DABHOI,KARNET,KARNET,15,557
VADODARA,DABHOI,KAYAVAROHAN,KAYAVAROHAN,31,4110
VADODARA,DABHOI,KHANPUR,KHANPUR,33,348
VADODARA,DABHOI,KOTHARA,KOTHARA,6,791
VADODARA,DABHOI,KUKAD,KUKAD,13,640
VADODARA,DABHOI,KUNDHELA,KUNDHELA,9,1699
VADODARA,DABHOI,KUNVARPURA,KUNVARPURA,19,1202
VADODARA,DABHOI,KUNVARWADA,KUNVARWADA,3,806
VADODARA,DABHOI,LINGSTHALI,LINGSTHALI,8,1040
VADODARA,DABHOI,LUNADRA,LUNADRA,12,123
VADODARA,DABHOI,MAHMADPURA,MAHMADPURA,13,215
VADODARA,DABHOI,MALHARPURA,MALHARPURA,11,137
VADODARA,DABHOI,MANDALA,MANDALA,92,1892
VADODARA,DABHOI,MANDVA,MANDVA,58,812
VADODARA,DABHOI,MANPUR,MANPUR,4,1173
VADODARA,DABHOI,MAVLI,MAVLI,43,833
VADODARA,DABHOI,MENPURA,MENPURA,32,767
VADODARA,DABHOI,MORPURA,MORPURA,4,88
VADODARA,DABHOI,MOSAMPURA,MOSAMPURA,4,308
VADODARA,DABHOI,NADA,NADA,43,2204
VADODARA,DABHOI,NAGDOL,NAGDOL,2,227
VADODARA,DABHOI,NANDERIYA,NANDERIYA,45,592
VADODARA,DABHOI,NARANPURA,NARANPURA,2,66
VADODARA,DABHOI,NARIYA,NARIYA,10,836
VADODARA,DABHOI,NAVAPUR,NAVAPUR,4,100
VADODARA,DABHOI,NAVI MANGROL,NAVIMANGROL,2,192
VADODARA,DABHOI,ORDI,ORDI,4,141
VADODARA,DABHOI,PALASWADA,PALASWADA,54,659
VADODARA,DABHOI,PANSOLI,PANSOLI,15,640
VADODARA,DABHOI,PARA,PARA,5,142
VADODARA,DABHOI,PARIKHA,PARIKHA,18,928
VADODARA,DABHOI,PISAI,PISAI,18,592
VADODARA,DABHOI,PRAGAM,PRAGAM,8,195
VADODARA,DABHOI,PRAGPURA,PRAGPURA,2,276
VADODARA,DABHOI,PUDA,PUDA,28,734
VADODARA,DABHOI,PUNIYAD,PUNIYAD,2,522
VADODARA,DABHOI,RAJLI,RAJLI,22,467
VADODARA,DABHOI,RAJPURA,RAJPURA,2,294
VADODARA,DABHOI,RASULPURA,RASULPURA,9,246
VADODARA,DABHOI,SAGUWADA,SAGUWADA,11,340
VADODARA,DABHOI,SAMSHERPURA,SAMSHERPURA,4,56
VADODARA,DABHOI,SANOR,SANOR,53,479
VADODARA,DABHOI,SATHOD,SATHOD,82,2163
VADODARA,DABHOI,SEJPURA,SEJPURA,11,249
VADODARA,DABHOI,SHIROLA,SHIROLA,58,1244
VADODARA,DABHOI,SIMALIYA,SIMALIYA,19,476
VADODARA,DABHOI,SITPUR,SITPUR,54,983
VADODARA,DABHOI,SOMPURA,SOMPURA,22,285
VADODARA,DABHOI,SULTANPURA,SULTANPURA,18,218
VADODARA,DABHOI,SUNVALJA,SUNVALJA,7,148
VADODARA,DABHOI,SURAJGHODA,SURAJGHODA,2,47
VADODARA,DABHOI,TARSANA,TARSANA,18,588
VADODARA,DABHOI,TEN TALAV,TENTALAV,114,926
VADODARA,DABHOI,THARVASA,THARVASA,20,284
VADODARA,DABHOI,THIKARIYA,THIKARIYA,3,177
VADODARA,DABHOI,THUVAVI,THUVAVI,23,6461
VADODARA,DABHOI,TIMBI,TIMBI,6,267
VADODARA,DABHOI,VADAJ,VADAJ,14,868
VADODARA,DABHOI,VADHVANA,VADHVANA,11,660
VADODARA,DABHOI,VAKHATPURA,VAKHATPURA,7,118
VADODARA,DABHOI,VALIPURA,VALIPURA,5,175
VADODARA,DABHOI,VANADRA,VANADRA,83,2220
VADODARA,DABHOI,VASAI,VASAI,26,1075
VADODARA,DABHOI,VASAIPURA,VASAIPURA,7,93
VADODARA,DABHOI,VAYADPUR,VAYADPUR,26,459
VADODARA,DABHOI,VEGA,VEGA,26,323
VADODARA,JETPUR PAVI,AMALPUR,AMALPUR,5,109
VADODARA,JETPUR PAVI,AMBADI,AMBADI,9,156
VADODARA,JETPUR PAVI,AMBALAG,AMBALAG,12,559
VADODARA,JETPUR PAVI,AMBAZATI,AMBAZATI,6,329
VADODARA,JETPUR PAVI,ANIYADRI,ANIYADRI,24,849
VADODARA,JETPUR PAVI,ATHAVALI,ATHAVALI,17,339
VADODARA,JETPUR PAVI,BADALIYA,BADALIYA,7,191
VADODARA,JETPUR PAVI,BAMROLI,BAMROLI,12,302
VADODARA,JETPUR PAVI,BANDI,BANDI,3,165
VADODARA,JETPUR PAVI,BAR,BAR,30,234
VADODARA,JETPUR PAVI,BARAVAD,BARAVAD,15,2156
VADODARA,JETPUR PAVI,BHABHAR,BHABHAR,12,85
VADODARA,JETPUR PAVI,BHANPUR,BHANPUR,10,123
VADODARA,JETPUR PAVI,BHANPURI,BHANPURI,5,131
VADODARA,JETPUR PAVI,BHENSAVAHI,BHENSAVAHI,16,425
VADODARA,JETPUR PAVI,BHIKHAPURA,BHIKHAPURA,31,319
VADODARA,JETPUR PAVI,BHILVANIYA,BHILVANIYA,14,366
VADODARA,JETPUR PAVI,BHINDOL,BHINDOL,23,593
VADODARA,JETPUR PAVI,BHORDA,BHORDA,12,1247
VADODARA,JETPUR PAVI,BORDHA,BORDHA,11,3261
VADODARA,JETPUR PAVI,BORKANDA,BORKANDA,9,358
VADODARA,JETPUR PAVI,CHACHAK,CHACHAK,23,1511
VADODARA,JETPUR PAVI,CHALAMALI,CHALAMALI,17,274
VADODARA,JETPUR PAVI,CHAPARGOTA,CHAPARGOTA,2,215
VADODARA,JETPUR PAVI,CHHATRALI,CHHATRALI,15,391
VADODARA,JETPUR PAVI,CHHOTA NAGAR,CHHOTANAGAR,7,170
VADODARA,JETPUR PAVI,CHIMLI,CHIMLI,5,265
VADODARA,JETPUR PAVI,CHUDEL,CHUDEL,16,314
VADODARA,JETPUR PAVI,CHULI,CHULI,33,345
VADODARA,JETPUR PAVI,CHUNDHELI,CHUNDHELI,7,357
VADODARA,JETPUR PAVI,DABHERAI,DABHERAI,7,100
VADODARA,JETPUR PAVI,DEGLA,DEGLA,5,116
VADODARA,JETPUR PAVI,DERIYA,DERIYA,29,204
VADODARA,JETPUR PAVI,DEVMORI,DEVMORI,9,204
VADODARA,JETPUR PAVI,DHAROLIYA (SAKHANDRA,DHAROLIYASAKHANDRA,46,1399
VADODARA,JETPUR PAVI,DHAROLIYA BHINDOL,DHAROLIYABHINDOL,3,116
VADODARA,JETPUR PAVI,DHORIVAV,DHORIVAV,13,1911
VADODARA,JETPUR PAVI,DUNGARVANT,DUNGARVANT,26,556
VADODARA,JETPUR PAVI,FATA,FATA,3,122
VADODARA,JETPUR PAVI,FATEPURA,FATEPURA,1,105
VADODARA,JETPUR PAVI,FERKUVA,FERKUVA,26,410
VADODARA,JETPUR PAVI,GADH,GADH,49,344
VADODARA,JETPUR PAVI,GADOTH,GADOTH,7,273
VADODARA,JETPUR PAVI,GAIDIYA,GAIDIYA,8,251
VADODARA,JETPUR PAVI,GAJRA,GAJRA,15,199
VADODARA,JETPUR PAVI,GAMBHIRPURA,GAMBHIRPURA,27,125
VADODARA,JETPUR PAVI,GHAGHARPURA,GHAGHARPURA,6,144
VADODARA,JETPUR PAVI,GHATA,GHATA,8,55
VADODARA,JETPUR PAVI,GHODAJ,GHODAJ,21,359
VADODARA,JETPUR PAVI,GHODIYALA,GHODIYALA,4,129
VADODARA,JETPUR PAVI,GHUNTIA,GHUNTIA,14,290
VADODARA,JETPUR PAVI,GHUTANVAD,GHUTANVAD,35,402
VADODARA,JETPUR PAVI,GOGADIYA,GOGADIYA,7,165
VADODARA,JETPUR PAVI,GUNDI,GUNDI,7,81
VADODARA,JETPUR PAVI,HARAKHPUR,HARAKHPUR,11,231
VADODARA,JETPUR PAVI,HARIPURA,HARIPURA,11,129
VADODARA,JETPUR PAVI,HATHIPAGLA,HATHIPAGLA,9,77
VADODARA,JETPUR PAVI,INTVADA,INTVADA,6,61
VADODARA,JETPUR PAVI,JABUGAM,JABUGAM,33,994
VADODARA,JETPUR PAVI,JAMBA,JAMBA,19,294
VADODARA,JETPUR PAVI,JETPUR,JETPUR,39,314
VADODARA,JETPUR PAVI,JITNAGAR,JITNAGAR,7,104
VADODARA,JETPUR PAVI,JIVANPURA,JIVANPURA,3,58
VADODARA,JETPUR PAVI,JOGPURA (DUNGAR),JOGPURADUNGAR,7,70
VADODARA,JETPUR PAVI,JOGPURA (GADH),JOGPURAGADH,8,94
VADODARA,JETPUR PAVI,JUNA TIMBARVA,JUNATIMBARVA,8,108
VADODARA,JETPUR PAVI,JUNI RUDHI,JUNIRUDHI,2,93
VADODARA,JETPUR PAVI,KADACHHALA,KADACHHALA,23,2120
VADODARA,JETPUR PAVI,KADVAKUVA,KADVAKUVA,3,80
VADODARA,JETPUR PAVI,KADVAL,KADVAL,60,1087
VADODARA,JETPUR PAVI,KADVAPURA,KADVAPURA,3,209
VADODARA,JETPUR PAVI,KALARANI,KALARANI,66,3458
VADODARA,JETPUR PAVI,KALIKUI,KALIKUI,4,45
VADODARA,JETPUR PAVI,KANDA,KANDA,4,874
VADODARA,JETPUR PAVI,KARAJVANT,KARAJVANT,6,226
VADODARA,JETPUR PAVI,KARALI,KARALI,14,362
VADODARA,JETPUR PAVI,KARSAN,KARSAN,10,2583
VADODARA,JETPUR PAVI,KATHOLA,KATHOLA,10,105
VADODARA,JETPUR PAVI,KAVARA,KAVARA,5,293
VADODARA,JETPUR PAVI,KEVADA,KEVADA,2,65
VADODARA,JETPUR PAVI,KHADAKLA,KHADAKLA,3,237
VADODARA,JETPUR PAVI,KHANDIAKUVA,KHANDIAKUVA,5,98
VADODARA,JETPUR PAVI,KHANDIVAV,KHANDIVAV,5,56
VADODARA,JETPUR PAVI,KHANDIYA AMADARA,KHANDIYAAMADARA,16,316
VADODARA,JETPUR PAVI,KHAREDA,KHAREDA,11,113
VADODARA,JETPUR PAVI,KHATAS,KHATAS,29,1922
VADODARA,JETPUR PAVI,KHEDA,KHEDA,11,187
VADODARA,JETPUR PAVI,KOHIVAV,KOHIVAV,6,251
VADODARA,JETPUR PAVI,KOLIYARI,KOLIYARI,29,416
VADODARA,JETPUR PAVI,KOSAM,KOSAM,14,257
VADODARA,JETPUR PAVI,KOTHIA,KOTHIA,6,435
VADODARA,JETPUR PAVI,KUKNA,KUKNA,18,261
VADODARA,JETPUR PAVI,KUNDAL,KUNDAL,12,699
VADODARA,JETPUR PAVI,LIMBANI,LIMBANI,20,184
VADODARA,JETPUR PAVI,LODHAN,LODHAN,9,245
VADODARA,JETPUR PAVI,LUNAJA,LUNAJA,10,358
VADODARA,JETPUR PAVI,MAGIYA,MAGIYA,14,94
VADODARA,JETPUR PAVI,MAJIGAM,MAJIGAM,11,1150
VADODARA,JETPUR PAVI,MAVALI,MAVALI,6,180
VADODARA,JETPUR PAVI,MESARA,MESARA,2,125
VADODARA,JETPUR PAVI,MORA DUNGARI,MORADUNGARI,29,3129
VADODARA,JETPUR PAVI,MOTA AMADRA (CHHATRA,MOTAAMADRACHHATRA,5,1764
VADODARA,JETPUR PAVI,MOTA AMADRA (KADVAL),MOTAAMADRAKADVAL,16,353
VADODARA,JETPUR PAVI,MOTA BUTIYAPURA,MOTABUTIYAPURA,6,39
VADODARA,JETPUR PAVI,MOTA KANTVA,MOTAKANTVA,7,1111
VADODARA,JETPUR PAVI,MOTI AMROL,MOTIAMROL,14,1263
VADODARA,JETPUR PAVI,MOTI BEJ,MOTIBEJ,19,464
VADODARA,JETPUR PAVI,MOTI BUMDI,MOTIBUMDI,6,218
VADODARA,JETPUR PAVI,MOTI KHANDI,MOTIKHANDI,6,169
VADODARA,JETPUR PAVI,MOTI RASLI,MOTIRASLI,12,276
VADODARA,JETPUR PAVI,MOTI TEJAVAV,MOTITEJAVAV,4,103
VADODARA,JETPUR PAVI,MOTI VANT,MOTIVANT,10,444
VADODARA,JETPUR PAVI,MOTIPURA (GADOTH),MOTIPURAGADOTH,6,29
VADODARA,JETPUR PAVI,MUDHIYARI,MUDHIYARI,17,182
VADODARA,JETPUR PAVI,MULDHAR,MULDHAR,5,319
VADODARA,JETPUR PAVI,MUVADA,MUVADA,22,694
VADODARA,JETPUR PAVI,NANA AMADRA (CHHATRA,NANAAMADRACHHATRA,12,177
VADODARA,JETPUR PAVI,NANA AMADRA (KADVAL),NANAAMADRAKADVAL,2,218
VADODARA,JETPUR PAVI,NANA BUTIYAPURA,NANABUTIYAPURA,5,84
VADODARA,JETPUR PAVI,NANA KANTVA,NANAKANTVA,10,134
VADODARA,JETPUR PAVI,NANI AMROL,NANIAMROL,3,423
VADODARA,JETPUR PAVI,NANI BEJ,NANIBEJ,15,337
VADODARA,JETPUR PAVI,NANI BUMDI,NANIBUMDI,17,295
VADODARA,JETPUR PAVI,NANI KHANDI,NANIKHANDI,10,158
VADODARA,JETPUR PAVI,NANI RASLI,NANIRASLI,4,192
VADODARA,JETPUR PAVI,NANI TEJAVAV,NANITEJAVAV,3,55
VADODARA,JETPUR PAVI,NANI VANT,NANIVANT,4,108
VADODARA,JETPUR PAVI,NARVANIYA,NARVANIYA,11,104
VADODARA,JETPUR PAVI,NAVA TIMBARVA,NAVATIMBARVA,8,271
VADODARA,JETPUR PAVI,NAVAGAM,NAVAGAM,7,186
VADODARA,JETPUR PAVI,NAVI RUDHI,NAVIRUDHI,2,97
VADODARA,JETPUR PAVI,OLIYA KALAM,OLIYAKALAM,8,182
VADODARA,JETPUR PAVI,PALIYA,PALIYA,22,260
VADODARA,JETPUR PAVI,PANDHARA,PANDHARA,8,245
VADODARA,JETPUR PAVI,PANDHARVA,PANDHARVA,8,106
VADODARA,JETPUR PAVI,PANI,PANI,11,289
VADODARA,JETPUR PAVI,PANIBAR,PANIBAR,9,492
VADODARA,JETPUR PAVI,PATIYA,PATIYA,19,161
VADODARA,JETPUR PAVI,PAVI,PAVI,26,206
VADODARA,JETPUR PAVI,POLANPUR,POLANPUR,9,121
VADODARA,JETPUR PAVI,PRATAPNAGAR,PRATAPNAGAR,8,880
VADODARA,JETPUR PAVI,PRATAPPURA,PRATAPPURA,3,90
VADODARA,JETPUR PAVI,RAJBODELI,RAJBODELI,26,439
VADODARA,JETPUR PAVI,RAJPUR (KADVAL),RAJPURKADVAL,8,129
VADODARA,JETPUR PAVI,RAJPUR (KARALI),RAJPURKARALI,2,423
VADODARA,JETPUR PAVI,RAJVASANA,RAJVASANA,13,112
VADODARA,JETPUR PAVI,RAMPURA,RAMPURA,9,77
VADODARA,JETPUR PAVI,RANBHUN,RANBHUN,24,2076
VADODARA,JETPUR PAVI,RATANPUR,RATANPUR,2,484
VADODARA,JETPUR PAVI,RAYPUR,RAYPUR,16,214
VADODARA,JETPUR PAVI,SADADHARI,SADADHARI,15,143
VADODARA,JETPUR PAVI,SADHALI,SADHALI,1,430
VADODARA,JETPUR PAVI,SAGVASIMLI,SAGVASIMLI,4,83
VADODARA,JETPUR PAVI,SAJOD,SAJOD,8,109
VADODARA,JETPUR PAVI,SAJULI,SAJULI,2,379
VADODARA,JETPUR PAVI,SAJVA,SAJVA,18,950
VADODARA,JETPUR PAVI,SAKHANDRA,SAKHANDRA,34,2293
VADODARA,JETPUR PAVI,SALOJ,SALOJ,7,341
VADODARA,JETPUR PAVI,SAMADI,SAMADI,12,70
VADODARA,JETPUR PAVI,SATUN,SATUN,6,181
VADODARA,JETPUR PAVI,SELVA,SELVA,8,169
VADODARA,JETPUR PAVI,SENGPUR,SENGPUR,6,93
VADODARA,JETPUR PAVI,SHERPURA,SHERPURA,5,145
VADODARA,JETPUR PAVI,SHIVAJIPURA,SHIVAJIPURA,14,119
VADODARA,JETPUR PAVI,SIHOD,SIHOD,21,497
VADODARA,JETPUR PAVI,SIMAL GHODA,SIMALGHODA,5,82
VADODARA,JETPUR PAVI,SIMALIYA,SIMALIYA,7,1016
VADODARA,JETPUR PAVI,SITHOL,SITHOL,13,274
VADODARA,JETPUR PAVI,SUSKAL,SUSKAL,42,2040
VADODARA,JETPUR PAVI,TADKACHHALA,TADKACHHALA,11,312
VADODARA,JETPUR PAVI,TAMBOLIYA,TAMBOLIYA,15,701
VADODARA,JETPUR PAVI,TARAPUR,TARAPUR,34,139
VADODARA,JETPUR PAVI,THALKI,THALKI,26,332
VADODARA,JETPUR PAVI,THAMBHLA,THAMBHLA,11,162
VADODARA,JETPUR PAVI,TIMBI,TIMBI,3,215
VADODARA,JETPUR PAVI,TOKARVA,TOKARVA,3,90
VADODARA,JETPUR PAVI,UCHAPAN,UCHAPAN,22,566
VADODARA,JETPUR PAVI,UDHANIYA,UDHANIYA,4,37
VADODARA,JETPUR PAVI,UMARVA,UMARVA,30,135
VADODARA,JETPUR PAVI,UN,UN,23,308
VADODARA,JETPUR PAVI,UNADA,UNADA,20,195
VADODARA,JETPUR PAVI,UNDVA,UNDVA,31,326
VADODARA,JETPUR PAVI,UNTKOI,UNTKOI,17,308
VADODARA,JETPUR PAVI,VADATALAV,VADATALAV,9,1144
VADODARA,JETPUR PAVI,VADDHARI,VADDHARI,4,200
VADODARA,JETPUR PAVI,VADIVADA,VADIVADA,17,146
VADODARA,JETPUR PAVI,VADOTH,VADOTH,16,266
VADODARA,JETPUR PAVI,VAGHAVA,VAGHAVA,19,632
VADODARA,JETPUR PAVI,VAJPUR,VAJPUR,11,147
VADODARA,JETPUR PAVI,VALOTHI,VALOTHI,7,206
VADODARA,JETPUR PAVI,VALPARI,VALPARI,19,171
VADODARA,JETPUR PAVI,VANADHA,VANADHA,15,2511
VADODARA,JETPUR PAVI,VANKALA,VANKALA,3,112
VADODARA,JETPUR PAVI,VANKI,VANKI,12,169
VADODARA,JETPUR PAVI,VANKOL,VANKOL,4,801
VADODARA,JETPUR PAVI,VANTA,VANTA,4,165
VADODARA,JETPUR PAVI,VANTADA,VANTADA,10,109
VADODARA,JETPUR PAVI,VASANGADH,VASANGADH,8,206
VADODARA,JETPUR PAVI,VAV,VAV,17,144
VADODARA,JETPUR PAVI,VAVDI,VAVDI,6,583
VADODARA,JETPUR PAVI,VIRPUR,VIRPUR,10,79
VADODARA,JETPUR PAVI,VISADI,VISADI,26,193
VADODARA,JETPUR PAVI,ZAB (SAJVA),ZABSAJVA,4,303
VADODARA,JETPUR PAVI,ZAB (VALOTHI),ZABVALOTHI,19,175
VADODARA,JETPUR PAVI,ZARI,ZARI,23,934
VADODARA,JETPUR PAVI,ZOZ,ZOZ,5,68
VADODARA,KARJAN,ABHARA,ABHARA,5,555
VADODARA,KARJAN,ALAMPURA,ALAMPURA,4,283
VADODARA,KARJAN,ANASTU,ANASTU,17,796
VADODARA,KARJAN,ARJANPURA,ARJANPURA,4,165
VADODARA,KARJAN,ATALI,ATALI,59,627
VADODARA,KARJAN,BACHAR,BACHAR,55,648
VADODARA,KARJAN,BAKAPUR,BAKAPUR,9,127
VADODARA,KARJAN,BAMANGAM,BAMANGAM,24,623
VADODARA,KARJAN,BHARTHALI,BHARTHALI,14,400
VADODARA,KARJAN,BHARTHANA,BHARTHANA,49,857
VADODARA,KARJAN,BODAKA,BODAKA,5,792
VADODARA,KARJAN,CHHANCHHVA,CHHANCHHVA,57,1768
VADODARA,KARJAN,CHORANDA,CHORANDA,81,1230
VADODARA,KARJAN,CHORBHUJ,CHORBHUJ,19,561
VADODARA,KARJAN,DELVADA,DELVADA,17,364
VADODARA,KARJAN,DEROLI,DEROLI,22,368
VADODARA,KARJAN,DETHAN,DETHAN,9,892
VADODARA,KARJAN,DHAMANJA,DHAMANJA,2,411
VADODARA,KARJAN,DHANORA,DHANORA,18,261
VADODARA,KARJAN,DHAVAT,DHAVAT,97,1127
VADODARA,KARJAN,DIVI,DIVI,48,233
VADODARA,KARJAN,FATEPUR,FATEPUR,34,376
VADODARA,KARJAN,GANDHARA,GANDHARA,49,659
VADODARA,KARJAN,GANPATPURA,GANPATPURA,70,620
VADODARA,KARJAN,HALDARVA,HALDARVA,14,487
VADODARA,KARJAN,HANDOD,HANDOD,15,849
VADODARA,KARJAN,HARSUNDA,HARSUNDA,8,93
VADODARA,KARJAN,HIRJIPURA,HIRJIPURA,8,159
VADODARA,KARJAN,JUNI JITHARADI,JUNIJITHARADI,45,357
VADODARA,KARJAN,KAHONA,KAHONA,13,472
VADODARA,KARJAN,KALA,KALA,36,398
VADODARA,KARJAN,KAMBOLA,KAMBOLA,12,1113
VADODARA,KARJAN,KANABHA,KANABHA,12,429
VADODARA,KARJAN,KANDARI,KANDARI,81,1956
VADODARA,KARJAN,KANTHARIYA,KANTHARIYA,21,288
VADODARA,KARJAN,KARAMADI,KARAMADI,21,806
VADODARA,KARJAN,KARAN,KARAN,1,325
VADODARA,KARJAN,KASAMPUR,KASAMPUR,22,383
VADODARA,KARJAN,KHANDHA,KHANDHA,17,468
VADODARA,KARJAN,KHERDA,KHERDA,13,425
VADODARA,KARJAN,KIYA,KIYA,50,521
VADODARA,KARJAN,KOLIYAD,KOLIYAD,58,1354
VADODARA,KARJAN,KOTHAV,KOTHAV,47,463
VADODARA,KARJAN,KOTHIYA,KOTHIYA,27,322
VADODARA,KARJAN,KURAI,KURAI,18,926
VADODARA,KARJAN,KURALI,KURALI,26,990
VADODARA,KARJAN,LAKODARA,LAKODARA,84,765
VADODARA,KARJAN,LATIPUR TIMBLI,LATIPURTIMBLI,24,261
VADODARA,KARJAN,LILOD,LILOD,9,255
VADODARA,KARJAN,MALOD,MALOD,13,183
VADODARA,KARJAN,MANGLEJ,MANGLEJ,30,361
VADODARA,KARJAN,MANGROL,MANGROL,32,651
VADODARA,KARJAN,MANKAN,MANKAN,10,518
VADODARA,KARJAN,MANPUR,MANPUR,14,311
VADODARA,KARJAN,MANTROJ,MANTROJ,17,454
VADODARA,KARJAN,MESRAD,MESRAD,8,870
VADODARA,KARJAN,METHI,METHI,36,502
VADODARA,KARJAN,MIYAGAM,MIYAGAM,54,1772
VADODARA,KARJAN,MOTI KORAL,MOTIKORAL,13,549
VADODARA,KARJAN,NANI KORAL,NANIKORAL,9,374
VADODARA,KARJAN,NAVI JITHARDI,NAVIJITHARDI,20,229
VADODARA,KARJAN,NISHALIYA,NISHALIYA,16,404
VADODARA,KARJAN,OSALAM,OSALAM,71,779
VADODARA,KARJAN,OZ,OZ,83,3158
VADODARA,KARJAN,PACHHIYAPURA,PACHHIYAPURA,50,540
VADODARA,KARJAN,PINGALWADA,PINGALWADA,26,814
VADODARA,KARJAN,PURA,PURA,37,3431
VADODARA,KARJAN,RANAPUR,RANAPUR,23,698
VADODARA,KARJAN,RAROD,RAROD,37,1083
VADODARA,KARJAN,ROPA,ROPA,3,169
VADODARA,KARJAN,SAGDOL,SAGDOL,33,491
VADODARA,KARJAN,SAMBHOI,SAMBHOI,4,3363
VADODARA,KARJAN,SAMRA,SAMRA,27,472
VADODARA,KARJAN,SAMRI,SAMRI,18,218
VADODARA,KARJAN,SANAPURA,SANAPURA,5,502
VADODARA,KARJAN,SANDARNA,SANDARNA,15,333
VADODARA,KARJAN,SANIYAD,SANIYAD,5,852
VADODARA,KARJAN,SANPA,SANPA,10,791
VADODARA,KARJAN,SANSROD,SANSROD,91,1037
VADODARA,KARJAN,SARING,SARING,57,1022
VADODARA,KARJAN,SARUPUR TIBI,SARUPURTIBI,46,529
VADODARA,KARJAN,SAYAR,SAYAR,17,724
VADODARA,KARJAN,SHERPURA,SHERPURA,7,157
VADODARA,KARJAN,SIMLI,SIMLI,90,763
VADODARA,KARJAN,SOMAJ,SOMAJ,14,131
VADODARA,KARJAN,SURWADA,SURWADA,6,622
VADODARA,KARJAN,UMAJ,UMAJ,18,562
VADODARA,KARJAN,URAD,URAD,38,441
VADODARA,KARJAN,VADAVA,VADAVA,35,213
VADODARA,KARJAN,VALAN,VALAN,48,3194
VADODARA,KARJAN,VEMAR,VEMAR,88,889
VADODARA,KARJAN,VEMARDI,VEMARDI,46,1119
VADODARA,KARJAN,VIRJAI,VIRJAI,12,1637
VADODARA,KAWANT,AMALVANT,AMALVANT,2,136
VADODARA,KAWANT,AMBADUNGAR,AMBADUNGAR,2,43
VADODARA,KAWANT,AMSOTA,AMSOTA,2,307
VADODARA,KAWANT,ARATIYA,ARATIYA,1,96
VADODARA,KAWANT,ASAR,ASAR,12,201
VADODARA,KAWANT,ATHADUNGARI,ATHADUNGARI,5,218
VADODARA,KAWANT,BAGALIYA,BAGALIYA,5,198
VADODARA,KAWANT,BALADGAM,BALADGAM,9,130
VADODARA,KAWANT,BEDIYA,BEDIYA,6,417
VADODARA,KAWANT,BHEKHADIYA,BHEKHADIYA,7,149
VADODARA,KAWANT,BHERAITHA,BHERAITHA,6,171
VADODARA,KAWANT,BHUMASWADA,BHUMASWADA,9,603
VADODARA,KAWANT,BHUNDMARIYA,BHUNDMARIYA,1,91
VADODARA,KAWANT,BILDHA,BILDHA,1,138
VADODARA,KAWANT,BORCHAPDA,BORCHAPDA,3,74
VADODARA,KAWANT,BORDHA,BORDHA,3,146
VADODARA,KAWANT,BUNJAR,BUNJAR,8,106
VADODARA,KAWANT,CHAPARIYA,CHAPARIYA,4,182
VADODARA,KAWANT,CHHODVANI,CHHODVANI,1,187
VADODARA,KAWANT,CHICHBA,CHICHBA,7,317
VADODARA,KAWANT,CHIKHLI,CHIKHLI,3,275
VADODARA,KAWANT,CHILIYAVANT (KAVANT),CHILIYAVANTKAVANT,3,263
VADODARA,KAWANT,CHIPAN,CHIPAN,3,90
VADODARA,KAWANT,DERI,DERI,3,56
VADODARA,KAWANT,DEVAD,DEVAD,4,255
VADODARA,KAWANT,DHANIVADI,DHANIVADI,11,128
VADODARA,KAWANT,DHANIWADA,DHANIWADA,11,273
VADODARA,KAWANT,DHANPARI,DHANPARI,12,182
VADODARA,KAWANT,DHANPUR,DHANPUR,3,196
VADODARA,KAWANT,DUNGARGAM,DUNGARGAM,11,509
VADODARA,KAWANT,GAIDETHA,GAIDETHA,15,168
VADODARA,KAWANT,GAJALAVANT,GAJALAVANT,4,69
VADODARA,KAWANT,GELESAR,GELESAR,2,252
VADODARA,KAWANT,GODDHA,GODDHA,7,174
VADODARA,KAWANT,GOJARIYA,GOJARIYA,8,224
VADODARA,KAWANT,GUGALIYA,GUGALIYA,4,255
VADODARA,KAWANT,HAMIRPURA,HAMIRPURA,9,250
VADODARA,KAWANT,HANF,HANF,1,200
VADODARA,KAWANT,HATHIKHAN,HATHIKHAN,3,113
VADODARA,KAWANT,JADULI,JADULI,1,90
VADODARA,KAWANT,JAMALI (VAGUDAN),JAMALIVAGUDAN,8,358
VADODARA,KAWANT,JAMBA,JAMBA,5,255
VADODARA,KAWANT,JAMLI (MUSET),JAMLIMUSET,9,301
VADODARA,KAWANT,JAROI,JAROI,3,134
VADODARA,KAWANT,JHILAVA,JHILAVA,9,68
VADODARA,KAWANT,JULVANIYA,JULVANIYA,4,72
VADODARA,KAWANT,KADIPANI,KADIPANI,9,65
VADODARA,KAWANT,KAIDAVANT,KAIDAVANT,2,193
VADODARA,KAWANT,KAKANPUR,KAKANPUR,8,233
VADODARA,KAWANT,KANABEDA,KANABEDA,2,612
VADODARA,KAWANT,KANALVA,KANALVA,8,1009
VADODARA,KAWANT,KARAJVANT,KARAJVANT,23,360
VADODARA,KAWANT,KARVI,KARVI,1,83
VADODARA,KAWANT,KASARVAV,KASARVAV,2,272
VADODARA,KAWANT,KATKAVANT,KATKAVANT,7,186
VADODARA,KAWANT,KAWANT,KAWANT,26,166
VADODARA,KAWANT,KELDHARA,KELDHARA,4,411
VADODARA,KAWANT,KHANDANIYA,KHANDANIYA,10,114
VADODARA,KAWANT,KHANDIBARA,KHANDIBARA,1,217
VADODARA,KAWANT,KHANDLA,KHANDLA,2,94
VADODARA,KAWANT,KHARAMDA,KHARAMDA,10,269
VADODARA,KAWANT,KHASRA,KHASRA,6,61
VADODARA,KAWANT,KHATIYAVANT,KHATIYAVANT,18,446
VADODARA,KAWANT,KHERKA,KHERKA,14,412
VADODARA,KAWANT,KOCHVAD,KOCHVAD,6,181
VADODARA,KAWANT,KOSHTA,KOSHTA,2,128
VADODARA,KAWANT,KOTLI,KOTLI,1,69
VADODARA,KAWANT,LALPUR,LALPUR,4,80
VADODARA,KAWANT,MAGALA VANT,MAGALAVANT,9,77
VADODARA,KAWANT,MANAVANT,MANAVANT,9,459
VADODARA,KAWANT,MANKA (KAVANT),MANKAKAVANT,1,312
VADODARA,KAWANT,MANKODI,MANKODI,3,444
VADODARA,KAWANT,MOGRA,MOGRA,1,233
VADODARA,KAWANT,MONDVADA,MONDVADA,6,126
VADODARA,KAWANT,MORANGANA,MORANGANA,15,308
VADODARA,KAWANT,MOTA GHODA,MOTAGHODA,13,175
VADODARA,KAWANT,MOTA VANTA,MOTAVANTA,2,283
VADODARA,KAWANT,MOTI CHIKHLI,MOTICHIKHLI,2,88
VADODARA,KAWANT,MOTI KADAI,MOTIKADAI,1,116
VADODARA,KAWANT,MOTI SANKAL,MOTISANKAL,2,350
VADODARA,KAWANT,MOTI TOKRI,MOTITOKRI,6,228
VADODARA,KAWANT,MUNDAMOR,MUNDAMOR,13,194
VADODARA,KAWANT,MUSET (JAMALI),MUSETJAMALI,1,280
VADODARA,KAWANT,NAKHAL,NAKHAL,2,171
VADODARA,KAWANT,NAKVINDHIYA,NAKVINDHIYA,4,50
VADODARA,KAWANT,NALVANT,NALVANT,4,171
VADODARA,KAWANT,NANA VANTA,NANAVANTA,4,172
VADODARA,KAWANT,NANI CHIKHLI,NANICHIKHLI,15,143
VADODARA,KAWANT,NANI GHODI,NANIGHODI,9,98
VADODARA,KAWANT,NANI TOKRI,NANITOKRI,21,210
VADODARA,KAWANT,NARUKOT,NARUKOT,2,162
VADODARA,KAWANT,NAVALJA,NAVALJA,16,416
VADODARA,KAWANT,PADVANI,PADVANI,1,164
VADODARA,KAWANT,PALAS KUVA,PALASKUVA,4,27
VADODARA,KAWANT,PALASDA,PALASDA,1,155
VADODARA,KAWANT,PANDHARIYA,PANDHARIYA,1,13
VADODARA,KAWANT,PANVAD,PANVAD,15,857
VADODARA,KAWANT,PATADIYA,PATADIYA,7,41
VADODARA,KAWANT,PIPALDA,PIPALDA,3,327
VADODARA,KAWANT,PIPALDI,PIPALDI,2,657
VADODARA,KAWANT,RAJA VANT,RAJAVANT,4,73
VADODARA,KAWANT,RANGPUR (KAVANT),RANGPURKAVANT,2,177
VADODARA,KAWANT,RAYCHHA,RAYCHHA,4,237
VADODARA,KAWANT,RAYPUR,RAYPUR,18,308
VADODARA,KAWANT,RAYSINGPURA (KAVANT),RAYSINGPURAKAVANT,11,344
VADODARA,KAWANT,RENDA,RENDA,22,383
VADODARA,KAWANT,RENDI,RENDI,2,301
VADODARA,KAWANT,RODDHA,RODDHA,10,570
VADODARA,KAWANT,RUMADIYA,RUMADIYA,6,621
VADODARA,KAWANT,SAIDIVASAN,SAIDIVASAN,2,570
VADODARA,KAWANT,SAMALVANT,SAMALVANT,3,505
VADODARA,KAWANT,SINGALDA,SINGALDA,7,403
VADODARA,KAWANT,SINGALKUVA,SINGALKUVA,13,178
VADODARA,KAWANT,SINHADA,SINHADA,26,734
VADODARA,KAWANT,SODHVAD,SODHVAD,5,133
VADODARA,KAWANT,TADKACHHALA,TADKACHHALA,1,87
VADODARA,KAWANT,TALAV,TALAV,7,76
VADODARA,KAWANT,TAVA,TAVA,11,298
VADODARA,KAWANT,THADGAM,THADGAM,9,452
VADODARA,KAWANT,THAMBHALA,THAMBHALA,4,107
VADODARA,KAWANT,TILOD,TILOD,11,370
VADODARA,KAWANT,TURKHEDA,TURKHEDA,1,42
VADODARA,KAWANT,UMATHI,UMATHI,4,424
VADODARA,KAWANT,UNCHEDA,UNCHEDA,1,202
VADODARA,KAWANT,UNDVA,UNDVA,4,61
VADODARA,KAWANT,USELA,USELA,2,217
VADODARA,KAWANT,VAGUDAN,VAGUDAN,15,229
VADODARA,KAWANT,VAJEPUR,VAJEPUR,7,486
VADODARA,KAWANT,VANKANER,VANKANER,10,135
VADODARA,KAWANT,VANTDA,VANTDA,4,100
VADODARA,KAWANT,VIJLI,VIJLI,5,125
VADODARA,KAWANT,ZALAVANT,ZALAVANT,2,164
VADODARA,KAWANT,ZANZARJOL,ZANZARJOL,4,96
VADODARA,NASVADI,AKONA,AKONA,26,329
VADODARA,NASVADI,AMBADA,AMBADA,8,111
VADODARA,NASVADI,AMBAPURA,AMBAPURA,4,83
VADODARA,NASVADI,AMROLI,AMROLI,11,558
VADODARA,NASVADI,AMTA,AMTA,1,36
VADODARA,NASVADI,ANANDPURI,ANANDPURI,10,107
VADODARA,NASVADI,ANDHANI,ANDHANI,1,65
VADODARA,NASVADI,ANTRAS,ANTRAS,1,30
VADODARA,NASVADI,BAGALIYA,BAGALIYA,1,233
VADODARA,NASVADI,BARI MAHUDA,BARIMAHUDA,1,40
VADODARA,NASVADI,BAROLI,BAROLI,10,255
VADODARA,NASVADI,BATUPALASADI,BATUPALASADI,1,101
VADODARA,NASVADI,BEDIKUVA,BEDIKUVA,4,41
VADODARA,NASVADI,BHAGVANPURA (NASVADI,BHAGVANPURANASVADI,5,55
VADODARA,NASVADI,BHAKA,BHAKA,12,272
VADODARA,NASVADI,BHANGIYAVAD,BHANGIYAVAD,5,122
VADODARA,NASVADI,BHAROSWADI,BHAROSWADI,8,74
VADODARA,NASVADI,BHARWADA,BHARWADA,1,290
VADODARA,NASVADI,BHIL BORIYAD,BHILBORIYAD,12,137
VADODARA,NASVADI,BHUTKHAN,BHUTKHAN,1,72
VADODARA,NASVADI,BILGAM,BILGAM,7,102
VADODARA,NASVADI,BOFA,BOFA,1,244
VADODARA,NASVADI,BORKHAD,BORKHAD,4,216
VADODARA,NASVADI,BORVANI,BORVANI,3,87
VADODARA,NASVADI,BOTIYAKUVA,BOTIYAKUVA,2,23
VADODARA,NASVADI,BUDHA JALDHUNI,BUDHAJALDHUNI,1,20
VADODARA,NASVADI,CHAMETHA,CHAMETHA,5,409
VADODARA,NASVADI,CHANDANPURA,CHANDANPURA,3,83
VADODARA,NASVADI,CHAVARIYA,CHAVARIYA,1,14
VADODARA,NASVADI,CHHAKTAR UMARVA,CHHAKTARUMARVA,1,134
VADODARA,NASVADI,CHHARBARA,CHHARBARA,1,12
VADODARA,NASVADI,CHHATHTHIAMLI,CHHATHTHIAMLI,1,107
VADODARA,NASVADI,CHHEVAT,CHHEVAT,10,169
VADODARA,NASVADI,CHHOTI UMER,CHHOTIUMER,2,23
VADODARA,NASVADI,CHORAMAL,CHORAMAL,6,192
VADODARA,NASVADI,CHOSALPURA,CHOSALPURA,1,107
VADODARA,NASVADI,CHUNAKHAN,CHUNAKHAN,5,85
VADODARA,NASVADI,DABBA,DABBA,2,27
VADODARA,NASVADI,DABHEN,DABHEN,1,43
VADODARA,NASVADI,DAJIPURA,DAJIPURA,1,76
VADODARA,NASVADI,DAMOLI,DAMOLI,7,204
VADODARA,NASVADI,DANI,DANI,6,140
VADODARA,NASVADI,DEDKIAMLI,DEDKIAMLI,2,185
VADODARA,NASVADI,DEKOCH,DEKOCH,2,9
VADODARA,NASVADI,DHAMANIYA AMBA,DHAMANIYAAMBA,1,96
VADODARA,NASVADI,DHAMASIYA,DHAMASIYA,3,316
VADODARA,NASVADI,DHANDHANIYA,DHANDHANIYA,1,52
VADODARA,NASVADI,DHANIYA UMARVA,DHANIYAUMARVA,1,67
VADODARA,NASVADI,DHARSIMEL,DHARSIMEL,2,59
VADODARA,NASVADI,DHOLI KOTARDI,DHOLIKOTARDI,4,62
VADODARA,NASVADI,DHUMNA,DHUMNA,1,17
VADODARA,NASVADI,DUGHDHA,DUGHDHA,5,72
VADODARA,NASVADI,FATEPUR,FATEPUR,4,57
VADODARA,NASVADI,FERKADA (KHARKHADA),FERKADAKHARKHADA,1,24
VADODARA,NASVADI,FULWADI,FULWADI,2,64
VADODARA,NASVADI,GADH,GADH,1,42
VADODARA,NASVADI,GANIYAR BARI,GANIYARBARI,1,6
VADODARA,NASVADI,GHATAMALI,GHATAMALI,1,71
VADODARA,NASVADI,GHATASA,GHATASA,4,99
VADODARA,NASVADI,GHESWADI,GHESWADI,2,37
VADODARA,NASVADI,GHODA,GHODA,2,52
VADODARA,NASVADI,GHODISIMEL,GHODISIMEL,4,169
VADODARA,NASVADI,GHUTIYA AMBA,GHUTIYAAMBA,7,90
VADODARA,NASVADI,GOYAVANT (RENGANI),GOYAVANTRENGANI,9,2197
VADODARA,NASVADI,HAMIRPURA,HAMIRPURA,3,97
VADODARA,NASVADI,HANDLI,HANDLI,2,53
VADODARA,NASVADI,HARIPURA (BORIYAD),HARIPURABORIYAD,2,75
VADODARA,NASVADI,HARIPURA (NASVADI),HARIPURANASVADI,11,132
VADODARA,NASVADI,HARIPURA(VADESHIYA),HARIPURAVADESHIYA,1,49
VADODARA,NASVADI,HARIYABAR,HARIYABAR,2,47
VADODARA,NASVADI,HARKHOD,HARKHOD,4,27
VADODARA,NASVADI,INTIYA,INTIYA,3,43
VADODARA,NASVADI,JAJVA,JAJVA,5,53
VADODARA,NASVADI,JAKSHI,JAKSHI,4,90
VADODARA,NASVADI,JAMBA (JIVANPURA),JAMBAJIVANPURA,4,91
VADODARA,NASVADI,JAMBUGHODA,JAMBUGHODA,3,63
VADODARA,NASVADI,JAMLI,JAMLI,3,199
VADODARA,NASVADI,JEMALGADH,JEMALGADH,9,127
VADODARA,NASVADI,JITNAGAR,JITNAGAR,6,206
VADODARA,NASVADI,JITPURA,JITPURA,2,474
VADODARA,NASVADI,KADADA (GIRKHEDA),KADADAGIRKHEDA,1,41
VADODARA,NASVADI,KADIKUVA,KADIKUVA,6,60
VADODARA,NASVADI,KADULI MAHUDI,KADULIMAHUDI,1,888
VADODARA,NASVADI,KAKADVANI,KAKADVANI,4,200
VADODARA,NASVADI,KALIDORI,KALIDORI,2,139
VADODARA,NASVADI,KALIYAPURA,KALIYAPURA,7,113
VADODARA,NASVADI,KALKOCH,KALKOCH,7,148
VADODARA,NASVADI,KAMBOYA(KUVA),KAMBOYAKUVA,2,33
VADODARA,NASVADI,KAMLAVASAN,KAMLAVASAN,1,4
VADODARA,NASVADI,KANDHA,KANDHA,3,227
VADODARA,NASVADI,KANDVA,KANDVA,4,69
VADODARA,NASVADI,KANKUVASAN,KANKUVASAN,2,60
VADODARA,NASVADI,KANTIYABAR,KANTIYABAR,1,28
VADODARA,NASVADI,KARAMDI,KARAMDI,1,111
VADODARA,NASVADI,KASUMBIYA,KASUMBIYA,7,46
VADODARA,NASVADI,KATKUVA,KATKUVA,17,71
VADODARA,NASVADI,KELANIYA,KELANIYA,8,194
VADODARA,NASVADI,KESARPURA,KESARPURA,3,124
VADODARA,NASVADI,KEVADI,KEVADI,2,77
VADODARA,NASVADI,KHADAKIYA,KHADAKIYA,1,116
VADODARA,NASVADI,KHADAKIYA (BORIYAD),KHADAKIYABORIYAD,1,23
VADODARA,NASVADI,KHAMBHAYTA,KHAMBHAYTA,1,135
VADODARA,NASVADI,KHAPARIYA,KHAPARIYA,7,202
VADODARA,NASVADI,KHAREDA,KHAREDA,5,90
VADODARA,NASVADI,KHENDA,KHENDA,1,26
VADODARA,NASVADI,KHERMAL,KHERMAL,1,54
VADODARA,NASVADI,KHETANBAR,KHETANBAR,1,13
VADODARA,NASVADI,KHICHADIYA (MALDUNGR,KHICHADIYAMALDUNGR,9,144
VADODARA,NASVADI,KHODIYA,KHODIYA,4,112
VADODARA,NASVADI,KHOKHARA(LAVAKOI),KHOKHARALAVAKOI,3,35
VADODARA,NASVADI,KHOKHRA (TANKHALA),KHOKHRATANKHALA,15,93
VADODARA,NASVADI,KHOKHRA(BORIYAD),KHOKHRABORIYAD,3,39
VADODARA,NASVADI,KHUSHALPURA,KHUSHALPURA,1,59
VADODARA,NASVADI,KOLAMBA,KOLAMBA,6,245
VADODARA,NASVADI,KOLI BORIYAD,KOLIBORIYAD,5,113
VADODARA,NASVADI,KOLU,KOLU,1,119
VADODARA,NASVADI,KOTHIYA,KOTHIYA,2,218
VADODARA,NASVADI,KOYARI,KOYARI,5,66
VADODARA,NASVADI,KUKARDA,KUKARDA,7,177
VADODARA,NASVADI,KUKAVATI,KUKAVATI,3,54
VADODARA,NASVADI,KUMETHA,KUMETHA,2,2
VADODARA,NASVADI,KUNDA,KUNDA,2,20
VADODARA,NASVADI,KUPPA,KUPPA,3,28
VADODARA,NASVADI,LAVAKOI,LAVAKOI,10,223
VADODARA,NASVADI,LINDA,LINDA,5,120
VADODARA,NASVADI,MAHEBUTPURA,MAHEBUTPURA,1,136
VADODARA,NASVADI,MATHA JALDHUNI,MATHAJALDHUNI,1,27
VADODARA,NASVADI,MATORA,MATORA,3,520
VADODARA,NASVADI,MEDIYA,MEDIYA,1,101
VADODARA,NASVADI,MODHALA,MODHALA,2,423
VADODARA,NASVADI,MORADIYA,MORADIYA,5,115
VADODARA,NASVADI,MOTI ZARI,MOTIZARI,2,141
VADODARA,NASVADI,NAKHALPUR,NAKHALPUR,7,140
VADODARA,NASVADI,NANA VANT,NANAVANT,2,152
VADODARA,NASVADI,NANI JADULI,NANIJADULI,1,51
VADODARA,NASVADI,NANI KADAI,NANIKADAI,2,128
VADODARA,NASVADI,NANI ZARI,NANIZARI,11,65
VADODARA,NASVADI,NANNUPURA,NANNUPURA,6,131
VADODARA,NASVADI,NARDA,NARDA,8,91
VADODARA,NASVADI,NASVADI,NASVADI,34,181
VADODARA,NASVADI,NAVAGAM (NANI NAVAGA,NAVAGAMNANINAVAGA,4,195
VADODARA,NASVADI,NISHANA,NISHANA,3,25
VADODARA,NASVADI,PALA,PALA,1,197
VADODARA,NASVADI,PALASANI,PALASANI,3,299
VADODARA,NASVADI,PALSAR,PALSAR,7,73
VADODARA,NASVADI,PANI MAHUDA,PANIMAHUDA,4,54
VADODARA,NASVADI,PANKHADA (JITNAGAR),PANKHADAJITNAGAR,1,35
VADODARA,NASVADI,PANKHADA(KHICHADIYA),PANKHADAKHICHADIYA,8,164
VADODARA,NASVADI,PATADIYA,PATADIYA,3,54
VADODARA,NASVADI,PAYAKOI,PAYAKOI,2,132
VADODARA,NASVADI,PIPLAJ,PIPLAJ,9,64
VADODARA,NASVADI,PIPLVANI,PIPLVANI,2,35
VADODARA,NASVADI,PISAYATA (DIGNEOL),PISAYATADIGNEOL,1,108
VADODARA,NASVADI,POCHAMBA,POCHAMBA,2,96
VADODARA,NASVADI,POTHLIPURA,POTHLIPURA,1,121
VADODARA,NASVADI,RADHANIPANI,RADHANIPANI,1,22
VADODARA,NASVADI,RAJPURA,RAJPURA,3,69
VADODARA,NASVADI,RAMAPALASADI,RAMAPALASADI,1,91
VADODARA,NASVADI,RAMPURI,RAMPURI,4,96
VADODARA,NASVADI,RANBOR,RANBOR,1,39
VADODARA,NASVADI,RANEDA,RANEDA,5,83
VADODARA,NASVADI,RANIPURA,RANIPURA,5,217
VADODARA,NASVADI,RATAKADAV,RATAKADAV,1,35
VADODARA,NASVADI,RATANPUR (KAPRALI),RATANPURKAPRALI,5,123
VADODARA,NASVADI,RATANPURA,RATANPURA,34,301
VADODARA,NASVADI,RAYASINGPURA,RAYASINGPURA,7,52
VADODARA,NASVADI,RAYPUR,RAYPUR,1,172
VADODARA,NASVADI,RELIYA AMBA,RELIYAAMBA,1,82
VADODARA,NASVADI,ROZIYA,ROZIYA,1,53
VADODARA,NASVADI,SAMARPURA,SAMARPURA,2,91
VADODARA,NASVADI,SANDHIYA,SANDHIYA,1,112
VADODARA,NASVADI,SANKADIBARI,SANKADIBARI,2,20
VADODARA,NASVADI,SANKAL(P),SANKALP,2,37
VADODARA,NASVADI,SANKAL(TANKHALA),SANKALTANKHALA,4,63
VADODARA,NASVADI,SARIPANI,SARIPANI,3,193
VADODARA,NASVADI,SARIYAPANI,SARIYAPANI,1,21
VADODARA,NASVADI,SENGPUR,SENGPUR,5,257
VADODARA,NASVADI,SHANKARVAV,SHANKARVAV,3,63
VADODARA,NASVADI,SIMALIYA,SIMALIYA,10,113
VADODARA,NASVADI,SIMALKHADU,SIMALKHADU,1,27
VADODARA,NASVADI,SIMEL,SIMEL,3,96
VADODARA,NASVADI,SINDHADIYA,SINDHADIYA,3,80
VADODARA,NASVADI,SINDHIKUVA (CHAMETHA,SINDHIKUVACHAMETHA,2,168
VADODARA,NASVADI,SINDHIKUVA (ROZIYA),SINDHIKUVAROZIYA,2,72
VADODARA,NASVADI,SINDHIPANI,SINDHIPANI,3,48
VADODARA,NASVADI,SODAT,SODAT,1,31
VADODARA,NASVADI,SUKAPURA,SUKAPURA,7,68
VADODARA,NASVADI,SUKLIVASAN,SUKLIVASAN,5,53
VADODARA,NASVADI,TADKACHHLA,TADKACHHLA,6,62
VADODARA,NASVADI,TALAV,TALAV,2,14
VADODARA,NASVADI,TANKHALA,TANKHALA,1,55
VADODARA,NASVADI,TAROL,TAROL,1,129
VADODARA,NASVADI,THUNPURA,THUNPURA,1,49
VADODARA,NASVADI,TIMBA,TIMBA,8,185
VADODARA,NASVADI,UDET,UDET,1,20
VADODARA,NASVADI,UMARKOI,UMARKOI,4,116
VADODARA,NASVADI,UNDAKOTAR,UNDAKOTAR,2,52
VADODARA,NASVADI,VADADLI,VADADLI,1,100
VADODARA,NASVADI,VADESHIYA,VADESHIYA,3,230
VADODARA,NASVADI,VADIYA (SODHALIYA),VADIYASODHALIYA,16,290
VADODARA,NASVADI,VAGHIAMAHUDA,VAGHIAMAHUDA,7,80
VADODARA,NASVADI,VAGUMA,VAGUMA,1,89
VADODARA,NASVADI,VALPURA,VALPURA,11,85
VADODARA,NASVADI,VANDRIYA,VANDRIYA,2,99
VADODARA,NASVADI,VANKI KHAKHAR,VANKIKHAKHAR,4,65
VADODARA,NASVADI,VANKLA,VANKLA,14,221
VADODARA,NASVADI,VANTDA,VANTDA,4,103
VADODARA,NASVADI,VASVANI,VASVANI,1,89
VADODARA,NASVADI,VEGANNAR,VEGANNAR,6,24
VADODARA,NASVADI,VELARI,VELARI,8,137
VADODARA,NASVADI,VIYAVANT,VIYAVANT,1,102
VADODARA,NASVADI,WADIA (LAVAKOI),WADIALAVAKOI,2,37
VADODARA,NASVADI,WAGHACH,WAGHACH,31,587
VADODARA,NASVADI,ZARKHALI,ZARKHALI,7,377
VADODARA,NASVADI,ZER,ZER,5,363
VADODARA,PADRA,ABHOR,ABHOR,6,787
VADODARA,PADRA,AMBADA,AMBADA,36,707
VADODARA,PADRA,AMLA,AMLA,5,941
VADODARA,PADRA,ANTI,ANTI,49,1493
VADODARA,PADRA,BHADARA,BHADARA,11,260
VADODARA,PADRA,BHADARI,BHADARI,24,307
VADODARA,PADRA,BHANPUR,BHANPUR,6,440
VADODARA,PADRA,BHOJ,BHOJ,52,1417
VADODARA,PADRA,BRAHMANVASI,BRAHMANVASI,29,850
VADODARA,PADRA,CHITRAL,CHITRAL,34,729
VADODARA,PADRA,CHOKARI,CHOKARI,20,1277
VADODARA,PADRA,DABHASA,DABHASA,72,1574
VADODARA,PADRA,DABKA,DABKA,46,1119
VADODARA,PADRA,DANOLI,DANOLI,13,434
VADODARA,PADRA,DHOBIKUWA,DHOBIKUWA,6,287
VADODARA,PADRA,DUDHWADA,DUDHWADA,48,982
VADODARA,PADRA,EKALBARA,EKALBARA,36,691
VADODARA,PADRA,GAMETHA,GAMETHA,25,837
VADODARA,PADRA,GAVASAD,GAVASAD,39,1111
VADODARA,PADRA,GAYAPURA,GAYAPURA,17,122
VADODARA,PADRA,GHAYAJ,GHAYAJ,89,1213
VADODARA,PADRA,GORIYAD,GORIYAD,48,1031
VADODARA,PADRA,HUSEPUR,HUSEPUR,28,640
VADODARA,PADRA,JALALPUR,JALALPUR,28,577
VADODARA,PADRA,JASPUR,JASPUR,41,977
VADODARA,PADRA,KALYANKUI,KALYANKUI,9,221
VADODARA,PADRA,KANDA,KANDA,39,406
VADODARA,PADRA,KANJHAT,KANJHAT,95,1216
VADODARA,PADRA,KARKHADI,KARKHADI,113,1963
VADODARA,PADRA,KARNAKUVA,KARNAKUVA,3,203
VADODARA,PADRA,KOTHWADA,KOTHWADA,13,193
VADODARA,PADRA,KOTNA,KOTNA,44,774
VADODARA,PADRA,KURAL,KURAL,50,841
VADODARA,PADRA,LATIPURA,LATIPURA,14,572
VADODARA,PADRA,LOLA,LOLA,12,259
VADODARA,PADRA,LUNA,LUNA,15,700
VADODARA,PADRA,MADAPUR,MADAPUR,11,243
VADODARA,PADRA,MAHMADPURA,MAHMADPURA,25,330
VADODARA,PADRA,MAHUVAD,MAHUVAD,64,739
VADODARA,PADRA,MAJATAN,MAJATAN,34,690
VADODARA,PADRA,MASAR,MASAR,90,1309
VADODARA,PADRA,MEDHAD,MEDHAD,32,427
VADODARA,PADRA,MOBHA,MOBHA,141,1694
VADODARA,PADRA,MUJPUR,MUJPUR,56,1664
VADODARA,PADRA,MUVAL,MUVAL,34,909
VADODARA,PADRA,NARSIPURA,NARSIPURA,19,467
VADODARA,PADRA,NEDRA,NEDRA,4,317
VADODARA,PADRA,PAVDA,PAVDA,16,413
VADODARA,PADRA,PINDAPA,PINDAPA,50,772
VADODARA,PADRA,PIPLI,PIPLI,16,510
VADODARA,PADRA,RAJUPURA,RAJUPURA,21,398
VADODARA,PADRA,RANUN,RANUN,49,1185
VADODARA,PADRA,SADAD,SADAD,13,348
VADODARA,PADRA,SADHI,SADHI,85,2245
VADODARA,PADRA,SADRA,SADRA,38,1177
VADODARA,PADRA,SAMPLA,SAMPLA,52,939
VADODARA,PADRA,SANDHA,SANDHA,10,518
VADODARA,PADRA,SARAS VANI,SARASVANI,94,1957
VADODARA,PADRA,SAREJA,SAREJA,5,136
VADODARA,PADRA,SEJAKUVA,SEJAKUVA,36,435
VADODARA,PADRA,SHAHERA,SHAHERA,23,539
VADODARA,PADRA,SHANPUR,SHANPUR,54,643
VADODARA,PADRA,SHIHOR,SHIHOR,8,334
VADODARA,PADRA,SOKHDA RADHU,SOKHDARADHU,10,347
VADODARA,PADRA,SOMJIPURA,SOMJIPURA,19,356
VADODARA,PADRA,SULTANPURA,SULTANPURA,25,151
VADODARA,PADRA,TAJPURA,TAJPURA,15,426
VADODARA,PADRA,THIKARIYA MATH,THIKARIYAMATH,11,125
VADODARA,PADRA,THIKARIYA MUBARAK,THIKARIYAMUBARAK,16,312
VADODARA,PADRA,TITHOR,TITHOR,13,1032
VADODARA,PADRA,UMARAYA,UMARAYA,10,1028
VADODARA,PADRA,VADADLA,VADADLA,21,323
VADODARA,PADRA,VADU,VADU,81,1099
VADODARA,PADRA,VANCHHARA,VANCHHARA,40,921
VADODARA,PADRA,VASNAREF,VASNAREF,10,400
VADODARA,PADRA,VIRPUR,VIRPUR,23,300
VADODARA,PADRA,VISHRAMPURA,VISHRAMPURA,19,390
VADODARA,SANKHEDA,ACHHALI,ACHHALI,7,175
VADODARA,SANKHEDA,AJALI,AJALI,12,100
VADODARA,SANKHEDA,AKAKHEDA,AKAKHEDA,8,192
VADODARA,SANKHEDA,AKHATYARPURA,AKHATYARPURA,8,80
VADODARA,SANKHEDA,ALHADPURA,ALHADPURA,17,318
VADODARA,SANKHEDA,ALI-KHERVA,ALIKHERVA,42,292
VADODARA,SANKHEDA,AMARPURA,AMARPURA,4,68
VADODARA,SANKHEDA,AMBAPURA,AMBAPURA,3,200
VADODARA,SANKHEDA,AMROLI,AMROLI,20,117
VADODARA,SANKHEDA,ANANDPURA,ANANDPURA,15,245
VADODARA,SANKHEDA,ANGARI,ANGARI,1,91
VADODARA,SANKHEDA,ARITHA,ARITHA,22,187
VADODARA,SANKHEDA,BAMKUI,BAMKUI,3,214
VADODARA,SANKHEDA,BAMROLI,BAMROLI,33,368
VADODARA,SANKHEDA,BHADRALI,BHADRALI,15,257
VADODARA,SANKHEDA,BHADRPUR,BHADRPUR,82,968
VADODARA,SANKHEDA,BHATPUR,BHATPUR,29,909
VADODARA,SANKHEDA,BHOJPUR,BHOJPUR,18,170
VADODARA,SANKHEDA,BHULVAN,BHULVAN,32,247
VADODARA,SANKHEDA,BIHORA,BIHORA,11,73
VADODARA,SANKHEDA,BILIYA,BILIYA,11,166
VADODARA,SANKHEDA,BOBDAKUVA,BOBDAKUVA,4,77
VADODARA,SANKHEDA,BODELI,BODELI,28,276
VADODARA,SANKHEDA,BOR TALAV,BORTALAV,1,307
VADODARA,SANKHEDA,CHAMARWADA,CHAMARWADA,1,156
VADODARA,SANKHEDA,CHANDPUR,CHANDPUR,4,69
VADODARA,SANKHEDA,CHHACHHADRA,CHHACHHADRA,17,181
VADODARA,SANKHEDA,CHHATRAPURA,CHHATRAPURA,6,62
VADODARA,SANKHEDA,CHHUCHHAPURA,CHHUCHHAPURA,4,47
VADODARA,SANKHEDA,CHIKHODRA,CHIKHODRA,12,352
VADODARA,SANKHEDA,CHORANGLA,CHORANGLA,8,236
VADODARA,SANKHEDA,DAMAPURA,DAMAPURA,12,138
VADODARA,SANKHEDA,DAMOLI,DAMOLI,8,223
VADODARA,SANKHEDA,DEROLI,DEROLI,32,179
VADODARA,SANKHEDA,DESAN,DESAN,24,219
VADODARA,SANKHEDA,DHAROLI,DHAROLI,3,160
VADODARA,SANKHEDA,DHOKALIYA,DHOKALIYA,12,99
VADODARA,SANKHEDA,DHOLI,DHOLI,4,255
VADODARA,SANKHEDA,DHOLPUR,DHOLPUR,4,300
VADODARA,SANKHEDA,DIVALIPURA,DIVALIPURA,16,162
VADODARA,SANKHEDA,DORMAR,DORMAR,9,164
VADODARA,SANKHEDA,DUDHPUR,DUDHPUR,2,110
VADODARA,SANKHEDA,FAFAT,FAFAT,10,167
VADODARA,SANKHEDA,FAJALPUR,FAJALPUR,2,42
VADODARA,SANKHEDA,FATA,FATA,17,101
VADODARA,SANKHEDA,FATEPUR,FATEPUR,13,142
VADODARA,SANKHEDA,GAJIPURA,GAJIPURA,8,185
VADODARA,SANKHEDA,GAMDI SHEKHLAL,GAMDISHEKHLAL,8,61
VADODARA,SANKHEDA,GANESHVAD,GANESHVAD,18,257
VADODARA,SANKHEDA,GARDA,GARDA,39,264
VADODARA,SANKHEDA,GAROL,GAROL,16,171
VADODARA,SANKHEDA,GAYDIYA,GAYDIYA,7,157
VADODARA,SANKHEDA,GEHARPURA,GEHARPURA,19,83
VADODARA,SANKHEDA,GHANTOLI,GHANTOLI,4,199
VADODARA,SANKHEDA,GHELPUR,GHELPUR,6,245
VADODARA,SANKHEDA,GHODA (BO),GHODABO,7,183
VADODARA,SANKHEDA,GHODA (CHORANGLA),GHODACHORANGLA,9,77
VADODARA,SANKHEDA,GOJPUR,GOJPUR,10,69
VADODARA,SANKHEDA,GOLA GAMDI,GOLAGAMDI,40,341
VADODARA,SANKHEDA,GOVINDPURA,GOVINDPURA,12,99
VADODARA,SANKHEDA,GUNDER,GUNDER,2,274
VADODARA,SANKHEDA,GUNDICHA,GUNDICHA,26,391
VADODARA,SANKHEDA,HANDOD,HANDOD,13,314
VADODARA,SANKHEDA,HANSAPURA,HANSAPURA,7,106
VADODARA,SANKHEDA,HARESHWAR,HARESHWAR,43,358
VADODARA,SANKHEDA,INDRAL,INDRAL,5,420
VADODARA,SANKHEDA,JESINGPURA,JESINGPURA,4,165
VADODARA,SANKHEDA,JOGIPURA,JOGIPURA,2,103
VADODARA,SANKHEDA,JOJVA,JOJVA,10,77
VADODARA,SANKHEDA,KACHHATA,KACHHATA,7,152
VADODARA,SANKHEDA,KADILA,KADILA,8,192
VADODARA,SANKHEDA,KADVAKUI,KADVAKUI,10,65
VADODARA,SANKHEDA,KANAKUVA,KANAKUVA,20,86
VADODARA,SANKHEDA,KANDEVAL,KANDEVAL,6,115
VADODARA,SANKHEDA,KANTESHWAR,KANTESHWAR,14,477
VADODARA,SANKHEDA,KAPADIYA,KAPADIYA,15,103
VADODARA,SANKHEDA,KARALI,KARALI,13,96
VADODARA,SANKHEDA,KASHIPURA,KASHIPURA,25,322
VADODARA,SANKHEDA,KASUMBIYA,KASUMBIYA,10,278
VADODARA,SANKHEDA,KATHIYARI,KATHIYARI,4,47
VADODARA,SANKHEDA,KATHMANDVA,KATHMANDVA,2,52
VADODARA,SANKHEDA,KATHOLI,KATHOLI,18,249
VADODARA,SANKHEDA,KAVITHA,KAVITHA,16,649
VADODARA,SANKHEDA,KHANDIYA,KHANDIYA,11,846
VADODARA,SANKHEDA,KHANDUPURA,KHANDUPURA,13,142
VADODARA,SANKHEDA,KHARAKUVA,KHARAKUVA,11,407
VADODARA,SANKHEDA,KHERVA,KHERVA,3,69
VADODARA,SANKHEDA,KHODIYA,KHODIYA,22,133
VADODARA,SANKHEDA,KHOKHARIVERI,KHOKHARIVERI,8,77
VADODARA,SANKHEDA,KHUNVAD,KHUNVAD,29,710
VADODARA,SANKHEDA,KOSINDRA,KOSINDRA,20,608
VADODARA,SANKHEDA,KOTALI,KOTALI,27,205
VADODARA,SANKHEDA,KOTHIYA,KOTHIYA,2,53
VADODARA,SANKHEDA,KUBERPURA,KUBERPURA,7,42
VADODARA,SANKHEDA,KUNDI TAPPE BAHADARP,KUNDITAPPEBAHADARP,6,58
VADODARA,SANKHEDA,KUNDIUNCHA KALAM,KUNDIUNCHAKALAM,2,125
VADODARA,SANKHEDA,LACHHRAS,LACHHRAS,13,426
VADODARA,SANKHEDA,LADHOD,LADHOD,4,341
VADODARA,SANKHEDA,LANBHIYA,LANBHIYA,8,53
VADODARA,SANKHEDA,LAVED,LAVED,1,170
VADODARA,SANKHEDA,LOTIYA,LOTIYA,24,257
VADODARA,SANKHEDA,LUNADRA,LUNADRA,8,288
VADODARA,SANKHEDA,MALPUR,MALPUR,10,212
VADODARA,SANKHEDA,MALU,MALU,19,575
VADODARA,SANKHEDA,MANJROL,MANJROL,6,823
VADODARA,SANKHEDA,MANKANI,MANKANI,31,1578
VADODARA,SANKHEDA,MANPUR,MANPUR,1,89
VADODARA,SANKHEDA,MOBHIYA,MOBHIYA,8,136
VADODARA,SANKHEDA,MODASAR,MODASAR,65,887
VADODARA,SANKHEDA,MORAD,MORAD,5,110
VADODARA,SANKHEDA,MORAKHALA,MORAKHALA,5,600
VADODARA,SANKHEDA,MOTA RASKA,MOTARASKA,5,69
VADODARA,SANKHEDA,MOTIPURA,MOTIPURA,10,136
VADODARA,SANKHEDA,NAGARWADA,NAGARWADA,1,178
VADODARA,SANKHEDA,NANDPUR,NANDPUR,26,293
VADODARA,SANKHEDA,NANI RASKI,NANIRASKI,6,246
VADODARA,SANKHEDA,NAVAPURA,NAVAPURA,14,147
VADODARA,SANKHEDA,NURPUR,NURPUR,3,95
VADODARA,SANKHEDA,PACHISGAM,PACHISGAM,41,379
VADODARA,SANKHEDA,PADVAN,PADVAN,3,225
VADODARA,SANKHEDA,PANEJ,PANEJ,21,314
VADODARA,SANKHEDA,PARVATA,PARVATA,48,561
VADODARA,SANKHEDA,PATALPUR,PATALPUR,4,72
VADODARA,SANKHEDA,PATNA,PATNA,18,136
VADODARA,SANKHEDA,PICHHUWADA,PICHHUWADA,12,241
VADODARA,SANKHEDA,PIPALIYA,PIPALIYA,5,240
VADODARA,SANKHEDA,PIPALSATH,PIPALSATH,26,489
VADODARA,SANKHEDA,PITHA,PITHA,4,203
VADODARA,SANKHEDA,PRATAPPURA,PRATAPPURA,6,82
VADODARA,SANKHEDA,RAIPUR,RAIPUR,9,212
VADODARA,SANKHEDA,RAJKHERVA,RAJKHERVA,13,100
VADODARA,SANKHEDA,RAJPARI,RAJPARI,7,194
VADODARA,SANKHEDA,RAMPURA,RAMPURA,55,692
VADODARA,SANKHEDA,RAMSARI,RAMSARI,2,89
VADODARA,SANKHEDA,RAMSINGPURA,RAMSINGPURA,4,54
VADODARA,SANKHEDA,RATANPUR KAMARAJ,RATANPURKAMARAJ,71,399
VADODARA,SANKHEDA,RATANPUR THANA,RATANPURTHANA,6,105
VADODARA,SANKHEDA,SAGAVA,SAGAVA,4,248
VADODARA,SANKHEDA,SAJANPURA,SAJANPURA,1,120
VADODARA,SANKHEDA,SALPURA,SALPURA,17,72
VADODARA,SANKHEDA,SAMDHI,SAMDHI,3,116
VADODARA,SANKHEDA,SANADHARA,SANADHARA,23,125
VADODARA,SANKHEDA,SANIYADARI,SANIYADARI,2,14
VADODARA,SANKHEDA,SANKHEDA,SANKHEDA,50,677
VADODARA,SANKHEDA,SANOLI,SANOLI,1,126
VADODARA,SANKHEDA,SARADIYA,SARADIYA,15,128
VADODARA,SANKHEDA,SARANGPUR,SARANGPUR,2,219
VADODARA,SANKHEDA,SARDARPURA,SARDARPURA,5,60
VADODARA,SANKHEDA,SARGI,SARGI,24,191
VADODARA,SANKHEDA,SARSINDA (CHO),SARSINDACHO,7,417
VADODARA,SANKHEDA,SARSINDA (JHARVAN),SARSINDAJHARVAN,42,313
VADODARA,SANKHEDA,SARSINDA CHHACHHA,SARSINDACHHACHHA,5,212
VADODARA,SANKHEDA,SAVJIPURA,SAVJIPURA,12,51
VADODARA,SANKHEDA,SHEKHANPUR,SHEKHANPUR,6,54
VADODARA,SANKHEDA,SHREE GAM KANBI,SHREEGAMKANBI,3,93
VADODARA,SANKHEDA,SHREEGAM DHANKA,SHREEGAMDHANKA,23,178
VADODARA,SANKHEDA,SINHADRA,SINHADRA,2,221
VADODARA,SANKHEDA,SONGIR,SONGIR,4,1356
VADODARA,SANKHEDA,SOYTHA,SOYTHA,25,103
VADODARA,SANKHEDA,SUNDERPURA,SUNDERPURA,2,110
VADODARA,SANKHEDA,SURYA,SURYA,6,340
VADODARA,SANKHEDA,TALAKPUR,TALAKPUR,10,108
VADODARA,SANKHEDA,TALETI,TALETI,5,197
VADODARA,SANKHEDA,TANAKHALA,TANAKHALA,11,188
VADODARA,SANKHEDA,TANDALJA,TANDALJA,34,772
VADODARA,SANKHEDA,TARGOL,TARGOL,10,530
VADODARA,SANKHEDA,TIMBA,TIMBA,12,610
VADODARA,SANKHEDA,TIMBI,TIMBI,16,143
VADODARA,SANKHEDA,UNDI,UNDI,6,134
VADODARA,SANKHEDA,VADADLA,VADADLA,3,211
VADODARA,SANKHEDA,VADADLA (CHORANGLA),VADADLACHORANGLA,13,202
VADODARA,SANKHEDA,VADADLI,VADADLI,4,245
VADODARA,SANKHEDA,VADELI,VADELI,7,296
VADODARA,SANKHEDA,VADIYA (BIHORA),VADIYABIHORA,4,83
VADODARA,SANKHEDA,VADIYA (RAIPUR),VADIYARAIPUR,2,86
VADODARA,SANKHEDA,VAGHETHA,VAGHETHA,3,237
VADODARA,SANKHEDA,VANIYADRI,VANIYADRI,15,1779
VADODARA,SANKHEDA,VASANA,VASANA,7,537
VADODARA,SANKHEDA,VASANA (SEVADA),VASANASEVADA,1,347
VADODARA,SANKHEDA,VATVATIYA,VATVATIYA,10,129
VADODARA,SANKHEDA,VEJALIYA,VEJALIYA,10,115
VADODARA,SANKHEDA,VELPUR,VELPUR,14,149
VADODARA,SANKHEDA,VIRAMPURA,VIRAMPURA,11,129
VADODARA,SANKHEDA,WANDARDA,WANDARDA,3,726
VADODARA,SANKHEDA,ZAMPA,ZAMPA,3,63
VADODARA,SANKHEDA,ZAND,ZAND,4,30
VADODARA,SANKHEDA,ZANKHARPURA,ZANKHARPURA,23,267
VADODARA,SAVLI,ADALWADA,ADALWADA,9,287
VADODARA,SAVLI,AJABPURA,AJABPURA,79,586
VADODARA,SAVLI,ALINDRA,ALINDRA,9,270
VADODARA,SAVLI,AMARAPURA,AMARAPURA,41,457
VADODARA,SAVLI,ANDRAKHIYA,ANDRAKHIYA,30,447
VADODARA,SAVLI,ANJESAR,ANJESAR,35,633
VADODARA,SAVLI,ANKALIYA,ANKALIYA,10,534
VADODARA,SAVLI,BAHIDHARA ALIAS NATV,BAHIDHARAALIASNATV,28,734
VADODARA,SAVLI,BAUTHA,BAUTHA,53,531
VADODARA,SAVLI,BHADARVA,BHADARVA,29,241
VADODARA,SAVLI,BHILA,BHILA,14,162
VADODARA,SAVLI,CHANDRANAGAR,CHANDRANAGAR,15,99
VADODARA,SAVLI,CHARANPURA,CHARANPURA,6,216
VADODARA,SAVLI,CHHALIER,CHHALIER,49,1152
VADODARA,SAVLI,DESAR,DESAR,46,2938
VADODARA,SAVLI,DHANORA,DHANORA,32,286
VADODARA,SAVLI,DHANTEJ,DHANTEJ,19,1108
VADODARA,SAVLI,DIPAPURA,DIPAPURA,3,435
VADODARA,SAVLI,DOLATPURA,DOLATPURA,9,1673
VADODARA,SAVLI,DUNGRAPURA,DUNGRAPURA,16,880
VADODARA,SAVLI,DUNGRIPURA (INTVAD),DUNGRIPURAINTVAD,12,160
VADODARA,SAVLI,DUNGRIPURA(SIHORI),DUNGRIPURASIHORI,53,460
VADODARA,SAVLI,GANGADIYA,GANGADIYA,18,536
VADODARA,SAVLI,GANGADIYAPURA,GANGADIYAPURA,10,150
VADODARA,SAVLI,GARDHIYA,GARDHIYA,29,1446
VADODARA,SAVLI,GHANTA,GHANTA,34,194
VADODARA,SAVLI,GHANTIYAL,GHANTIYAL,12,431
VADODARA,SAVLI,GHEMALPURA,GHEMALPURA,8,204
VADODARA,SAVLI,GOKALPURA GANESHPURA,GOKALPURAGANESHPURA,4,249
VADODARA,SAVLI,GORSAN,GORSAN,14,203
VADODARA,SAVLI,GOTHADA,GOTHADA,52,2978
VADODARA,SAVLI,GULABPURA,GULABPURA,3,143
VADODARA,SAVLI,GUTARDI,GUTARDI,5,822
VADODARA,SAVLI,HARIPURA,HARIPURA,7,333
VADODARA,SAVLI,HIMMATPURA,HIMMATPURA,11,574
VADODARA,SAVLI,INDRAD,INDRAD,88,1384
VADODARA,SAVLI,INTVAD,INTVAD,51,507
VADODARA,SAVLI,JALAMPURA,JALAMPURA,10,116
VADODARA,SAVLI,JAMBU GORAL,JAMBUGORAL,59,774
VADODARA,SAVLI,JAVLA,JAVLA,21,1076
VADODARA,SAVLI,JESAR GOPARI,JESARGOPARI,12,949
VADODARA,SAVLI,KADACHHALA,KADACHHALA,12,674
VADODARA,SAVLI,KALUPURA,KALUPURA,6,57
VADODARA,SAVLI,KALYAN PATELNU MUVAD,KALYANPATELNUMUVAD,6,152
VADODARA,SAVLI,KAMALPURA,KAMALPURA,55,166
VADODARA,SAVLI,KAMBOLA,KAMBOLA,24,180
VADODARA,SAVLI,KANODA,KANODA,46,827
VADODARA,SAVLI,KARACHIYA,KARACHIYA,46,504
VADODARA,SAVLI,KASALAPURA,KASALAPURA,37,419
VADODARA,SAVLI,KHAKHRIYA,KHAKHRIYA,16,230
VADODARA,SAVLI,KHANDI,KHANDI,6,94
VADODARA,SAVLI,KHOKHAR,KHOKHAR,22,237
VADODARA,SAVLI,KUNPAD,KUNPAD,43,609
VADODARA,SAVLI,LACHHANPURA,LACHHANPURA,10,202
VADODARA,SAVLI,LAMDAPURA,LAMDAPURA,5,108
VADODARA,SAVLI,LASUNDRA,LASUNDRA,39,438
VADODARA,SAVLI,LATVA,LATVA,48,509
VADODARA,SAVLI,LIMDI,LIMDI,47,594
VADODARA,SAVLI,LIMDINU MUVADU,LIMDINUMUVADU,11,106
VADODARA,SAVLI,LOTNA,LOTNA,20,179
VADODARA,SAVLI,MAHAPURA,MAHAPURA,17,98
VADODARA,SAVLI,MAL ANKALIYA,MALANKALIYA,28,401
VADODARA,SAVLI,MANEKLA,MANEKLA,10,147
VADODARA,SAVLI,MANJUSAR,MANJUSAR,106,1982
VADODARA,SAVLI,MEVALIAPURA,MEVALIAPURA,1,80
VADODARA,SAVLI,MEVLI,MEVLI,20,1357
VADODARA,SAVLI,MOKAMPURA,MOKAMPURA,22,2215
VADODARA,SAVLI,MOKSI,MOKSI,42,1311
VADODARA,SAVLI,MOTI BHADOL,MOTIBHADOL,45,527
VADODARA,SAVLI,MOTI VARNOLI,MOTIVARNOLI,7,235
VADODARA,SAVLI,MOTIPURA,MOTIPURA,37,156
VADODARA,SAVLI,MUDHELA,MUDHELA,19,402
VADODARA,SAVLI,MUVAL,MUVAL,49,2000
VADODARA,SAVLI,NAMISARA,NAMISARA,35,778
VADODARA,SAVLI,NANI BHADOL,NANIBHADOL,27,974
VADODARA,SAVLI,NANI VARNOLI,NANIVARNOLI,4,158
VADODARA,SAVLI,NANI VARNOLI (VANTO),NANIVARNOLIVANTO,17,154
VADODARA,SAVLI,NARPURA,NARPURA,5,87
VADODARA,SAVLI,NARPURI-RAMPURI,NARPURIRAMPURI,5,112
VADODARA,SAVLI,NHARA,NHARA,49,658
VADODARA,SAVLI,PALDI,PALDI,19,176
VADODARA,SAVLI,PANDU,PANDU,48,352
VADODARA,SAVLI,PARTHAMPURA (BHADARV,PARTHAMPURABHADARV,11,181
VADODARA,SAVLI,PARTHAMPURA (SHIHORA,PARTHAMPURASHIHORA,96,735
VADODARA,SAVLI,PASVA,PASVA,64,567
VADODARA,SAVLI,PILOL,PILOL,60,1307
VADODARA,SAVLI,PIPALCHHAT,PIPALCHHAT,15,175
VADODARA,SAVLI,PIPALCHHAT VANTO,PIPALCHHATVANTO,7,981
VADODARA,SAVLI,POICHA (KANODA),POICHAKANODA,46,1038
VADODARA,SAVLI,POICHA (RANIYA),POICHARANIYA,13,546
VADODARA,SAVLI,PRATAPNAGAR,PRATAPNAGAR,51,524
VADODARA,SAVLI,PRATAPPURA,PRATAPPURA,7,154
VADODARA,SAVLI,RAIPURA CHHATRAPURA,RAIPURACHHATRAPURA,45,655
VADODARA,SAVLI,RAJPUR,RAJPUR,16,256
VADODARA,SAVLI,RAJUPURA,RAJUPURA,29,315
VADODARA,SAVLI,RANCHHODPURA,RANCHHODPURA,14,136
VADODARA,SAVLI,RANIPURA,RANIPURA,12,91
VADODARA,SAVLI,RANIPURA (SAMLAYA),RANIPURASAMLAYA,23,759
VADODARA,SAVLI,RANIYA,RANIYA,71,558
VADODARA,SAVLI,RASAWADI,RASAWADI,28,331
VADODARA,SAVLI,RASULPUR,RASULPUR,31,916
VADODARA,SAVLI,RUPANKUI,RUPANKUI,26,402
VADODARA,SAVLI,SADRA,SADRA,17,231
VADODARA,SAVLI,SAMANTPURA,SAMANTPURA,14,108
VADODARA,SAVLI,SAMLAYA,SAMLAYA,78,922
VADODARA,SAVLI,SANDHASAL,SANDHASAL,20,1148
VADODARA,SAVLI,SANPIYA,SANPIYA,21,190
VADODARA,SAVLI,SARDARPURA,SARDARPURA,12,77
VADODARA,SAVLI,SHERPURA,SHERPURA,6,285
VADODARA,SAVLI,SHIHORA,SHIHORA,30,896
VADODARA,SAVLI,SINGANIYA,SINGANIYA,8,124
VADODARA,SAVLI,SUBHELAV,SUBHELAV,34,152
VADODARA,SAVLI,TANSIYA,TANSIYA,5,132
VADODARA,SAVLI,TULSIGAM,TULSIGAM,20,238
VADODARA,SAVLI,TULSIPURA,TULSIPURA,10,354
VADODARA,SAVLI,TUNDAV,TUNDAV,107,1796
VADODARA,SAVLI,UDALPUR,UDALPUR,9,123
VADODARA,SAVLI,VACHCHHESAR,VACHCHHESAR,28,179
VADODARA,SAVLI,VADADALA,VADADALA,27,295
VADODARA,SAVLI,VADIYA (K),VADIYAK,44,263
VADODARA,SAVLI,VADIYA (PANDU),VADIYAPANDU,16,94
VADODARA,SAVLI,VAGHANU MUVADU(VADHA),VAGHANUMUVADUVADHA,20,238
VADODARA,SAVLI,VAKTAPURA,VAKTAPURA,15,465
VADODARA,SAVLI,VALAVAV,VALAVAV,35,277
VADODARA,SAVLI,VANKANEDA,VANKANEDA,37,426
VADODARA,SAVLI,VANSIYA,VANSIYA,26,391
VADODARA,SAVLI,VARSADA,VARSADA,46,1221
VADODARA,SAVLI,VASANPURA,VASANPURA,22,380
VADODARA,SAVLI,VAV,VAV,30,269
VADODARA,SAVLI,VEJPUR,VEJPUR,68,794
VADODARA,SAVLI,VEMAR,VEMAR,114,3473
VADODARA,SAVLI,VITOJ,VITOJ,17,303
VADODARA,SAVLI,WAGHPURA,WAGHPURA,6,99
VADODARA,SAVLI,WANKANER,WANKANER,61,1009
VADODARA,SAVLI,ZUMKAL,ZUMKAL,2,157
VADODARA,SAVLI,ZUMKHA,ZUMKHA,4,820
VADODARA,SINOR,ACHISARA,ACHISARA,7,837
VADODARA,SINOR,AMBALI,AMBALI,8,617
VADODARA,SINOR,ANANDI,ANANDI,16,843
VADODARA,SINOR,AVAKHAL,AVAKHAL,12,1327
VADODARA,SINOR,BARKAL,BARKAL,5,562
VADODARA,SINOR,BAVALIYA,BAVALIYA,2,529
VADODARA,SINOR,BHEKHADA,BHEKHADA,5,207
VADODARA,SINOR,BITHALI,BITHALI,25,612
VADODARA,SINOR,CHHANBHOI,CHHANBHOI,10,851
VADODARA,SINOR,DAMAPURA,DAMAPURA,17,418
VADODARA,SINOR,DAMNAGAR,DAMNAGAR,4,308
VADODARA,SINOR,DARIAPURA,DARIAPURA,5,195
VADODARA,SINOR,DIVER,DIVER,14,1504
VADODARA,SINOR,GARADI,GARADI,6,373
VADODARA,SINOR,KANJETHA,KANJETHA,19,765
VADODARA,SINOR,KUKAS,KUKAS,3,791
VADODARA,SINOR,MALPUR,MALPUR,8,405
VADODARA,SINOR,MALSAR,MALSAR,47,1051
VADODARA,SINOR,MANDVA,MANDVA,5,315
VADODARA,SINOR,MANJROL,MANJROL,2,1018
VADODARA,SINOR,MINDHOL,MINDHOL,19,975
VADODARA,SINOR,MOLETHA,MOLETHA,16,921
VADODARA,SINOR,MOTA FOFALIYA,MOTAFOFALIYA,13,1222
VADODARA,SINOR,MOTA KARALA,MOTAKARALA,8,1056
VADODARA,SINOR,NANA HABIPURA,NANAHABIPURA,5,350
VADODARA,SINOR,NANA KARALA,NANAKARALA,35,615
VADODARA,SINOR,PUNIYAD,PUNIYAD,5,611
VADODARA,SINOR,SADHLI,SADHLI,66,1283
VADODARA,SINOR,SANDHA,SANDHA,6,292
VADODARA,SINOR,SATISANA,SATISANA,12,612
VADODARA,SINOR,SEGVA,SEGVA,30,510
VADODARA,SINOR,SHINOR,SHINOR,19,1501
VADODARA,SINOR,SIMLI,SIMLI,26,2589
VADODARA,SINOR,SURASAMAL,SURASAMAL,16,1054
VADODARA,SINOR,TARVA,TARVA,5,483
VADODARA,SINOR,TERSA,TERSA,2,327
VADODARA,SINOR,TIMBARVA,TIMBARVA,23,1270
VADODARA,SINOR,TINGLOD,TINGLOD,20,452
VADODARA,SINOR,UTRAJ,UTRAJ,11,843
VADODARA,SINOR,VANIYAD,VANIYAD,22,530
VADODARA,SINOR,ZANZAD,ZANZAD,30,852
VADODARA,VADODARA RURAL,AJITPURA,AJITPURA,4,82
VADODARA,VADODARA RURAL,AJOD,AJOD,21,369
VADODARA,VADODARA RURAL,ALHADPURA,ALHADPURA,4,338
VADODARA,VADODARA RURAL,ANAGADH,ANAGADH,37,1481
VADODARA,VADODARA RURAL,ANKHI,ANKHI,12,512
VADODARA,VADODARA RURAL,ASOJ,ASOJ,11,963
VADODARA,VADODARA RURAL,DIWALIPURA,DIWALIPURA,2,240
VADODARA,VADODARA RURAL,DODKA,DODKA,28,676
VADODARA,VADODARA RURAL,DOLATPURA,DOLATPURA,4,84
VADODARA,VADODARA RURAL,FAJALPUR (ANKHI),FAJALPURANKHI,8,281
VADODARA,VADODARA RURAL,FATEPURA,FATEPURA,1,119
VADODARA,VADODARA RURAL,GOSINDRA,GOSINDRA,13,444
VADODARA,VADODARA RURAL,HANSAJIPURA,HANSAJIPURA,8,112
VADODARA,VADODARA RURAL,HANSAPURA,HANSAPURA,6,101
VADODARA,VADODARA RURAL,HINGLOT,HINGLOT,6,181
VADODARA,VADODARA RURAL,ITOLA,ITOLA,7,1611
VADODARA,VADODARA RURAL,KAJAPUR,KAJAPUR,6,135
VADODARA,VADODARA RURAL,KANDKOI,KANDKOI,2,207
VADODARA,VADODARA RURAL,KARALI,KARALI,5,463
VADODARA,VADODARA RURAL,KASHIPURA,KASHIPURA,5,456
VADODARA,VADODARA RURAL,KHALI PUR,KHALIPUR,13,315
VADODARA,VADODARA RURAL,KOTNA,KOTNA,21,601
VADODARA,VADODARA RURAL,MASTUPUR GAMDI,MASTUPURGAMDI,2,103
VADODARA,VADODARA RURAL,MEGHAKUI,MEGHAKUI,5,510
VADODARA,VADODARA RURAL,PATARVENI,PATARVENI,2,301
VADODARA,VADODARA RURAL,POR,POR,19,1255
VADODARA,VADODARA RURAL,RABHIPARA,RABHIPARA,11,184
VADODARA,VADODARA RURAL,RAGHAVPARA,RAGHAVPARA,17,319
VADODARA,VADODARA RURAL,RAMAN GAMDI,RAMANGAMDI,9,320
VADODARA,VADODARA RURAL,RAMNATH,RAMNATH,13,588
VADODARA,VADODARA RURAL,RASULPUR,RASULPUR,3,79
VADODARA,VADODARA RURAL,RAYAKA,RAYAKA,16,482
VADODARA,VADODARA RURAL,RUNVAD,RUNVAD,24,770
VADODARA,VADODARA RURAL,SALAD,SALAD,15,562
VADODARA,VADODARA RURAL,SAMASPURA,SAMASPURA,4,215
VADODARA,VADODARA RURAL,SARAR,SARAR,27,1102
VADODARA,VADODARA RURAL,SHAHPURA,SHAHPURA,16,119
VADODARA,VADODARA RURAL,SINDROT,SINDROT,55,701
VADODARA,VADODARA RURAL,SOKHDA,SOKHDA,15,1340
VADODARA,VADODARA RURAL,SULTANPARA,SULTANPARA,1,152
VADODARA,VADODARA RURAL,TATARPURA,TATARPURA,11,324
VADODARA,VADODARA RURAL,UNTIYA (MEDHAD),UNTIYAMEDHAD,9,481
VADODARA,VADODARA RURAL,VASNA-KOTARIYA,VASNAKOTARIYA,8,419
VADODARA,VAGHODIA,ABHRAMPURA,ABHRAMPURA,4,223
VADODARA,VAGHODIA,ADIRAN,ADIRAN,6,397
VADODARA,VAGHODIA,ALVA,ALVA,26,564
VADODARA,VAGHODIA,AMBALI,AMBALI,11,224
VADODARA,VAGHODIA,AMRESHWAR,AMRESHWAR,19,91
VADODARA,VAGHODIA,AMRUTPURA,AMRUTPURA,5,65
VADODARA,VAGHODIA,ANTOLI,ANTOLI,6,429
VADODARA,VAGHODIA,ASHA,ASHA,7,108
VADODARA,VAGHODIA,ASOJ,ASOJ,46,620
VADODARA,VAGHODIA,BHADOL KHURD,BHADOLKHURD,22,168
VADODARA,VAGHODIA,BODIDRA,BODIDRA,29,355
VADODARA,VAGHODIA,CHANDPUR,CHANDPUR,15,110
VADODARA,VAGHODIA,CHIPAD,CHIPAD,7,442
VADODARA,VAGHODIA,CHIPAT,CHIPAT,10,62
VADODARA,VAGHODIA,DANKHEDA,DANKHEDA,11,145
VADODARA,VAGHODIA,DATTAPURA,DATTAPURA,13,62
VADODARA,VAGHODIA,DHAROLA,DHAROLA,1,62
VADODARA,VAGHODIA,DUNDELAV,DUNDELAV,7,59
VADODARA,VAGHODIA,FALOD,FALOD,17,537
VADODARA,VAGHODIA,GAJADRA,GAJADRA,87,877
VADODARA,VAGHODIA,GAMBHIRPURA,GAMBHIRPURA,5,42
VADODARA,VAGHODIA,GANESHPURA,GANESHPURA,9,244
VADODARA,VAGHODIA,GHODA,GHODA,14,109
VADODARA,VAGHODIA,GHODADRA,GHODADRA,23,588
VADODARA,VAGHODIA,GOGALPUR,GOGALPUR,14,194
VADODARA,VAGHODIA,GORAJ,GORAJ,90,1741
VADODARA,VAGHODIA,GUTAL,GUTAL,53,1018
VADODARA,VAGHODIA,HAMIRPURI,HAMIRPURI,1,47
VADODARA,VAGHODIA,HANSAPURA,HANSAPURA,8,276
VADODARA,VAGHODIA,INTOLI,INTOLI,1,312
VADODARA,VAGHODIA,JAFARPURA,JAFARPURA,6,137
VADODARA,VAGHODIA,JAMBUWADA,JAMBUWADA,35,405
VADODARA,VAGHODIA,JAROD,JAROD,92,1577
VADODARA,VAGHODIA,JUNA RAMPURA,JUNARAMPURA,8,119
VADODARA,VAGHODIA,KACHHOTA,KACHHOTA,5,198
VADODARA,VAGHODIA,KAMLAPURA,KAMLAPURA,21,102
VADODARA,VAGHODIA,KAMROL,KAMROL,51,956
VADODARA,VAGHODIA,KARAMALIYAPURA,KARAMALIYAPURA,23,614
VADODARA,VAGHODIA,KARMASIYA KHEDA,KARMASIYAKHEDA,27,601
VADODARA,VAGHODIA,KHANDHA,KHANDHA,53,361
VADODARA,VAGHODIA,KHANDIWADA,KHANDIWADA,25,59
VADODARA,VAGHODIA,KHERVADI,KHERVADI,29,241
VADODARA,VAGHODIA,KOBA,KOBA,7,73
VADODARA,VAGHODIA,KODARVAYA,KODARVAYA,6,71
VADODARA,VAGHODIA,KOTAMBI,KOTAMBI,72,1806
VADODARA,VAGHODIA,LILORA,LILORA,5,597
VADODARA,VAGHODIA,LIMDA,LIMDA,72,1132
VADODARA,VAGHODIA,MADHELI,MADHELI,41,799
VADODARA,VAGHODIA,MASTUPURA,MASTUPURA,27,827
VADODARA,VAGHODIA,MOTI MANEKPUR,MOTIMANEKPUR,53,273
VADODARA,VAGHODIA,MUDODHAR,MUDODHAR,90,1063
VADODARA,VAGHODIA,NANI MANEKPUR,NANIMANEKPUR,7,29
VADODARA,VAGHODIA,NAVA AJVA,NAVAAJVA,12,377
VADODARA,VAGHODIA,NAVA RAMPURA,NAVARAMPURA,2,125
VADODARA,VAGHODIA,NAVAGAM,NAVAGAM,24,206
VADODARA,VAGHODIA,NURPURI,NURPURI,10,104
VADODARA,VAGHODIA,PALDI,PALDI,39,399
VADODARA,VAGHODIA,PANCH DEVLA,PANCHDEVLA,16,310
VADODARA,VAGHODIA,PIPALIYA,PIPALIYA,46,811
VADODARA,VAGHODIA,RAHKUI,RAHKUI,16,161
VADODARA,VAGHODIA,RAJPURA,RAJPURA,39,293
VADODARA,VAGHODIA,RASULABAD,RASULABAD,35,348
VADODARA,VAGHODIA,RAVAL,RAVAL,79,1108
VADODARA,VAGHODIA,RAYAN TALAVADI,RAYANTALAVADI,22,186
VADODARA,VAGHODIA,ROPA,ROPA,20,216
VADODARA,VAGHODIA,RUSTAMPURA,RUSTAMPURA,17,121
VADODARA,VAGHODIA,SAIDAL,SAIDAL,31,387
VADODARA,VAGHODIA,SAKARIYA,SAKARIYA,20,1301
VADODARA,VAGHODIA,SANGADOL,SANGADOL,46,807
VADODARA,VAGHODIA,SANOLI,SANOLI,28,425
VADODARA,VAGHODIA,SARNEJ,SARNEJ,27,250
VADODARA,VAGHODIA,TARSVA,TARSVA,24,686
VADODARA,VAGHODIA,TAVRA,TAVRA,33,318
VADODARA,VAGHODIA,TIMBI,TIMBI,4,169
VADODARA,VAGHODIA,UMARVA,UMARVA,12,224
VADODARA,VAGHODIA,VALVA,VALVA,1,140
VADODARA,VAGHODIA,VASVEL,VASVEL,17,536
VADODARA,VAGHODIA,VEDPUR,VEDPUR,60,292
VADODARA,VAGHODIA,VEJALPUR,VEJALPUR,30,512
VADODARA,VAGHODIA,VESANIYA,VESANIYA,7,209
VADODARA,VAGHODIA,VYANKATPURA,VYANKATPURA,10,190
VADODARA,VAGHODIA,VYARA,VYARA,122,2208
VADODARA,VAGHODIA,WAGHODIA,WAGHODIA,108,2425
VALSAD,DHARAMPUR,AMBA TALAT,AMBATALAT,94,926
VALSAD,DHARAMPUR,ASURA,ASURA,53,492
VALSAD,DHARAMPUR,AVALKHANDI,AVALKHANDI,10,118
VALSAD,DHARAMPUR,AVDHA,AVDHA,29,739
VALSAD,DHARAMPUR,BAMTI,BAMTI,72,877
VALSAD,DHARAMPUR,BAROLIYA,BAROLIYA,61,685
VALSAD,DHARAMPUR,BARSOL,BARSOL,34,455
VALSAD,DHARAMPUR,BARUMAL,BARUMAL,36,677
VALSAD,DHARAMPUR,BHAMBHA,BHAMBHA,74,460
VALSAD,DHARAMPUR,BHANVAL,BHANVAL,6,1798
VALSAD,DHARAMPUR,BHAVADA (TALAT),BHAVADATALAT,12,450
VALSAD,DHARAMPUR,BHAVTHAN AMBOSI,BHAVTHANAMBOSI,2,405
VALSAD,DHARAMPUR,BHAVTHAN JUNGLE,BHAVTHANJUNGLE,5,55
VALSAD,DHARAMPUR,BHENSDARA,BHENSDARA,46,530
VALSAD,DHARAMPUR,BHUTRUN,BHUTRUN,4,28
VALSAD,DHARAMPUR,BILDHA,BILDHA,5,307
VALSAD,DHARAMPUR,BILPUDI,BILPUDI,72,1737
VALSAD,DHARAMPUR,BOKADDHARA,BOKADDHARA,3,108
VALSAD,DHARAMPUR,BOPI,BOPI,21,677
VALSAD,DHARAMPUR,CHASMANDVA,CHASMANDVA,7,124
VALSAD,DHARAMPUR,CHAVRA,CHAVRA,4,75
VALSAD,DHARAMPUR,CHICHOZAR,CHICHOZAR,32,127
VALSAD,DHARAMPUR,DANDVEL,DANDVEL,2,168
VALSAD,DHARAMPUR,DHAMNI,DHAMNI,24,495
VALSAD,DHARAMPUR,DHANKVAL,DHANKVAL,10,139
VALSAD,DHARAMPUR,FULWADI,FULWADI,16,218
VALSAD,DHARAMPUR,GADI,GADI,9,276
VALSAD,DHARAMPUR,GANVA,GANVA,14,207
VALSAD,DHARAMPUR,GORKHADA,GORKHADA,16,104
VALSAD,DHARAMPUR,GUNDIYA,GUNDIYA,3,293
VALSAD,DHARAMPUR,HANMATMAL,HANMATMAL,98,888
VALSAD,DHARAMPUR,HATHANBARI,HATHANBARI,17,184
VALSAD,DHARAMPUR,HEDRI,HEDRI,3,87
VALSAD,DHARAMPUR,JAGIRI,JAGIRI,63,1408
VALSAD,DHARAMPUR,JAMALIYA,JAMALIYA,33,490
VALSAD,DHARAMPUR,KAKADKUVA,KAKADKUVA,71,403
VALSAD,DHARAMPUR,KANGVI,KANGVI,19,400
VALSAD,DHARAMPUR,KARANJVERI,KARANJVERI,25,961
VALSAD,DHARAMPUR,KELAVANI,KELAVANI,11,347
VALSAD,DHARAMPUR,KHADKI,KHADKI,6,218
VALSAD,DHARAMPUR,KHAMDAHAD,KHAMDAHAD,1,120
VALSAD,DHARAMPUR,KHANDA,KHANDA,25,417
VALSAD,DHARAMPUR,KHAPATIYA,KHAPATIYA,7,50
VALSAD,DHARAMPUR,KHARVEL,KHARVEL,17,334
VALSAD,DHARAMPUR,KHATANA,KHATANA,35,668
VALSAD,DHARAMPUR,KHOBA,KHOBA,5,42
VALSAD,DHARAMPUR,KOSIMPADA,KOSIMPADA,5,195
VALSAD,DHARAMPUR,KURGAM,KURGAM,29,1190
VALSAD,DHARAMPUR,LAKADMAL,LAKADMAL,46,437
VALSAD,DHARAMPUR,LUHERI,LUHERI,32,495
VALSAD,DHARAMPUR,MADHURI,MADHURI,5,107
VALSAD,DHARAMPUR,MAMA BHACHA,MAMABHACHA,26,353
VALSAD,DHARAMPUR,MANAICHONDI,MANAICHONDI,11,163
VALSAD,DHARAMPUR,MANKADBAN,MANKADBAN,27,1024
VALSAD,DHARAMPUR,MARAGHMAL,MARAGHMAL,15,271
VALSAD,DHARAMPUR,MOHNA KAVCHALI,MOHNAKAVCHALI,9,136
VALSAD,DHARAMPUR,MOHPADA,MOHPADA,2,48
VALSAD,DHARAMPUR,MOLVERI,MOLVERI,12,191
VALSAD,DHARAMPUR,MORDAHAD,MORDAHAD,8,136
VALSAD,DHARAMPUR,MOTI DHOL DUNGARI,MOTIDHOLDUNGARI,40,494
VALSAD,DHARAMPUR,MOTI KORVAD,MOTIKORVAD,11,500
VALSAD,DHARAMPUR,MOTI KOSBADI,MOTIKOSBADI,7,130
VALSAD,DHARAMPUR,MURDAD,MURDAD,13,328
VALSAD,DHARAMPUR,NADAGDHARI,NADAGDHARI,13,501
VALSAD,DHARAMPUR,NANI DHOL DUNGARI,NANIDHOLDUNGARI,7,585
VALSAD,DHARAMPUR,NANI KORVAD,NANIKORVAD,16,145
VALSAD,DHARAMPUR,NANI KOSBADI,NANIKOSBADI,7,113
VALSAD,DHARAMPUR,NANI VAHIYAL,NANIVAHIYAL,53,309
VALSAD,DHARAMPUR,PAIKHED,PAIKHED,5,110
VALSAD,DHARAMPUR,PANDAV KHADAK,PANDAVKHADAK,10,686
VALSAD,DHARAMPUR,PANDHA JUNGLE,PANDHAJUNGLE,5,30
VALSAD,DHARAMPUR,PANGARBARI,PANGARBARI,13,441
VALSAD,DHARAMPUR,PANVA,PANVA,12,386
VALSAD,DHARAMPUR,PENDHA,PENDHA,11,136
VALSAD,DHARAMPUR,PINDVAL,PINDVAL,27,337
VALSAD,DHARAMPUR,PIPALPADA,PIPALPADA,4,693
VALSAD,DHARAMPUR,PIPROL,PIPROL,32,283
VALSAD,DHARAMPUR,PIRUMAL,PIRUMAL,3,155
VALSAD,DHARAMPUR,RAJPURI JUNGLE,RAJPURIJUNGLE,15,219
VALSAD,DHARAMPUR,RAJPURI TALAT,RAJPURITALAT,37,398
VALSAD,DHARAMPUR,RANPADA,RANPADA,8,179
VALSAD,DHARAMPUR,RANVERI,RANVERI,2,94
VALSAD,DHARAMPUR,SADADVERA,SADADVERA,2,271
VALSAD,DHARAMPUR,SAJANI BARADA,SAJANIBARADA,6,350
VALSAD,DHARAMPUR,SAMARSINGI,SAMARSINGI,1,84
VALSAD,DHARAMPUR,SANTVANKAL,SANTVANKAL,3,65
VALSAD,DHARAMPUR,SIDUMBAR,SIDUMBAR,44,493
VALSAD,DHARAMPUR,SINGARMAL,SINGARMAL,6,140
VALSAD,DHARAMPUR,SISUMAL,SISUMAL,3,140
VALSAD,DHARAMPUR,SONDAR,SONDAR,9,279
VALSAD,DHARAMPUR,TAMACHHADI,TAMACHHADI,11,262
VALSAD,DHARAMPUR,TANACHHIYA,TANACHHIYA,6,134
VALSAD,DHARAMPUR,TANKI,TANKI,17,142
VALSAD,DHARAMPUR,TISKARI TALAT,TISKARITALAT,65,1484
VALSAD,DHARAMPUR,TITU KHADAK,TITUKHADAK,6,112
VALSAD,DHARAMPUR,TUMBI,TUMBI,24,341
VALSAD,DHARAMPUR,TUTARKHED,TUTARKHED,6,123
VALSAD,DHARAMPUR,UKTA,UKTA,32,328
VALSAD,DHARAMPUR,ULASPEDHI,ULASPEDHI,12,152
VALSAD,DHARAMPUR,UPALPADA,UPALPADA,5,108
VALSAD,DHARAMPUR,VAGHVAL,VAGHVAL,11,191
VALSAD,DHARAMPUR,VANJHALAT,VANJHALAT,5,111
VALSAD,DHARAMPUR,VANKHAS,VANKHAS,5,89
VALSAD,DHARAMPUR,VANSDA,VANSDA,12,53
VALSAD,DHARAMPUR,VATHODA,VATHODA,4,72
VALSAD,DHARAMPUR,VIRVAL,VIRVAL,23,467
VALSAD,DHARAMPUR,ZARIYA,ZARIYA,27,309
VALSAD,KAPRADA,AMBA JUNGLE,AMBAJUNGLE,28,706
VALSAD,KAPRADA,AMBHETI,AMBHETI,26,1678
VALSAD,KAPRADA,AMDHA,AMDHA,9,470
VALSAD,KAPRADA,ANDHARPADA,ANDHARPADA,14,298
VALSAD,KAPRADA,ARNAI,ARNAI,2,374
VALSAD,KAPRADA,ASALKANTI,ASALKANTI,2,96
VALSAD,KAPRADA,ASLONA,ASLONA,11,1069
VALSAD,KAPRADA,ASTOL,ASTOL,5,465
VALSAD,KAPRADA,BABARKHADAK,BABARKHADAK,17,258
VALSAD,KAPRADA,BALCHONDHI,BALCHONDHI,32,179
VALSAD,KAPRADA,BAMANWADA,BAMANWADA,2,159
VALSAD,KAPRADA,BARPUDA,BARPUDA,41,785
VALSAD,KAPRADA,BHANDAR KUTCH,BHANDARKUTCH,12,295
VALSAD,KAPRADA,BHATHERI,BHATHERI,1,77
VALSAD,KAPRADA,BHAVADA JAGIRI (FORE,BHAVADAJAGIRIFORE,5,220
VALSAD,KAPRADA,BHURVAL,BHURVAL,1,146
VALSAD,KAPRADA,BILIA,BILIA,6,41
VALSAD,KAPRADA,BILONIYA,BILONIYA,4,71
VALSAD,KAPRADA,BORPADA,BORPADA,3,48
VALSAD,KAPRADA,BURLA,BURLA,2,270
VALSAD,KAPRADA,BURVAD,BURVAD,11,2218
VALSAD,KAPRADA,CHANDVEGAN,CHANDVEGAN,16,559
VALSAD,KAPRADA,CHAVSHALA,CHAVSHALA,30,617
VALSAD,KAPRADA,CHEPA,CHEPA,10,1009
VALSAD,KAPRADA,CHICHPADA,CHICHPADA,2,50
VALSAD,KAPRADA,DABHADI,DABHADI,14,115
VALSAD,KAPRADA,DABKHAL,DABKHAL,15,397
VALSAD,KAPRADA,DAHIKHED,DAHIKHED,5,309
VALSAD,KAPRADA,DHAMAN VEGAN,DHAMANVEGAN,4,100
VALSAD,KAPRADA,DHARANMAL,DHARANMAL,2,36
VALSAD,KAPRADA,DHODHAD KUVA,DHODHADKUVA,6,441
VALSAD,KAPRADA,DIGHI,DIGHI,2,106
VALSAD,KAPRADA,DIVSI,DIVSI,1,249
VALSAD,KAPRADA,DIXAL,DIXAL,14,171
VALSAD,KAPRADA,EKLERA,EKLERA,1,124
VALSAD,KAPRADA,FALI,FALI,9,232
VALSAD,KAPRADA,FATEPUR,FATEPUR,4,571
VALSAD,KAPRADA,GHADVI,GHADVI,1,56
VALSAD,KAPRADA,GHANVERI,GHANVERI,1,180
VALSAD,KAPRADA,GHOTAN,GHOTAN,3,325
VALSAD,KAPRADA,GHOTVAL,GHOTVAL,10,100
VALSAD,KAPRADA,GIRNARA,GIRNARA,13,612
VALSAD,KAPRADA,HEDALBARI,HEDALBARI,7,121
VALSAD,KAPRADA,HUDA,HUDA,20,377
VALSAD,KAPRADA,JAM GABHAN,JAMGABHAN,33,263
VALSAD,KAPRADA,JIRVAL,JIRVAL,34,498
VALSAD,KAPRADA,JOGVEL,JOGVEL,12,440
VALSAD,KAPRADA,KAJLI,KAJLI,8,266
VALSAD,KAPRADA,KAKADKOPAR,KAKADKOPAR,90,973
VALSAD,KAPRADA,KAPRADA,KAPRADA,65,1286
VALSAD,KAPRADA,KARCHOND,KARCHOND,13,641
VALSAD,KAPRADA,KARJUN,KARJUN,44,540
VALSAD,KAPRADA,KASATVERI,KASATVERI,1,96
VALSAD,KAPRADA,KASTONIYA,KASTONIYA,9,81
VALSAD,KAPRADA,KELDHA,KELDHA,2,74
VALSAD,KAPRADA,KETKI,KETKI,13,92
VALSAD,KAPRADA,KHADAKVAL,KHADAKVAL,14,687
VALSAD,KAPRADA,KHAREDI,KHAREDI,9,189
VALSAD,KAPRADA,KHATUNIYA,KHATUNIYA,6,107
VALSAD,KAPRADA,KHUNTLI,KHUNTLI,3,229
VALSAD,KAPRADA,KOLVERA,KOLVERA,11,204
VALSAD,KAPRADA,KOTALGAM,KOTALGAM,3,134
VALSAD,KAPRADA,KOTHAR,KOTHAR,5,261
VALSAD,KAPRADA,KUMBHSET,KUMBHSET,1,46
VALSAD,KAPRADA,KUNDA,KUNDA,1,261
VALSAD,KAPRADA,LAVKAR,LAVKAR,14,225
VALSAD,KAPRADA,LIKHAVAD,LIKHAVAD,13,166
VALSAD,KAPRADA,MADHUBAN,MADHUBAN,3,297
VALSAD,KAPRADA,MALGHAR,MALGHAR,23,530
VALSAD,KAPRADA,MALUNGI,MALUNGI,2,142
VALSAD,KAPRADA,MANALA,MANALA,10,279
VALSAD,KAPRADA,MANDVA,MANDVA,114,1005
VALSAD,KAPRADA,MANI,MANI,6,108
VALSAD,KAPRADA,MATUNIYA,MATUNIYA,9,227
VALSAD,KAPRADA,MEGHVAL,MEGHVAL,3,527
VALSAD,KAPRADA,MENDHA,MENDHA,11,408
VALSAD,KAPRADA,MOTA PONDHA,MOTAPONDHA,79,2007
VALSAD,KAPRADA,MOTI PALSAN,MOTIPALSAN,2,759
VALSAD,KAPRADA,MOTI VAHIYAL,MOTIVAHIYAL,5,472
VALSAD,KAPRADA,NAGAR,NAGAR,2,366
VALSAD,KAPRADA,NALI MADHANI,NALIMADHANI,3,194
VALSAD,KAPRADA,NANA PONDHA,NANAPONDHA,47,347
VALSAD,KAPRADA,NANDGAM,NANDGAM,4,339
VALSAD,KAPRADA,NANI PALSAN,NANIPALSAN,5,185
VALSAD,KAPRADA,NARVAD,NARVAD,9,646
VALSAD,KAPRADA,NILOSI,NILOSI,6,312
VALSAD,KAPRADA,NIRVAL,NIRVAL,3,66
VALSAD,KAPRADA,OZAR,OZAR,7,496
VALSAD,KAPRADA,OZARDA,OZARDA,4,564
VALSAD,KAPRADA,PANAS,PANAS,30,399
VALSAD,KAPRADA,PANCHVERA,PANCHVERA,7,62
VALSAD,KAPRADA,PENDHARDEVI,PENDHARDEVI,3,222
VALSAD,KAPRADA,PIPALSET,PIPALSET,11,368
VALSAD,KAPRADA,PIPRONI,PIPRONI,2,382
VALSAD,KAPRADA,PIPROTI,PIPROTI,7,49
VALSAD,KAPRADA,RAHOR,RAHOR,5,114
VALSAD,KAPRADA,RAYMAL,RAYMAL,2,207
VALSAD,KAPRADA,ROHIYAL JUNGLE,ROHIYALJUNGLE,4,333
VALSAD,KAPRADA,ROHIYAL TALAT,ROHIYALTALAT,4,234
VALSAD,KAPRADA,SARVARTANTI,SARVARTANTI,7,128
VALSAD,KAPRADA,SHAHUDA,SHAHUDA,21,266
VALSAD,KAPRADA,SILDHA,SILDHA,17,674
VALSAD,KAPRADA,SINGARTATI,SINGARTATI,3,85
VALSAD,KAPRADA,SUKALBARI,SUKALBARI,3,131
VALSAD,KAPRADA,SUKHALA,SUKHALA,60,945
VALSAD,KAPRADA,SULIYA,SULIYA,9,261
VALSAD,KAPRADA,SUTHARPADA,SUTHARPADA,22,146
VALSAD,KAPRADA,TERI CHIKHLI,TERICHIKHLI,3,266
VALSAD,KAPRADA,TISKARI JUNGLE,TISKARIJUNGLE,3,277
VALSAD,KAPRADA,TITUMAL,TITUMAL,1,98
VALSAD,KAPRADA,TOKARPADA,TOKARPADA,7,77
VALSAD,KAPRADA,TUKVADA,TUKVADA,19,547
VALSAD,KAPRADA,UMARPADA,UMARPADA,2,34
VALSAD,KAPRADA,UMLI,UMLI,3,163
VALSAD,KAPRADA,VADDHA,VADDHA,20,165
VALSAD,KAPRADA,VADI,VADI,2,199
VALSAD,KAPRADA,VADKHAMBHA,VADKHAMBHA,40,736
VALSAD,KAPRADA,VADOLI,VADOLI,5,761
VALSAD,KAPRADA,VADSET,VADSET,18,81
VALSAD,KAPRADA,VAJVAD,VAJVAD,18,225
VALSAD,KAPRADA,VALVERI,VALVERI,11,232
VALSAD,KAPRADA,VARNA,VARNA,6,395
VALSAD,KAPRADA,VAROLI JUNGLE,VAROLIJUNGLE,3,465
VALSAD,KAPRADA,VAROLI TALAT,VAROLITALAT,5,294
VALSAD,KAPRADA,VARVATH,VARVATH,15,713
VALSAD,KAPRADA,VAVAR,VAVAR,3,359
VALSAD,KAPRADA,VERI BHAVADA,VERIBHAVADA,6,395
VALSAD,KAPRADA,VIRAXET,VIRAXET,15,791
VALSAD,PARDI,AMBACH,AMBACH,31,941
VALSAD,PARDI,AMLI,AMLI,19,759
VALSAD,PARDI,ARNALA,ARNALA,25,281
VALSAD,PARDI,ASMA,ASMA,9,268
VALSAD,PARDI,BAGWADA,BAGWADA,3,22
VALSAD,PARDI,BALDA,BALDA,33,611
VALSAD,PARDI,BALITHA,BALITHA,46,364
VALSAD,PARDI,BARAI,BARAI,10,359
VALSAD,PARDI,BORLAI,BORLAI,7,132
VALSAD,PARDI,CHANDOR,CHANDOR,31,351
VALSAD,PARDI,CHANOD,CHANOD,23,286
VALSAD,PARDI,CHHARWADA,CHHARWADA,25,247
VALSAD,PARDI,CHHIRI,CHHIRI,19,263
VALSAD,PARDI,CHIBHAD KACHCHH,CHIBHADKACHCHH,8,174
VALSAD,PARDI,CHIVAL,CHIVAL,49,485
VALSAD,PARDI,DAHELI,DAHELI,7,556
VALSAD,PARDI,DASHWADA,DASHWADA,10,195
VALSAD,PARDI,DEGAM,DEGAM,14,329
VALSAD,PARDI,DHAGADMAL,DHAGADMAL,47,199
VALSAD,PARDI,DUMALAV,DUMALAV,19,641
VALSAD,PARDI,DUNGRI,DUNGRI,46,907
VALSAD,PARDI,GOIMA,GOIMA,44,1129
VALSAD,PARDI,KACHWAL,KACHWAL,12,216
VALSAD,PARDI,KALSAR,KALSAR,33,379
VALSAD,PARDI,KARAMKHAL,KARAMKHAL,7,265
VALSAD,PARDI,KARAYA,KARAYA,9,404
VALSAD,PARDI,KARVAD,KARVAD,38,765
VALSAD,PARDI,KAVAL,KAVAL,10,261
VALSAD,PARDI,KHADKI,KHADKI,34,653
VALSAD,PARDI,KHERLAV,KHERLAV,4,296
VALSAD,PARDI,KHUNTEJ,KHUNTEJ,24,317
VALSAD,PARDI,KIKARLA,KIKARLA,22,474
VALSAD,PARDI,KOCHARVA,KOCHARVA,35,307
VALSAD,PARDI,KOLAK,KOLAK,20,307
VALSAD,PARDI,KOPARLI,KOPARLI,15,699
VALSAD,PARDI,KUMBHARIYA,KUMBHARIYA,16,303
VALSAD,PARDI,KUNTA,KUNTA,19,500
VALSAD,PARDI,LAKHMAPOR,LAKHMAPOR,3,47
VALSAD,PARDI,LAVACHHA,LAVACHHA,23,344
VALSAD,PARDI,MORAI,MORAI,30,267
VALSAD,PARDI,MOTA WAGHCHHIPA,MOTAWAGHCHHIPA,37,361
VALSAD,PARDI,MOTI TAMBADI,MOTITAMBADI,10,568
VALSAD,PARDI,MOTIWADA,MOTIWADA,33,388
VALSAD,PARDI,NAMDHA,NAMDHA,19,236
VALSAD,PARDI,NANA WAGHCHHIPA,NANAWAGHCHHIPA,32,317
VALSAD,PARDI,NANI TAMBADI,NANITAMBADI,23,390
VALSAD,PARDI,NEVRI,NEVRI,28,289
VALSAD,PARDI,NIMKHAL,NIMKHAL,24,211
VALSAD,PARDI,ORVAD,ORVAD,55,301
VALSAD,PARDI,PALSANA,PALSANA,54,539
VALSAD,PARDI,PANCHLAI,PANCHLAI,20,358
VALSAD,PARDI,PANDOR,PANDOR,9,299
VALSAD,PARDI,PARIA,PARIA,52,1293
VALSAD,PARDI,PARVASA,PARVASA,13,408
VALSAD,PARDI,PATI,PATI,6,231
VALSAD,PARDI,RABDI,RABDI,21,225
VALSAD,PARDI,RATA,RATA,7,336
VALSAD,PARDI,RENTLAV,RENTLAV,27,174
VALSAD,PARDI,ROHINA,ROHINA,31,600
VALSAD,PARDI,SALVAV,SALVAV,48,693
VALSAD,PARDI,SAMARPADA,SAMARPADA,13,196
VALSAD,PARDI,SARAN,SARAN,18,207
VALSAD,PARDI,SARODHI,SARODHI,17,389
VALSAD,PARDI,SONDHALWADA,SONDHALWADA,41,454
VALSAD,PARDI,SONWADA,SONWADA,30,767
VALSAD,PARDI,SUKHESH,SUKHESH,62,770
VALSAD,PARDI,SUKHLAV,SUKHLAV,24,420
VALSAD,PARDI,TARAKPARDI,TARAKPARDI,4,90
VALSAD,PARDI,TARMALIYA,TARMALIYA,18,346
VALSAD,PARDI,TIGHARA,TIGHARA,37,300
VALSAD,PARDI,TUKWADA,TUKWADA,34,785
VALSAD,PARDI,UDWADA,UDWADA,77,913
VALSAD,PARDI,UMARSADI,UMARSADI,116,1330
VALSAD,PARDI,VANKACHH,VANKACHH,6,65
VALSAD,PARDI,VARAI,VARAI,26,155
VALSAD,PARDI,VATAR,VATAR,58,897
VALSAD,PARDI,VELPARVA,VELPARVA,14,240
VALSAD,UMBERGAON,ACHCHHARI,ACHCHHARI,27,128
VALSAD,UMBERGAON,AHU,AHU,15,241
VALSAD,UMBERGAON,ANGAM,ANGAM,10,145
VALSAD,UMBERGAON,ANKLAS,ANKLAS,45,380
VALSAD,UMBERGAON,BHATHI KARAMBELI,BHATHIKARAMBELI,22,195
VALSAD,UMBERGAON,BHILAD,BHILAD,85,308
VALSAD,UMBERGAON,BORALAI,BORALAI,52,953
VALSAD,UMBERGAON,BORIGAM,BORIGAM,23,287
VALSAD,UMBERGAON,DAHAD,DAHAD,20,96
VALSAD,UMBERGAON,DAHARI,DAHARI,26,559
VALSAD,UMBERGAON,DAHELI,DAHELI,65,394
VALSAD,UMBERGAON,DHANOLI,DHANOLI,26,147
VALSAD,UMBERGAON,EKLAHARE,EKLAHARE,19,81
VALSAD,UMBERGAON,FANSA,FANSA,32,708
VALSAD,UMBERGAON,GHIMSA KANKARIYA,GHIMSAKANKARIYA,13,142
VALSAD,UMBERGAON,GOVADA,GOVADA,12,183
VALSAD,UMBERGAON,HUMRAN,HUMRAN,6,92
VALSAD,UMBERGAON,JAMBURI,JAMBURI,14,87
VALSAD,UMBERGAON,KACHIGAM,KACHIGAM,15,202
VALSAD,UMBERGAON,KALAI,KALAI,40,202
VALSAD,UMBERGAON,KALGAM,KALGAM,37,656
VALSAD,UMBERGAON,KARAMBELE,KARAMBELE,6,205
VALSAD,UMBERGAON,KARANJGAM,KARANJGAM,16,213
VALSAD,UMBERGAON,KHATTALWADA,KHATTALWADA,53,1338
VALSAD,UMBERGAON,MALAV,MALAV,40,192
VALSAD,UMBERGAON,MAMAKWADA,MAMAKWADA,18,84
VALSAD,UMBERGAON,MANDA,MANDA,38,391
VALSAD,UMBERGAON,MANEKPUR,MANEKPUR,31,173
VALSAD,UMBERGAON,MAROLI,MAROLI,91,771
VALSAD,UMBERGAON,MOHAN,MOHAN,72,369
VALSAD,UMBERGAON,NAGWAS,NAGWAS,18,136
VALSAD,UMBERGAON,NAHULI,NAHULI,22,97
VALSAD,UMBERGAON,NANDIGAM,NANDIGAM,30,408
VALSAD,UMBERGAON,NARGOL,NARGOL,46,525
VALSAD,UMBERGAON,PALGAM,PALGAM,23,692
VALSAD,UMBERGAON,PALI,PALI,11,193
VALSAD,UMBERGAON,PALI KARAMBELI,PALIKARAMBELI,9,710
VALSAD,UMBERGAON,PUNAT,PUNAT,61,180
VALSAD,UMBERGAON,SANJAN,SANJAN,42,808
VALSAD,UMBERGAON,SARAI,SARAI,7,113
VALSAD,UMBERGAON,SARIGAM,SARIGAM,55,510
VALSAD,UMBERGAON,SERONDA,SERONDA,61,281
VALSAD,UMBERGAON,SOLSUMBA,SOLSUMBA,17,287
VALSAD,UMBERGAON,TADGAM,TADGAM,26,201
VALSAD,UMBERGAON,TALWADA,TALWADA,13,49
VALSAD,UMBERGAON,TEMBHI,TEMBHI,8,162
VALSAD,UMBERGAON,TUMB,TUMB,67,438
VALSAD,UMBERGAON,VALWADA,VALWADA,66,218
VALSAD,UMBERGAON,VANKAS,VANKAS,13,707
VALSAD,UMBERGAON,ZAROLI,ZAROLI,46,730
VALSAD,VALSAD,ANJLAV,ANJLAV,6,827
VALSAD,VALSAD,ATAK PARDI,ATAKPARDI,16,166
VALSAD,VALSAD,ATAR,ATAR,5,335
VALSAD,VALSAD,ATGAM,ATGAM,124,2779
VALSAD,VALSAD,ATUL,ATUL,29,658
VALSAD,VALSAD,BHADELI DESAI PARTY,BHADELIDESAIPARTY,35,456
VALSAD,VALSAD,BHADELI JAGALALA,BHADELIJAGALALA,45,1385
VALSAD,VALSAD,BHAGAL,BHAGAL,8,743
VALSAD,VALSAD,BHAGDA KHURD,BHAGDAKHURD,21,336
VALSAD,VALSAD,BHAGDAWADA,BHAGDAWADA,84,895
VALSAD,VALSAD,BHAGOD,BHAGOD,5,595
VALSAD,VALSAD,BHANJI FALIYA,BHANJIFALIYA,3,778
VALSAD,VALSAD,BHOMA PARDI,BHOMAPARDI,17,554
VALSAD,VALSAD,BHUTSAR,BHUTSAR,19,856
VALSAD,VALSAD,BINWADA,BINWADA,16,1789
VALSAD,VALSAD,BODLAI,BODLAI,34,465
VALSAD,VALSAD,CHANVAI,CHANVAI,49,1252
VALSAD,VALSAD,CHHARVADA,CHHARVADA,7,1242
VALSAD,VALSAD,CHICHWADA,CHICHWADA,16,497
VALSAD,VALSAD,CHIKHLA,CHIKHLA,88,9956
VALSAD,VALSAD,CHINCHAI,CHINCHAI,19,287
VALSAD,VALSAD,DANDI,DANDI,8,1028
VALSAD,VALSAD,DHAMDACHI,DHAMDACHI,43,815
VALSAD,VALSAD,DHANORI,DHANORI,20,1325
VALSAD,VALSAD,DHARASNA,DHARASNA,7,749
VALSAD,VALSAD,DIVED,DIVED,6,422
VALSAD,VALSAD,DULSAD,DULSAD,49,820
VALSAD,VALSAD,DUNGRI,DUNGRI,69,2468
VALSAD,VALSAD,ENDERGOTA,ENDERGOTA,22,668
VALSAD,VALSAD,FALDHARA,FALDHARA,38,1894
VALSAD,VALSAD,FANASWADA,FANASWADA,13,768
VALSAD,VALSAD,GADARIA,GADARIA,26,1230
VALSAD,VALSAD,GHADOI,GHADOI,12,697
VALSAD,VALSAD,GORGAM,GORGAM,6,1787
VALSAD,VALSAD,GORWADA,GORWADA,13,402
VALSAD,VALSAD,GUNDLAV,GUNDLAV,53,335
VALSAD,VALSAD,HARIYA,HARIYA,4,753
VALSAD,VALSAD,JESHPOR,JESHPOR,12,871
VALSAD,VALSAD,JUJWA,JUJWA,33,815
VALSAD,VALSAD,KACHIGAM,KACHIGAM,17,591
VALSAD,VALSAD,KAKADMATI,KAKADMATI,41,397
VALSAD,VALSAD,KAKWADI DANTI,KAKWADIDANTI,37,4083
VALSAD,VALSAD,KALWADA,KALWADA,58,1359
VALSAD,VALSAD,KANJAN HARI,KANJANHARI,19,1597
VALSAD,VALSAD,KANJAN RANCHHOD,KANJANRANCHHOD,17,1510
VALSAD,VALSAD,KAPARIA,KAPARIA,40,886
VALSAD,VALSAD,KEWADA,KEWADA,16,138
VALSAD,VALSAD,KHAJURDI,KHAJURDI,28,727
VALSAD,VALSAD,KOCHWADA,KOCHWADA,15,325
VALSAD,VALSAD,KOSAMBA,KOSAMBA,20,788
VALSAD,VALSAD,KOSAMKUWA,KOSAMKUWA,26,232
VALSAD,VALSAD,KUNDI,KUNDI,56,1006
VALSAD,VALSAD,LILAPORE,LILAPORE,44,739
VALSAD,VALSAD,MAGOD,MAGOD,9,1237
VALSAD,VALSAD,MAGOD DUNGARI,MAGODDUNGARI,8,440
VALSAD,VALSAD,MALVAN,MALVAN,21,2676
VALSAD,VALSAD,MARALA,MARALA,48,1603
VALSAD,VALSAD,MEH,MEH,1,697
VALSAD,VALSAD,MULI,MULI,14,551
VALSAD,VALSAD,NANAKWADA,NANAKWADA,28,349
VALSAD,VALSAD,NANDAWALA,NANDAWALA,27,329
VALSAD,VALSAD,NAVERA,NAVERA,16,1029
VALSAD,VALSAD,OLGAM,OLGAM,10,636
VALSAD,VALSAD,OVADA,OVADA,14,505
VALSAD,VALSAD,OZAR,OZAR,56,898
VALSAD,VALSAD,PALAN,PALAN,37,843
VALSAD,VALSAD,PANCHLAI,PANCHLAI,5,279
VALSAD,VALSAD,PARDI HARIYA,PARDIHARIYA,2,34
VALSAD,VALSAD,PARDI PARNERA,PARDIPARNERA,96,1867
VALSAD,VALSAD,PARDI SANDHPOR,PARDISANDHPOR,18,245
VALSAD,VALSAD,PARNERA,PARNERA,69,1339
VALSAD,VALSAD,PATHRI,PATHRI,18,490
VALSAD,VALSAD,PITHA,PITHA,18,1069
VALSAD,VALSAD,RABADA,RABADA,26,857
VALSAD,VALSAD,ROLA,ROLA,29,1042
VALSAD,VALSAD,RONVEL,RONVEL,75,1272
VALSAD,VALSAD,SARANGPUR,SARANGPUR,14,211
VALSAD,VALSAD,SARODHI,SARODHI,74,596
VALSAD,VALSAD,SARON,SARON,37,725
VALSAD,VALSAD,SEGVA,SEGVA,41,398
VALSAD,VALSAD,SEGVI,SEGVI,20,374
VALSAD,VALSAD,SHANKER TALAV,SHANKERTALAV,7,359
VALSAD,VALSAD,SONWADA,SONWADA,11,976
VALSAD,VALSAD,SURWADA,SURWADA,5,1131
VALSAD,VALSAD,THAKKARWADA,THAKKARWADA,19,342
VALSAD,VALSAD,TIGHRA,TIGHRA,20,632
VALSAD,VALSAD,TITHAL,TITHAL,45,293
VALSAD,VALSAD,UMARSADI,UMARSADI,12,257
VALSAD,VALSAD,UNTDI,UNTDI,4,849
VALSAD,VALSAD,VAGHALDHARA,VAGHALDHARA,77,1012
VALSAD,VALSAD,VALANDI,VALANDI,13,475
VALSAD,VALSAD,VALVACH,VALVACH,37,1033
VALSAD,VALSAD,VANKAL,VANKAL,134,1671
VALSAD,VALSAD,VASAN,VASAN,28,705
VALSAD,VALSAD,VASHIYAR,VASHIYAR,28,139
VALSAD,VALSAD,VEJALPORE,VEJALPORE,10,422
